config,chunk_id,source,heading_path,start,end,tokens,body_tokens,chars,clean_start,clean_end,sections,units
A,71902ff9-2761-4dbc-a4bc-05634870de10,apple/apple_black_rot.txt,,0,980,340,269,1146,True,True,,
A,a6b49fb9-d71e-425b-805f-b0d0b1668118,apple/apple_black_rot.txt,,982,1880,318,247,1064,True,True,,
A,1d556725-4178-4b1f-ae80-47745b8de982,apple/apple_black_rot.txt,,1742,2636,343,272,1060,True,True,,
A,48c3bd91-9d0d-498e-a899-e0483fe48b51,apple/apple_black_rot.txt,,2638,3545,339,268,1073,True,True,,
A,3fcd15c8-0849-4fdf-aeed-09f08a812dab,apple/apple_black_rot.txt,,3484,4406,339,268,1088,True,True,,
A,95be2497-2c1d-4090-abdc-9d8d71b8dbd4,apple/apple_black_rot.txt,,4408,4817,181,110,575,True,True,,
A,54649cee-331c-4fa1-90f1-346b6286776b,apple/apple_black_rot.txt,,4785,5706,327,256,1087,True,True,,
A,8dd11a06-6f6c-475d-933f-743a1956ba22,apple/apple_black_rot.txt,,5708,6635,325,254,1093,True,True,,
A,f6369117-0ea7-4ad4-845d-0081617c5627,apple/apple_black_rot.txt,,6516,7509,329,258,1159,True,True,,
A,e8339a05-2dd0-4b0e-a439-6db7164a88c9,apple/apple_black_rot.txt,,7511,8505,334,263,1160,True,True,,
A,f3aa9bba-5bd2-42e6-8d86-4d209e83502a,apple/apple_black_rot.txt,,8435,9005,229,158,736,True,True,,
A,84a83877-9773-44c4-b404-e9fe2ca73a46,apple/apple_black_rot.txt,,8911,9498,243,172,753,True,True,,
A,48a60641-9bc6-42aa-a644-d768f3d69113,apple/apple_cedar_rust.txt,,0,983,404,290,1212,True,True,,
A,0ea8652b-4f8d-4416-a5d5-544403e79fa7,apple/apple_cedar_rust.txt,,862,1859,402,288,1226,True,True,,
A,2635f3b2-7893-428c-a67a-d0152d331286,apple/apple_cedar_rust.txt,,1730,2719,381,267,1218,True,True,,
A,be445c73-8814-438c-ad7d-98f54ecbf1cd,apple/apple_cedar_rust.txt,,2609,3594,386,272,1214,True,True,,
A,d895312b-8719-496e-bb2b-68a8c9c9afba,apple/apple_cedar_rust.txt,,3483,4460,390,276,1206,True,True,,
A,65db6a50-14ad-4d92-9795-9efc9f8a6332,apple/apple_cedar_rust.txt,,4462,5448,384,270,1215,True,True,,
A,9a87e7d1-60e8-45bc-87ed-53d2dd1559b8,apple/apple_cedar_rust.txt,,5309,6228,359,245,1148,True,True,,
A,4b709627-8be1-4a0b-9931-6e074d230186,apple/apple_cedar_rust.txt,,6101,6911,330,216,1039,True,True,,
A,a3dbd146-eaed-4a12-a9a3-a1b5063255a1,apple/apple_cedar_rust.txt,,6889,7758,329,215,1098,True,True,,
A,03697206-44d8-4d9b-aad4-ec7b070659f3,apple/apple_cedar_rust.txt,,7678,8590,367,253,1141,True,True,,
A,00b59d97-3e69-4f76-9ea2-28bc71d6aa89,apple/apple_cedar_rust.txt,,8557,8684,160,46,356,True,True,,
A,9f754992-8366-4155-b5d0-2095b1665419,apple/apple_cedar_rust.txt,,8592,9564,380,266,1201,True,True,,
A,2426fe8b-c5f5-49ce-a4f2-eb3964982030,apple/apple_scab.txt,,0,642,263,209,778,True,True,,
A,c0219a37-94e2-4901-97b9-253823745ec7,apple/apple_scab.txt,,644,1642,362,308,1134,True,True,,
A,d6c4c878-6fdd-40d7-a116-3469cc1165dc,apple/apple_scab.txt,,1644,2494,319,265,986,True,True,,
A,19f64055-46cb-4754-8b64-0fd7c90425c4,apple/apple_scab.txt,,2496,3436,330,276,1076,True,True,,
A,700752f2-1eea-4bc1-aee7-87d0b398db4c,apple/apple_scab.txt,,3404,4386,328,274,1118,True,True,,
A,bb5f1479-0637-4f45-915f-dc0ae7473ae9,apple/apple_scab.txt,,4388,5272,311,257,1020,True,True,,
A,ffbb572d-f1f5-4f23-86b9-eeb3013055b1,apple/apple_scab.txt,,5274,5585,134,80,447,True,True,,
A,fb513254-f7a3-42cd-a7f8-fd9ae255a5d9,cherry/cherry_powdery_mildew.txt,,0,902,341,245,1105,True,True,,
A,113ccf9b-c70d-4388-b035-a07c663b2288,cherry/cherry_powdery_mildew.txt,,774,1675,330,234,1104,True,True,,
A,0359115d-7590-43d8-843a-ea8a41e10152,cherry/cherry_powdery_mildew.txt,,1677,2656,346,250,1182,True,True,,
A,999dc358-4394-485d-8e12-70a323b0d456,cherry/cherry_powdery_mildew.txt,,2526,3469,358,262,1146,True,True,,
A,413ba10d-e1a0-4794-a94c-da4847b788b1,cherry/cherry_powdery_mildew.txt,,3388,4296,336,240,1111,True,True,,
A,f64232f1-3b42-44bc-800d-539a61536985,cherry/cherry_powdery_mildew.txt,,4266,5195,351,255,1132,True,True,,
A,a8712079-a75e-4b73-8d04-66dcb4d7df8c,cherry/cherry_powdery_mildew.txt,,5137,6083,343,247,1149,True,True,,
A,7627d329-0ba4-46bc-bdac-f48d9310ad9e,cherry/cherry_powdery_mildew.txt,,5987,6984,367,271,1200,True,True,,
A,40a913ba-c27a-4b75-bda4-d343e67ab396,cherry/cherry_powdery_mildew.txt,,6987,7879,332,236,1095,True,True,,
A,db7eef2f-aea8-40ba-b5d7-1e71d8f37df0,cherry/cherry_powdery_mildew.txt,,7797,8778,326,230,1184,True,True,,
A,e0b29956-94cf-4850-9e29-8acc655ae9db,cherry/cherry_powdery_mildew.txt,,8780,9753,348,252,1176,True,True,,
A,41e521cc-9c81-4862-a296-2f1c67d21309,cherry/cherry_powdery_mildew.txt,,9756,10747,363,267,1194,True,True,,
A,26838355-26ac-4c51-b776-0239c11ee32c,cherry/cherry_powdery_mildew.txt,,10632,11280,268,172,851,True,True,,
A,fd6aa486-3363-40cd-9ce0-b37b723cedbf,cherry/cherry_powdery_mildew.txt,,11282,12230,368,272,1151,True,True,,
A,fc94389b-c073-4466-9ea6-2f45755bd86c,cherry/cherry_powdery_mildew.txt,,12121,12580,217,121,662,True,True,,
A,7f475867-d49f-4c0d-97d1-421db26d4979,corn/corn_common_rust.txt,,0,949,346,261,1163,True,True,,
A,365627f6-0c45-4fc5-b06a-1ad287f63176,corn/corn_common_rust.txt,,805,1742,344,259,1151,True,True,,
A,2825d5a9-76e2-4b0e-8bf4-8f7135a14a7f,corn/corn_common_rust.txt,,1628,2551,351,266,1137,True,True,,
A,29fa5e0c-dd58-43ad-bb1f-be6044ed10b5,corn/corn_common_rust.txt,,2406,3348,376,291,1156,True,True,,
A,7802e5d4-d4a4-4840-ac5d-aba038c72cfd,corn/corn_common_rust.txt,,3286,4246,352,267,1174,True,True,,
A,3ef3230b-9b24-4fa0-955c-af01198444ad,corn/corn_common_rust.txt,,4108,5047,354,269,1153,True,True,,
A,3013cb1f-8356-4b6b-afc1-b5b4b54f852e,corn/corn_common_rust.txt,,4905,5842,325,240,1151,True,True,,
A,ed513cd0-25b9-4654-80d4-1d5c9b9743ef,corn/corn_common_rust.txt,,5766,6445,267,182,893,True,True,,
A,389d0d10-3120-48e2-8771-fc10134e0d84,corn/corn_common_rust.txt,,6297,7286,350,265,1203,True,True,,
A,e5a34a17-be14-4bba-83f9-5df24a990ad9,corn/corn_common_rust.txt,,7151,8094,349,264,1157,True,True,,
A,d0c30e48-fd00-4d74-bbc7-609c38f1442e,corn/corn_common_rust.txt,,8055,9028,373,288,1187,True,True,,
A,faf949a7-58f6-49e5-8290-b6f1be8a2f96,corn/corn_common_rust.txt,,8981,9978,370,285,1211,True,True,,
A,c4d4f584-f3a7-4752-b384-d034b640d92f,corn/corn_common_rust.txt,,9850,10843,382,297,1207,True,True,,
A,044ffdc1-0bc8-48ee-9e3c-dc9ace61e603,corn/corn_common_rust.txt,,10733,11689,371,286,1170,True,True,,
A,2281e1c6-d51a-452d-8b48-55a4a893db15,corn/corn_common_rust.txt,,11691,12052,184,99,575,True,True,,
A,be919a9d-2821-4c3b-978e-21a8ac16f98d,corn/corn_common_rust.txt,,12054,13017,362,277,1177,True,True,,
A,290e36db-9314-406a-8faf-e38c266d6b6b,corn/corn_common_rust.txt,,12888,13205,181,96,531,True,True,,
A,cd477668-4f78-4492-8300-dbc4e890d90f,corn/corn_gray_leaf_spot.txt,,0,999,393,306,1186,True,True,,
A,a0d76c93-644f-425c-8d1d-8c39661bd691,corn/corn_gray_leaf_spot.txt,,863,1815,340,253,1139,True,True,,
A,0f3e0871-24d3-43db-bc6e-300a6695a339,corn/corn_gray_leaf_spot.txt,,1704,2626,320,233,1109,True,True,,
A,78a3259a-b365-4653-8231-a23120d62358,corn/corn_gray_leaf_spot.txt,,2549,3481,362,275,1119,True,True,,
A,4cda6bc7-91d0-4918-ba64-fbc35758bd5d,corn/corn_gray_leaf_spot.txt,,3378,4338,357,270,1147,True,True,,
A,27cdec90-dda7-4385-9d65-b3fa58167eaf,corn/corn_gray_leaf_spot.txt,,4202,5164,357,270,1149,True,True,,
A,9a097c08-0c98-45d2-af06-796b790bbdc6,corn/corn_gray_leaf_spot.txt,,5029,6006,378,291,1164,True,True,,
A,0e8119e3-ef9d-4bb2-a3cc-7a76ccc3b474,corn/corn_gray_leaf_spot.txt,,5900,6742,350,263,1029,True,True,,
A,13e7043b-4d4c-499f-9d18-87517eb2bff0,corn/corn_gray_leaf_spot.txt,,6641,7559,364,277,1105,True,True,,
A,6bdf886e-64ff-42cb-9c3b-ec7c52e23816,corn/corn_gray_leaf_spot.txt,,7445,8436,383,296,1178,True,True,,
A,d62365ca-bca4-4bc8-aab7-3acaba097c74,corn/corn_gray_leaf_spot.txt,,8381,9330,357,270,1136,True,True,,
A,3b52f364-86db-495e-85aa-8042144981d7,corn/corn_gray_leaf_spot.txt,,9259,10085,313,226,1013,True,True,,
A,22c81bb0-0260-4aa2-89b2-e2331a335149,corn/corn_gray_leaf_spot.txt,,9958,10826,329,242,1055,True,True,,
A,ebc5573e-0491-4508-83d7-a35de35f7697,corn/corn_gray_leaf_spot.txt,,10689,11599,321,234,1097,True,True,,
A,c8fb5687-c007-4793-9fc9-733aeac97052,corn/corn_gray_leaf_spot.txt,,11491,12279,324,237,975,True,True,,
A,ec0b6311-d702-445d-9d20-b0cab4a576fa,corn/corn_gray_leaf_spot.txt,,12144,13060,343,256,1103,True,True,,
A,7d64de50-8568-4904-87c1-86fba37a434e,corn/corn_gray_leaf_spot.txt,,12983,13882,337,250,1086,True,True,,
A,b2e06434-cec1-4d6e-a586-a60f4d14cbd8,corn/corn_gray_leaf_spot.txt,,13884,14115,158,71,418,True,True,,
A,bbcc33b5-fa97-4e85-bcbd-9f4705187900,corn/corn_gray_leaf_spot.txt,,14117,15073,359,272,1143,True,True,,
A,6de25b0f-0c50-4d72-801e-26eb8afbd4d3,corn/corn_gray_leaf_spot.txt,,14928,15606,274,187,865,True,True,,
A,af3e6d62-8b2d-4de6-90ae-c9b1ae71653f,corn/corn_northern_leaf_blight.txt,,0,938,353,278,1122,True,True,,
A,48e4b111-0467-41a0-97a4-e72631f3e2df,corn/corn_northern_leaf_blight.txt,,816,1790,331,256,1158,True,True,,
A,2188d731-1068-4596-a6a4-da165b80becc,corn/corn_northern_leaf_blight.txt,,1690,2537,299,224,1031,True,True,,
A,0210515f-1b3a-4e40-a4e0-a92b15ed5512,corn/corn_northern_leaf_blight.txt,,2404,3399,350,275,1179,True,True,,
A,e651e0de-8196-4bd8-9a98-a8845b743459,corn/corn_northern_leaf_blight.txt,,3298,4287,360,285,1173,True,True,,
A,cfedbd6a-e78b-4893-b943-e410030efeef,corn/corn_northern_leaf_blight.txt,,4290,5263,344,269,1157,True,True,,
A,51585017-7e3a-468c-8b45-47dbd50ab14e,corn/corn_northern_leaf_blight.txt,,5146,6065,335,260,1103,True,True,,
A,9b7bed6a-b65a-4e3b-bf4d-9debf7452a6d,corn/corn_northern_leaf_blight.txt,,6009,7001,371,296,1176,True,True,,
A,c991cfff-5a24-4716-8083-51a9fd077562,corn/corn_northern_leaf_blight.txt,,6965,7807,320,245,1026,True,True,,
A,b22fcc8b-9aa6-474b-b9bd-19a5d3e0bb3d,corn/corn_northern_leaf_blight.txt,,7665,8559,337,262,1078,True,True,,
A,67e6c725-ad97-4508-adc5-292afa60d4e5,corn/corn_northern_leaf_blight.txt,,8469,9344,302,227,1059,True,True,,
A,0210843f-9b87-4d20-93c7-dc855d0e6308,corn/corn_northern_leaf_blight.txt,,9230,10180,345,270,1134,True,True,,
A,a7b92ecc-afb4-472a-96fb-345b6a083c4f,corn/corn_northern_leaf_blight.txt,,10061,11017,355,280,1140,True,True,,
A,33e97e9e-1b57-4dee-9eff-07acef2bfa11,corn/corn_northern_leaf_blight.txt,,10995,11969,357,282,1158,True,True,,
A,a29ac6a1-eebc-46ce-8e5a-fa2ea4d757bf,corn/corn_northern_leaf_blight.txt,,11862,12593,288,213,915,True,True,,
A,4af4474e-1733-49b9-954e-7ac7a900b505,corn/corn_northern_leaf_blight.txt,,12470,13453,361,286,1167,True,True,,
A,782fdd8d-574e-427b-aacf-93900b7f6b87,corn/corn_northern_leaf_blight.txt,,13455,14425,358,283,1154,True,True,,
A,bc004335-5205-4ace-8a6d-81773557d6d1,corn/corn_northern_leaf_blight.txt,,14318,14862,228,153,728,True,True,,
A,c5045610-b2f3-45a8-9ee4-ec869b66308c,grape/grape_esca.txt,,0,848,289,231,983,True,True,,
A,6f640d59-503e-4e26-b088-bf1d61e45678,grape/grape_esca.txt,,729,1679,309,251,1085,True,True,,
A,6d730801-ad79-4a2a-b1a2-0c85ef46a464,grape/grape_esca.txt,,1550,2495,326,268,1080,True,True,,
A,255b9865-2001-4dee-b67d-e9e66a0de9f5,grape/grape_esca.txt,,2366,3355,324,266,1124,True,True,,
A,b30f6dbf-4f65-4604-b4f6-1f93fe1ff8e4,grape/grape_esca.txt,,3283,4272,354,296,1124,True,True,,
A,861df2e3-c97b-45b4-86fe-288b10efe97e,grape/grape_esca.txt,,4176,5165,345,287,1124,True,True,,
A,dbb6ec13-003f-404e-a3a8-4600ecbd9f38,grape/grape_esca.txt,,5070,6030,324,266,1095,True,True,,
A,c17492c7-de80-4c8f-bb77-fb29bc35f02a,grape/grape_esca.txt,,5908,6900,316,258,1127,True,True,,
A,2d5974c3-17b9-4611-aa9d-137cfa6817cd,grape/grape_esca.txt,,6845,7733,315,257,1023,True,True,,
A,74594316-03d4-47e1-83d2-827ed96ff78d,grape/grape_esca.txt,,7627,8528,317,259,1036,True,True,,
A,b64218af-77f2-4763-b6ab-8b8bf1496207,grape/grape_esca.txt,,8402,9300,314,256,1033,True,True,,
A,e7005370-1356-4d49-9079-f60d79fd9900,grape/grape_esca.txt,,9172,9990,291,233,953,True,True,,
A,abc2fea0-365b-4ccd-8e36-e3f7726e8f7d,grape/grape_esca.txt,,9909,10844,314,256,1070,True,True,,
A,a2cf04a8-cd09-4fea-8427-4bdf5bf1328c,grape/grape_esca.txt,,10846,11815,325,267,1104,True,True,,
A,3fb4c1df-f6c8-4744-9e44-a10bf74f6e72,grape/grape_esca.txt,,11817,12715,306,248,1033,True,True,,
A,a687cd60-214d-48f0-bfea-fb53b3ccb7cd,grape/grape_esca.txt,,12600,13571,344,286,1106,True,True,,
A,28b3a471-9802-4598-8689-5192fcabd9b3,grape/grape_esca.txt,,13427,13979,232,174,687,True,True,,
A,927fe068-16a8-424a-82ca-63f2b2801d69,grape/grape_esca.txt,,13981,14947,333,275,1101,True,True,,
A,def6cfe8-8a1f-47a6-968b-eedc7fb2252e,grape/grape_esca.txt,,14816,15471,230,172,790,True,True,,
A,13c375d5-42e9-418a-b4de-7dde0899163e,peach/peach_bacterial_spot.txt,,0,976,372,278,1173,True,True,,
A,59eb661b-5cb2-452a-a90e-a881262a2960,peach/peach_bacterial_spot.txt,,883,1857,375,281,1171,True,True,,
A,60902bab-9a5a-4f5f-a7f2-d0cc553a214f,peach/peach_bacterial_spot.txt,,1782,2778,366,272,1193,True,True,,
A,c583f1ef-f546-4f8b-bb0c-87b7a59a0e9f,peach/peach_bacterial_spot.txt,,2659,3593,351,257,1131,True,True,,
A,618a0dc6-9c1d-4c81-a4d2-6e3aa4602d06,peach/peach_bacterial_spot.txt,,3451,4430,380,286,1176,True,True,,
A,1c04974a-9538-4f6c-8222-4d8ee9648f3f,peach/peach_bacterial_spot.txt,,4294,5245,384,290,1148,True,True,,
A,b199ab83-31c2-4f92-b801-3c0fcc54cd96,peach/peach_bacterial_spot.txt,,5130,6112,411,317,1179,True,True,,
A,2a35e945-f1f4-4aeb-a2ee-26d058f5e974,peach/peach_bacterial_spot.txt,,5968,6884,353,259,1113,True,True,,
A,0a4ef707-5818-4e08-8148-2d0d12eb13f1,peach/peach_bacterial_spot.txt,,6742,7702,374,280,1157,True,True,,
A,e9268979-403e-4cf0-a96e-6f3ba6e7285e,peach/peach_bacterial_spot.txt,,7604,8589,355,261,1182,True,True,,
A,50d2d3d3-2c7a-41ec-bfa8-51a7695efefb,peach/peach_bacterial_spot.txt,,8456,9435,347,253,1176,True,True,,
A,5e7b0e68-ba08-40e2-9b46-4e20b6201301,peach/peach_bacterial_spot.txt,,9303,10184,361,267,1078,True,True,,
A,7bae7ac6-1e79-4773-8722-6b64ed9001dd,peach/peach_bacterial_spot.txt,,10186,10455,172,78,466,True,True,,
A,cd108183-1e34-448e-9c59-96cd48361e2f,peach/peach_bacterial_spot.txt,,10457,11409,378,284,1149,True,True,,
A,fc788b15-88e0-4cb7-ac9f-35c2b5a72b5f,peach/peach_bacterial_spot.txt,,11298,11858,241,147,757,True,True,,
A,5458ffbd-0745-4dc8-8566-b4e8a1d06cdd,pepper_bell/pepper_bell_bacterial_spot.txt,,0,908,363,261,1126,True,True,,
A,c07ea898-0df6-4e08-b4ca-fcfe58437164,pepper_bell/pepper_bell_bacterial_spot.txt,,775,1738,377,275,1181,True,True,,
A,4f761985-31e9-4a83-ab99-3dbaeeb0ce73,pepper_bell/pepper_bell_bacterial_spot.txt,,1595,2584,368,266,1207,True,True,,
A,727d3d1f-5712-4bb1-a986-fd25ed4f6802,pepper_bell/pepper_bell_bacterial_spot.txt,,2460,3387,365,263,1145,True,True,,
A,480c29d9-f806-4251-a402-0d2eb5704714,pepper_bell/pepper_bell_bacterial_spot.txt,,3307,4301,368,266,1212,True,True,,
A,10ca4cb5-672e-43ce-b63f-ed7bccec86bb,pepper_bell/pepper_bell_bacterial_spot.txt,,4153,5103,361,259,1168,True,True,,
A,c3664b5f-03fc-418c-9a74-6974ccb0edbb,pepper_bell/pepper_bell_bacterial_spot.txt,,5012,5992,378,276,1198,True,True,,
A,dfd94289-9b14-45c6-bc2f-264fd31110bc,pepper_bell/pepper_bell_bacterial_spot.txt,,5995,6946,365,263,1169,True,True,,
A,473ce4e9-97a0-4b41-a4be-1982d5a0f0b3,pepper_bell/pepper_bell_bacterial_spot.txt,,6919,7859,358,256,1158,True,True,,
A,eae0ea99-e86a-49d9-a4ec-b70dafa8f8ea,pepper_bell/pepper_bell_bacterial_spot.txt,,7747,8740,363,261,1211,True,True,,
A,cf8105a7-04de-4e53-995a-1c46e00c5935,pepper_bell/pepper_bell_bacterial_spot.txt,,8710,9703,369,267,1211,True,True,,
A,d4510586-0cc9-4ed0-b824-e500f4d4aeba,pepper_bell/pepper_bell_bacterial_spot.txt,,9606,10581,348,246,1193,True,True,,
A,8a65505c-4fc0-45b2-aa05-bac9c9eafb89,pepper_bell/pepper_bell_bacterial_spot.txt,,10502,11482,374,272,1198,True,True,,
A,67d2753c-0c41-456a-a9be-e5e3e9cabfb3,pepper_bell/pepper_bell_bacterial_spot.txt,,11395,12366,387,285,1189,True,True,,
A,66fa1919-80aa-4bfd-9f87-5150b1080216,pepper_bell/pepper_bell_bacterial_spot.txt,,12224,13221,402,300,1215,True,True,,
A,b4192410-1056-43e2-8894-d969de802f46,pepper_bell/pepper_bell_bacterial_spot.txt,,13223,14175,391,289,1170,True,True,,
A,9488883a-f223-493d-ba41-9754a5303e30,pepper_bell/pepper_bell_bacterial_spot.txt,,14133,14859,309,207,944,True,True,,
A,0140fdc2-8660-479f-b0a0-e796470fe6d0,pepper_bell/pepper_bell_bacterial_spot.txt,,14861,15798,362,260,1155,True,True,,
A,a3147389-1e69-4400-8053-8d2bdf505501,pepper_bell/pepper_bell_bacterial_spot.txt,,15654,16344,287,185,908,True,True,,
A,4b9f1dc9-14f6-42f9-a9d6-f73afb3c4e31,potato/potato_earrly_blight.txt,,0,966,377,279,1164,True,True,,
A,a5e8cad0-7d2d-4754-a406-8e62c86d3d72,potato/potato_earrly_blight.txt,,842,1758,361,263,1114,True,True,,
A,2e37dd24-3880-4f71-865f-4bc4f18de566,potato/potato_earrly_blight.txt,,1638,2589,370,272,1149,True,True,,
A,fade1994-9fd7-40b7-a2a7-f5119fdefb87,potato/potato_earrly_blight.txt,,2447,3436,386,288,1187,True,True,,
A,826cd2f8-1e55-409c-b22d-4626e3d87e2c,potato/potato_earrly_blight.txt,,3319,4265,371,273,1144,True,True,,
A,78dc8b01-fc15-4409-be84-da321f3ca156,potato/potato_earrly_blight.txt,,4142,5118,394,296,1174,True,True,,
A,f745f486-ee5e-41ab-9ef2-fcc6bbfba208,potato/potato_earrly_blight.txt,,4989,5939,371,273,1148,True,True,,
A,4ee5feac-115f-4f54-b835-a66ed23d7d8e,potato/potato_earrly_blight.txt,,5813,6762,383,285,1147,True,True,,
A,2fb96141-1736-4543-8fe6-802915338e0e,potato/potato_earrly_blight.txt,,6659,7635,377,279,1174,True,True,,
A,13fda710-db32-4b5b-80a9-8400ae2ed985,potato/potato_earrly_blight.txt,,7541,8476,357,259,1133,True,True,,
A,7a97879a-2d19-4334-b02c-d678d35d0a8f,potato/potato_earrly_blight.txt,,8411,9387,379,281,1174,True,True,,
A,2f432f2f-a16c-4e80-8c30-bd6cd42907de,potato/potato_earrly_blight.txt,,9313,10272,371,273,1157,True,True,,
A,833dacc1-d857-4592-99b2-107176a86b6e,potato/potato_earrly_blight.txt,,10260,11198,354,256,1136,True,True,,
A,2c73e315-3c51-45e8-bac7-193f3afdc8b5,potato/potato_earrly_blight.txt,,11154,12125,366,268,1169,True,True,,
A,d53a352b-5ffa-4eb3-bbe0-d85641c5228a,potato/potato_earrly_blight.txt,,11981,12517,249,151,734,True,True,,
A,6adb3856-9df4-4e3b-b83d-2e52990356ec,potato/potato_earrly_blight.txt,,12398,13338,382,284,1138,True,True,,
A,003b283f-4ac8-41a4-b414-22b64cc309a5,potato/potato_earrly_blight.txt,,13199,14162,373,275,1161,True,True,,
A,a0b73de9-fd20-4013-8841-649f078980b4,potato/potato_earrly_blight.txt,,14062,14298,167,69,434,True,True,,
A,db8ab13e-8c6d-440f-8f8d-6cbfcff767d9,potato/potato_earrly_blight.txt,,14300,15251,363,265,1149,True,True,,
A,33b89be5-ae5d-4e62-8966-24c1f632718e,potato/potato_earrly_blight.txt,,15110,15821,292,194,909,True,True,,
A,6098f297-6ad8-4e5f-b477-4d1838a68708,squash/squash_powdery_mildew.txt,,0,984,370,279,1172,True,True,,
A,03ec5d60-4535-49bd-81e2-81829036e9df,squash/squash_powdery_mildew.txt,,847,1842,380,289,1183,True,True,,
A,eddd47d8-c552-43ba-b28d-90b8735fc304,squash/squash_powdery_mildew.txt,,1773,2764,376,285,1179,True,True,,
A,e5a2d6d7-4ac8-4f00-9b84-2a3bd8072e44,squash/squash_powdery_mildew.txt,,2635,3625,352,261,1178,True,True,,
A,3cc49057-35c4-49aa-908c-1c034d52b2a8,squash/squash_powdery_mildew.txt,,3527,4516,377,286,1177,True,True,,
A,31b47740-e937-41d8-98f8-bb66c07774d2,squash/squash_powdery_mildew.txt,,4382,5361,378,287,1167,True,True,,
A,fd0576e4-424b-4a5e-95b2-521a64e88372,squash/squash_powdery_mildew.txt,,5260,6205,387,296,1133,True,True,,
A,cdae506c-02ab-4e35-b42a-31745bd74acf,squash/squash_powdery_mildew.txt,,6062,6988,341,250,1114,True,True,,
A,40ad010d-b244-4344-b2df-12039a4a3ba9,squash/squash_powdery_mildew.txt,,6891,7785,345,254,1082,True,True,,
A,d5599bd1-7e97-4338-84a9-15edb10448d5,squash/squash_powdery_mildew.txt,,7695,8636,360,269,1129,True,True,,
A,4baff765-ceff-439d-95f8-8e162940463c,squash/squash_powdery_mildew.txt,,8617,9521,341,250,1092,True,True,,
A,335f2daa-c0b5-4102-9a28-d7cfd8055926,squash/squash_powdery_mildew.txt,,9378,10324,331,240,1134,True,True,,
A,2091a026-d31c-4569-badb-f6d01f1098e6,squash/squash_powdery_mildew.txt,,10176,11119,346,255,1131,True,True,,
A,427d1940-e650-4979-b138-d4f536fd6d37,squash/squash_powdery_mildew.txt,,10980,11878,322,231,1086,True,True,,
A,254acffa-88b3-44bd-8444-5d769e54ccfa,squash/squash_powdery_mildew.txt,,11752,12375,263,172,811,True,True,,
A,0f4fa656-7aee-4466-9cdf-7544b0462c4f,squash/squash_powdery_mildew.txt,,12257,13227,383,292,1158,True,True,,
A,5850fbb4-9f97-45d0-b3bf-f8b60f9d6429,squash/squash_powdery_mildew.txt,,13229,14205,362,271,1164,True,True,,
A,27b4d0bb-b062-4ac6-bc02-546663ccc22e,squash/squash_powdery_mildew.txt,,14207,15197,365,274,1178,True,True,,
A,cbbec4f3-bfc8-476e-86fc-399fd327869a,squash/squash_powdery_mildew.txt,,15078,15527,213,122,637,True,True,,
A,165ae592-3e42-47ee-abb8-34766316f4d0,strawberry/strawberry_leaf_scorch.txt,,0,952,366,273,1142,True,True,,
A,7bc569d7-4c14-477c-97a0-3b76a21e66af,strawberry/strawberry_leaf_scorch.txt,,817,1765,365,272,1138,True,True,,
A,116e7270-526e-492c-9bfc-fde1924f7f84,strawberry/strawberry_leaf_scorch.txt,,1617,2603,378,285,1176,True,True,,
A,0af856e2-a265-4cbc-a593-1436e1a064d2,strawberry/strawberry_leaf_scorch.txt,,2606,3600,388,295,1184,True,True,,
A,93753d12-8cbb-467e-9a83-55bacbc37b2f,strawberry/strawberry_leaf_scorch.txt,,3461,4362,364,271,1091,True,True,,
A,9229d1ff-c9d1-4fb6-a816-6b6dbb4fe023,strawberry/strawberry_leaf_scorch.txt,,4222,5104,365,272,1072,True,True,,
A,27032ac3-546b-4c1b-b7fa-6d9875cc4f6e,strawberry/strawberry_leaf_scorch.txt,,4986,5968,385,292,1172,True,True,,
A,27ef39d3-8dfb-4458-8a34-8ed210379b73,strawberry/strawberry_leaf_scorch.txt,,5838,6807,368,275,1159,True,True,,
A,115a77f7-7d4a-4f9a-80df-62b23ebd5682,strawberry/strawberry_leaf_scorch.txt,,6731,7716,380,287,1175,True,True,,
A,e91ab2c1-1338-4bf4-84d4-cb080309e3c3,strawberry/strawberry_leaf_scorch.txt,,7632,8626,367,274,1184,True,True,,
A,b3e089f3-eca8-444b-bdb4-9a3d4ce6cd08,strawberry/strawberry_leaf_scorch.txt,,8550,9159,270,177,799,True,True,,
A,8f65bb94-0215-440e-a3cb-a9291a867641,strawberry/strawberry_leaf_scorch.txt,,9044,10026,400,307,1172,True,True,,
A,55436f7f-7c25-4973-96dd-65b807336f95,strawberry/strawberry_leaf_scorch.txt,,9925,10715,324,231,980,True,True,,
A,196d02f1-effb-4790-ac73-d3b98be8cb5b,strawberry/strawberry_leaf_scorch.txt,,10717,11664,368,275,1137,True,True,,
A,13217bda-8a85-4045-885d-c1988abb9d2c,strawberry/strawberry_leaf_scorch.txt,,11518,11946,216,123,618,True,True,,
A,517df43c-211b-458b-a753-6be79a33ed86,tomato/toamto_mosaic_virus.txt,,0,989,372,284,1196,True,True,,
A,6234343c-061c-4d54-b86b-d07359f92140,tomato/toamto_mosaic_virus.txt,,863,1848,375,287,1192,True,True,,
A,2c2d154a-05c9-4b8c-b804-a3fbabd42cf1,tomato/toamto_mosaic_virus.txt,,1748,2681,365,277,1140,True,True,,
A,462c2836-3b8d-4aed-b615-a9cc48db2090,tomato/toamto_mosaic_virus.txt,,2683,3667,375,287,1191,True,True,,
A,a106b774-4aac-4b67-876d-59b86900349f,tomato/toamto_mosaic_virus.txt,,3614,4544,388,300,1137,True,True,,
A,6f2be115-72d4-43c8-9f8e-346070c3e6ac,tomato/toamto_mosaic_virus.txt,,4403,5391,373,285,1195,True,True,,
A,835da800-afc8-4722-9a01-e448d0a2de18,tomato/toamto_mosaic_virus.txt,,5250,6228,377,289,1185,True,True,,
A,ffd09c0f-c93a-41ed-a902-1f464c311cd9,tomato/toamto_mosaic_virus.txt,,6104,7012,343,255,1115,True,True,,
A,3aad4553-bdc3-42f0-a313-ac460889b48d,tomato/toamto_mosaic_virus.txt,,6936,7824,331,243,1095,True,True,,
A,24b95c2c-7f16-40cb-8f20-6bb19d9f9d44,tomato/toamto_mosaic_virus.txt,,7725,8674,359,271,1156,True,True,,
A,e2072db9-5940-4b00-8049-29487fbce39a,tomato/toamto_mosaic_virus.txt,,8574,9547,355,267,1180,True,True,,
A,3ede925e-f69a-44cf-bed0-faa4326763d4,tomato/toamto_mosaic_virus.txt,,9404,10357,354,266,1160,True,True,,
A,63eb2374-fba7-4ba9-a4a9-f17674337438,tomato/toamto_mosaic_virus.txt,,10304,11300,401,313,1203,True,True,,
A,2d607847-8ec2-4e86-8a03-8af0f02b1afb,tomato/toamto_mosaic_virus.txt,,11153,12145,408,320,1199,True,True,,
A,3c9be1e0-e273-49e2-a3e5-6ce79075a506,tomato/toamto_mosaic_virus.txt,,12056,12917,345,257,1068,True,True,,
A,03704193-d7d4-4ad2-9e2a-796bea9e127b,tomato/toamto_mosaic_virus.txt,,12919,13910,365,277,1198,True,True,,
A,db90e19e-6b0d-44da-b33a-5f5b39568227,tomato/toamto_mosaic_virus.txt,,13809,14109,164,76,507,True,True,,
A,bc3f2b84-389d-49f8-81bf-2c6feb45b170,tomato/tomato_bacterial_spot.txt,,0,977,369,272,1188,True,True,,
A,989d70ae-238a-4200-b1c0-6462372fb03c,tomato/tomato_bacterial_spot.txt,,873,1743,364,267,1081,True,True,,
A,39f89021-2286-444e-ad68-65e6c943b1d9,tomato/tomato_bacterial_spot.txt,,1623,2615,379,282,1203,True,True,,
A,6a282ff5-3d4c-4b13-be43-60e5c8b3f623,tomato/tomato_bacterial_spot.txt,,2504,3401,355,258,1108,True,True,,
A,f4609b09-f2ad-4a8f-841d-8c3ad4f96863,tomato/tomato_bacterial_spot.txt,,3313,4250,361,264,1148,True,True,,
A,79e25a13-7335-45e4-a05f-04c5ef535667,tomato/tomato_bacterial_spot.txt,,4107,5097,365,268,1201,True,True,,
A,2686d396-9ff0-460d-a3e6-d55c956533ee,tomato/tomato_bacterial_spot.txt,,4967,5952,378,281,1196,True,True,,
A,9501bd8e-e1ca-404c-94d3-60831aa8feca,tomato/tomato_bacterial_spot.txt,,5824,6723,347,250,1110,True,True,,
A,1ee3ab1d-a204-4d95-a9a2-308ad7a0a452,tomato/tomato_bacterial_spot.txt,,6600,7598,379,282,1209,True,True,,
A,5fcce0a3-1bf5-4529-ba47-282a2d1ac679,tomato/tomato_bacterial_spot.txt,,7456,8420,350,253,1175,True,True,,
A,c1ae78c1-1832-41ed-862b-1a60ec91e859,tomato/tomato_bacterial_spot.txt,,8305,9263,370,273,1169,True,True,,
A,2dac8335-d0ae-49ff-a401-6d630098742a,tomato/tomato_bacterial_spot.txt,,9163,9849,311,214,897,True,True,,
A,cc02a5b9-f37a-4d2b-89b0-0093d1274523,tomato/tomato_bacterial_spot.txt,,9729,10575,363,266,1057,True,True,,
A,91ea9a06-203a-4061-beae-527c4cfd4273,tomato/tomato_bacterial_spot.txt,,10481,11408,380,283,1138,True,True,,
A,2e3c2ed7-d899-441f-b849-aee993bc93f7,tomato/tomato_bacterial_spot.txt,,11375,11510,143,46,346,True,True,,
A,d8bcdcd2-6938-420a-b48e-975c9696c138,tomato/tomato_bacterial_spot.txt,,11512,12474,374,277,1173,True,True,,
A,7146c358-d2e0-4b61-b0c3-55b5bcd3fdaf,tomato/tomato_bacterial_spot.txt,,12330,12914,255,158,795,True,True,,
A,015a63c8-78ea-4e0b-ba97-65b2ea46ff59,tomato/tomato_early_blight.txt,,0,956,363,271,1145,True,True,,
A,76a11715-b294-4996-8177-0d18b3191fdc,tomato/tomato_early_blight.txt,,817,1796,352,260,1168,True,True,,
A,a5df4023-a049-40a4-bda9-780a49706403,tomato/tomato_early_blight.txt,,1709,2697,366,274,1177,True,True,,
A,5b1a87b9-56c3-42f1-9ae4-fb92369b62f7,tomato/tomato_early_blight.txt,,2550,3531,380,288,1170,True,True,,
A,0b10b640-ccd3-4098-9c5d-4f6a307231ac,tomato/tomato_early_blight.txt,,3470,4463,356,264,1182,True,True,,
A,447b49c2-2ea5-4b09-863c-d93e94549e3d,tomato/tomato_early_blight.txt,,4373,5356,390,298,1172,True,True,,
A,aa526c24-0550-469a-813b-b0890127ceb9,tomato/tomato_early_blight.txt,,5255,6237,369,277,1171,True,True,,
A,101a31bc-d4f4-4d90-a316-d1fa4128bb12,tomato/tomato_early_blight.txt,,6240,7193,360,268,1142,True,True,,
A,7af1316f-2b30-4834-a208-09f30831040c,tomato/tomato_early_blight.txt,,7089,8041,369,277,1141,True,True,,
A,2ec80a7f-6d57-40c1-8d8b-64e7e69ca952,tomato/tomato_early_blight.txt,,7921,8600,306,214,868,True,True,,
A,b7cd3eb9-f1ad-489d-9305-0ac0b2f25eba,tomato/tomato_early_blight.txt,,8480,9454,390,298,1163,True,True,,
A,29606717-7487-41bf-91c8-99140504f890,tomato/tomato_early_blight.txt,,9355,10180,319,227,1014,True,True,,
A,7dccb469-8942-4ce9-9902-fdf6c5f26076,tomato/tomato_early_blight.txt,,10182,11139,359,267,1146,True,True,,
A,75f4ca83-f4df-4d2e-bde6-0458ef5aae6e,tomato/tomato_early_blight.txt,,11034,11369,184,92,524,True,True,,
A,494679b0-4c63-4af5-96fe-ed0ca5cd02a4,tomato/tomato_late_blight.txt,,0,997,390,293,1207,True,True,,
A,db11c006-b3a8-48ba-a94e-36de2d21c808,tomato/tomato_late_blight.txt,,863,1861,391,294,1208,True,True,,
A,de402009-5dba-410d-bedf-0c508ed08e04,tomato/tomato_late_blight.txt,,1765,2762,391,294,1207,True,True,,
A,16adc0e0-245f-4082-aac8-d99e6cb81eb3,tomato/tomato_late_blight.txt,,2646,3538,364,267,1102,True,True,,
A,cb9a1d14-a428-4c56-8775-639c88f2b45a,tomato/tomato_late_blight.txt,,3402,4389,368,271,1197,True,True,,
A,8864b163-4935-43da-8b68-7cc617a18177,tomato/tomato_late_blight.txt,,4392,5331,395,298,1149,True,True,,
A,3c92aeea-b160-49ee-92ad-7502d1d9a327,tomato/tomato_late_blight.txt,,5205,6177,404,307,1182,True,True,,
A,1abd6069-b155-48ea-b688-8decefc18f62,tomato/tomato_late_blight.txt,,6030,6927,371,274,1107,True,True,,
A,9a6d8e92-6ce6-4580-803a-f0cfe15d0ede,tomato/tomato_late_blight.txt,,6815,7801,374,277,1196,True,True,,
A,da464bd7-eb9b-45bb-a15f-830cf56eb324,tomato/tomato_late_blight.txt,,7665,8518,333,236,1063,True,True,,
A,ad1adb24-b768-4934-b0c2-131805d2938e,tomato/tomato_late_blight.txt,,8410,9391,351,254,1191,True,True,,
A,71ae929c-9083-4971-955c-6e820e32da01,tomato/tomato_late_blight.txt,,9375,10345,388,291,1180,True,True,,
A,3a5f9385-2739-441d-8825-197d68588000,tomato/tomato_late_blight.txt,,10207,11191,383,286,1194,True,True,,
A,2bc373e4-9c7f-4c66-b79c-f072a68f5484,tomato/tomato_late_blight.txt,,11193,12191,394,297,1208,True,True,,
A,1dccd582-161b-4a80-9a94-ebd8db9075bd,tomato/tomato_late_blight.txt,,12071,12877,326,229,1016,True,True,,
A,921233b4-bfb6-4354-bd86-78d3b84053af,tomato/tomato_late_blight.txt,,12879,13873,388,291,1204,True,True,,
A,f13df74d-4500-4852-a4b8-c0cfe86eca69,tomato/tomato_late_blight.txt,,13778,14306,235,138,738,True,True,,
A,0d6df9e2-3925-40a9-80d6-40c18e27171f,tomato/tomato_leaf_mold.txt,,0,973,360,275,1145,True,True,,
A,ff829244-f481-47f2-8c49-7f8c15c115bf,tomato/tomato_leaf_mold.txt,,929,1894,382,297,1137,True,True,,
A,97e83013-63fb-4a41-8167-cb76b8d66e44,tomato/tomato_leaf_mold.txt,,1805,2785,395,310,1152,True,True,,
A,cefc234d-3fd5-44e5-8685-132e61ed4220,tomato/tomato_leaf_mold.txt,,2683,3652,397,312,1141,True,True,,
A,69fa0721-8cd6-455b-9ebf-fa71188bac70,tomato/tomato_leaf_mold.txt,,3521,4483,388,303,1134,True,True,,
A,c89105f7-9643-476e-bb5b-40a911562d65,tomato/tomato_leaf_mold.txt,,4380,5327,357,272,1119,True,True,,
A,220a7748-ee4f-499f-8c2e-bace17e4a504,tomato/tomato_leaf_mold.txt,,5182,6141,364,279,1131,True,True,,
A,de4247e9-23ef-40fc-83ea-9bbf4e3085ee,tomato/tomato_leaf_mold.txt,,6064,7054,377,292,1162,True,True,,
A,ad34be7e-23fd-405c-a646-af1cc0b1a713,tomato/tomato_leaf_mold.txt,,6920,7854,361,276,1106,True,True,,
A,3529dca8-c9e9-4d11-8546-0d05ef13438f,tomato/tomato_leaf_mold.txt,,7765,8686,379,294,1093,True,True,,
A,c8deb6f4-9b09-4ba5-9168-b72b831f4774,tomato/tomato_leaf_mold.txt,,8573,9538,367,282,1137,True,True,,
A,8aca5632-adf3-468e-9c2d-92ea4e216f74,tomato/tomato_leaf_mold.txt,,9460,10449,358,273,1161,True,True,,
A,8d8c17da-0ce7-4373-8ff3-f627c82a639c,tomato/tomato_leaf_mold.txt,,10321,11228,318,233,1079,True,True,,
A,3087eedc-a397-46fb-84ec-78d020bae132,tomato/tomato_leaf_mold.txt,,11221,11789,239,154,740,True,True,,
A,93af78be-f322-42bf-890f-c5a122f67af0,tomato/tomato_leaf_mold.txt,,11654,12625,392,307,1143,True,True,,
A,5fcc01bb-a437-4b6c-bbc1-d838caa3bb32,tomato/tomato_leaf_mold.txt,,12511,13372,337,252,1033,True,True,,
A,b0f75f85-cfea-443b-af7f-de21d5d67a73,tomato/tomato_leaf_mold.txt,,13374,14371,380,295,1169,True,True,,
A,530f8fe3-069a-4d36-b040-64ea4043f220,tomato/tomato_leaf_mold.txt,,14223,14909,275,190,858,True,True,,
A,6708a144-8235-47c3-9e35-7a9c3f576a0e,tomato/tomato_septoria_leaf_spot.txt,,0,935,366,270,1170,True,True,,
A,3b73f24e-73b6-404c-9e13-c61771c195f2,tomato/tomato_septoria_leaf_spot.txt,,815,1780,386,290,1200,True,True,,
A,24e6c67d-c2fd-4add-aa2b-ab44a0d9b438,tomato/tomato_septoria_leaf_spot.txt,,1643,2633,397,301,1225,True,True,,
A,7c3a8e35-cf19-4ea9-901f-affc4aac62d9,tomato/tomato_septoria_leaf_spot.txt,,2493,3452,397,301,1194,True,True,,
A,94445148-0727-4e61-8c86-23790d0640c6,tomato/tomato_septoria_leaf_spot.txt,,3324,4298,396,300,1209,True,True,,
A,5b09704e-f757-42d5-8be6-9bb608028733,tomato/tomato_septoria_leaf_spot.txt,,4231,5184,399,303,1188,True,True,,
A,3862f19e-85c4-4aa4-b658-d635a2bd9446,tomato/tomato_septoria_leaf_spot.txt,,5045,6029,401,305,1219,True,True,,
A,8b21dba1-97c5-4722-b05c-488b93bd5da5,tomato/tomato_septoria_leaf_spot.txt,,5927,6904,406,310,1212,True,True,,
A,c48b6f30-10a0-46f9-8231-4a58ffc6c567,tomato/tomato_septoria_leaf_spot.txt,,6790,7708,383,287,1153,True,True,,
A,1e646f84-4ca7-4036-b491-b22cca0181ba,tomato/tomato_septoria_leaf_spot.txt,,7630,8252,269,173,857,True,True,,
A,2e9d08a4-d44c-4340-b09e-b654e531f34d,tomato/tomato_septoria_leaf_spot.txt,,8125,9092,399,303,1202,True,True,,
A,79596181-8389-4581-9979-5fcdbce0fb21,tomato/tomato_septoria_leaf_spot.txt,,9014,10001,371,275,1222,True,True,,
A,53172101-359f-47b5-be59-253450633fa4,tomato/tomato_septoria_leaf_spot.txt,,9916,10862,376,280,1181,True,True,,
A,17b4e46e-08f9-4902-8f40-6f246703491c,tomato/tomato_septoria_leaf_spot.txt,,10864,11828,400,304,1199,True,True,,
A,53364d05-5ec8-4683-a0f4-a124bd1adc89,tomato/tomato_septoria_leaf_spot.txt,,11830,12801,387,291,1206,True,True,,
A,992fb29d-80a2-4152-bd08-cf4a26458bb5,tomato/tomato_septoria_leaf_spot.txt,,12686,13211,245,149,760,True,True,,
A,eb23f3f4-635e-477c-a60b-77e1e65c01a6,tomato/tomato_spider_mites.txt,,0,984,360,292,1150,True,True,,
A,6b41418a-263b-42bb-aa12-b0a43cb1009f,tomato/tomato_spider_mites.txt,,862,1800,358,290,1104,True,True,,
A,8e853391-5037-4f03-a62d-81cf89fd663a,tomato/tomato_spider_mites.txt,,1748,2674,343,275,1092,True,True,,
A,da3531cf-1648-4c7f-91d6-2124c9fe05a1,tomato/tomato_spider_mites.txt,,2531,3446,344,276,1081,True,True,,
A,45b5e47b-49e5-4e17-bcc2-f127bd8c5336,tomato/tomato_spider_mites.txt,,3334,4318,392,324,1150,True,True,,
A,c2a95837-0962-43ce-9628-e268464165c2,tomato/tomato_spider_mites.txt,,4209,5188,381,313,1145,True,True,,
A,2349a27f-0223-419f-9a1b-563d97d9fb26,tomato/tomato_spider_mites.txt,,5045,5985,354,286,1106,True,True,,
A,2d72e39f-c957-421d-a79b-12eb2c34d3e7,tomato/tomato_spider_mites.txt,,5837,6792,339,271,1121,True,True,,
A,2ee0ad4b-368c-4511-b931-39ce8c2a54f9,tomato/tomato_spider_mites.txt,,6652,7596,364,296,1110,True,True,,
A,e17d278e-86f0-4541-ae96-a44efcdfa3ef,tomato/tomato_spider_mites.txt,,7482,8454,369,301,1138,True,True,,
A,65279ded-f5f8-42a7-9051-1413a3c0d692,tomato/tomato_spider_mites.txt,,8378,9355,392,324,1143,True,True,,
A,e849f7ca-a40b-4e3a-92ac-c5462c22a414,tomato/tomato_spider_mites.txt,,9357,10323,380,312,1132,True,True,,
A,7804dc46-f00e-4c61-9e72-1bf023b2d9ec,tomato/tomato_spider_mites.txt,,10179,11069,356,288,1056,True,True,,
A,40e2a6ff-9e94-4635-87cc-c278554adb3e,tomato/tomato_spider_mites.txt,,10963,11932,391,323,1135,True,True,,
A,a545e988-1e64-42f7-a0c9-24aa2bd471ad,tomato/tomato_spider_mites.txt,,11787,12759,359,291,1138,True,True,,
A,56a23f88-ce19-4803-af08-ec638dd4a7ca,tomato/tomato_spider_mites.txt,,12618,13456,321,253,1004,True,True,,
A,2b93b2dd-1fa9-4d4f-9256-72dfd806474f,tomato/tomato_spider_mites.txt,,13458,14444,357,289,1152,True,True,,
A,ec29dc81-0545-4bbc-a2f3-bb4a33c0af94,tomato/tomato_spider_mites.txt,,14309,14907,246,178,764,True,True,,
A,16c22418-0674-4e54-a4f2-07dae1ffe4be,tomato/tomato_target_spot.txt,,0,943,386,291,1145,True,True,,
A,f0fd5797-a5c5-4f5c-8c02-57dc4487340a,tomato/tomato_target_spot.txt,,807,1621,330,235,1016,True,True,,
A,243c70f0-3918-4f2c-b0e9-5126ad4a7399,tomato/tomato_target_spot.txt,,1490,2474,394,299,1186,True,True,,
A,01ed5aa3-73d9-4ddc-b04d-7147d8017c2e,tomato/tomato_target_spot.txt,,2334,3287,375,280,1155,True,True,,
A,0a63afc4-e8ae-46f2-91bf-28d9872789e7,tomato/tomato_target_spot.txt,,3163,4122,367,272,1161,True,True,,
A,3632dc26-c163-4f50-8c0a-8149736e41a1,tomato/tomato_target_spot.txt,,4045,4951,382,287,1108,True,True,,
A,a5a1aa35-f5a9-4836-bb6f-6bb3bffd2a0e,tomato/tomato_target_spot.txt,,4809,5793,389,294,1186,True,True,,
A,d5c92778-4abe-477c-aa10-fd57defc825d,tomato/tomato_target_spot.txt,,5700,6695,419,324,1197,True,True,,
A,2f5554b0-1cfa-492b-be36-cef87ce36789,tomato/tomato_target_spot.txt,,6554,7528,414,319,1176,True,True,,
A,9741a50e-9074-4f5b-98df-f48dc7954561,tomato/tomato_target_spot.txt,,7409,8385,429,334,1178,True,True,,
A,53b55d66-a7d4-4129-95f4-91f57b31812a,tomato/tomato_target_spot.txt,,8265,9174,380,285,1111,True,True,,
A,4f4ceaa7-7dca-4ba8-903a-4c4bb1a45b76,tomato/tomato_target_spot.txt,,9039,10027,395,300,1190,True,True,,
A,ea1c6261-79fe-4fe0-894e-e19809bbdaf2,tomato/tomato_target_spot.txt,,9909,10840,349,254,1133,True,True,,
A,425f45f2-3247-4546-8b9d-39ec82e8662d,tomato/tomato_target_spot.txt,,10696,11667,400,305,1173,True,True,,
A,03d71b01-2efc-4d66-8fbb-3271ea2a0167,tomato/tomato_target_spot.txt,,11581,12516,379,284,1137,True,True,,
A,ae0931c1-d4ae-4a7e-909c-1018c41e5219,tomato/tomato_target_spot.txt,,12426,13284,362,267,1060,True,True,,
A,2ed1c654-2278-478e-8053-9a697fd2edf7,tomato/tomato_target_spot.txt,,13147,14133,390,295,1188,True,True,,
A,4a5d10fe-45d9-4827-b1b5-c68cadc90d7d,tomato/tomato_target_spot.txt,,14045,14267,163,68,424,True,True,,
A,d0e7e190-5e45-4fb1-bb09-83f823cfd7f9,tomato/tomato_target_spot.txt,,14269,15231,388,293,1164,True,True,,
A,4de44a59-d983-46cc-b391-b59da6cac2d6,tomato/tomato_target_spot.txt,,15115,15760,281,186,847,True,True,,
A,c6049938-f88b-43a8-96d1-c0e91133aea0,tomato/tomato_yello_leaf_curl_virus.txt,,0,988,354,289,1152,True,True,,
A,27071977-7ae4-4911-8adf-ff52efe67e42,tomato/tomato_yello_leaf_curl_virus.txt,,878,1815,334,269,1101,True,True,,
A,ca013e22-3112-478e-a01b-8297e88ea91a,tomato/tomato_yello_leaf_curl_virus.txt,,1693,2666,350,285,1137,True,True,,
A,641cd073-6935-45d7-9795-a2ff7bc8ed3f,tomato/tomato_yello_leaf_curl_virus.txt,,2585,3455,316,251,1034,True,True,,
A,f63a7ebb-57d0-401e-afe6-f614f79e48a5,tomato/tomato_yello_leaf_curl_virus.txt,,3360,4352,368,303,1156,True,True,,
A,f4da55d1-d7a6-4d62-9e7c-55acfd13ba36,tomato/tomato_yello_leaf_curl_virus.txt,,4216,5208,371,306,1156,True,True,,
A,280f3ed3-5a4a-4a43-a5cd-9f8104903796,tomato/tomato_yello_leaf_curl_virus.txt,,5066,6029,344,279,1127,True,True,,
A,907d2711-908d-4857-804c-f663b4314e4a,tomato/tomato_yello_leaf_curl_virus.txt,,5951,6854,340,275,1067,True,True,,
A,2d741bf9-5997-49e0-b6fa-9c673e778fe6,tomato/tomato_yello_leaf_curl_virus.txt,,6716,7667,342,277,1115,True,True,,
A,9eaa5554-998b-4680-beaf-e562aabb2539,tomato/tomato_yello_leaf_curl_virus.txt,,7559,8545,342,277,1150,True,True,,
A,69640869-22a4-4b10-8b2a-8b9f9be26e90,tomato/tomato_yello_leaf_curl_virus.txt,,8480,9288,294,229,972,True,True,,
A,572b1bbb-cad5-4e6c-a39b-1fb75334ef47,tomato/tomato_yello_leaf_curl_virus.txt,,9179,10168,388,323,1153,True,True,,
A,81131aef-12e3-4a90-bf68-06e39764d88c,tomato/tomato_yello_leaf_curl_virus.txt,,10036,10985,357,292,1113,True,True,,
A,feb6346c-b087-43aa-92fa-96536043ac39,tomato/tomato_yello_leaf_curl_virus.txt,,10876,11857,346,281,1145,True,True,,
A,c75e3a41-3bc8-450d-b372-5863ee8bb737,tomato/tomato_yello_leaf_curl_virus.txt,,11751,12429,255,190,842,True,True,,
A,37477874-50a9-4a0f-af89-8824a9941ce9,tomato/tomato_yello_leaf_curl_virus.txt,,12431,13410,351,286,1143,True,True,,
A,71ef0af3-7e27-468b-812d-eea110059403,tomato/tomato_yello_leaf_curl_virus.txt,,13268,13798,212,147,694,True,True,,
B,5adf7f6c-6817-4dcf-8287-c7001cb6ac7d,apple/apple_black_rot.txt,,0,920,308,257,1086,True,True,4,4
B,94f1a0f9-d30e-4803-bdb2-b0660b7479e9,apple/apple_black_rot.txt,,922,1800,298,247,1044,True,True,1,3
B,e10ea024-21bb-415c-8219-07e4ef5cc75d,apple/apple_black_rot.txt,,1802,2773,335,284,1137,True,True,2,2
B,947aca82-3646-4f3d-9cc0-c6d50ef62b5b,apple/apple_black_rot.txt,,2664,3611,321,270,1113,True,True,2,2
B,c09a0727-c693-44d6-845d-fd6a19ac6b8e,apple/apple_black_rot.txt,,3613,4502,297,246,1055,True,True,1,1
B,f7ca4c20-b214-458d-9c78-3a11b263ed77,apple/apple_black_rot.txt,,4489,5440,315,264,1117,True,True,1,1
B,032fb319-b1c8-418f-98fc-5addc94fa1a0,apple/apple_black_rot.txt,,5442,6349,306,255,1073,True,True,1,2
B,93ea56ff-76ff-4735-9b7b-9668e6fe40ec,apple/apple_black_rot.txt,,6322,7172,296,245,1016,True,True,1,1
B,0a407d9f-4755-4873-8e30-a3cc675f91aa,apple/apple_black_rot.txt,,7174,8155,294,243,1147,True,True,1,1
B,09c03da1-2d30-44f8-8dc8-06f294283f88,apple/apple_black_rot.txt,,8157,8912,267,216,921,True,True,2,2
B,a5cd2789-2871-48d9-b497-6eea3358d3ce,apple/apple_black_rot.txt,,8816,9516,260,209,866,True,True,2,2
B,135ceacb-a3d5-4ce8-8650-a076556e6a71,apple/apple_cedar_rust.txt,,0,933,354,276,1162,True,True,4,4
B,150f19ca-0c04-4191-884b-9a93da081bfc,apple/apple_cedar_rust.txt,,819,1755,343,265,1165,True,True,1,1
B,7e3d9577-f215-4930-a802-2aac82ff62c5,apple/apple_cedar_rust.txt,,1649,2616,338,260,1196,True,True,2,3
B,15704175-be16-4e28-9274-54631b12a5bb,apple/apple_cedar_rust.txt,,2506,3481,346,268,1204,True,True,2,2
B,7427ba42-bb1e-4de4-95fa-fecf023688c7,apple/apple_cedar_rust.txt,,3338,4059,296,218,950,True,True,2,2
B,2ece9c93-56d1-4b30-b360-d0c5d7076894,apple/apple_cedar_rust.txt,,4025,4971,333,255,1175,True,True,2,2
B,254ebca8-8fde-4926-83f7-e00710a85b17,apple/apple_cedar_rust.txt,,4882,5855,334,256,1202,True,True,1,3
B,82a395a1-2b90-44be-a147-9ba534541d96,apple/apple_cedar_rust.txt,,5857,6786,297,219,1158,True,True,1,2
B,850acf33-fa52-463d-8a78-63c53bf65c2a,apple/apple_cedar_rust.txt,,6685,7620,320,242,1164,True,True,2,2
B,1fa02d03-8a67-412d-bca6-6e15d13ac759,apple/apple_cedar_rust.txt,,7522,8506,339,261,1213,True,True,2,3
B,4f195250-9ba2-4c5f-a419-f6643df1484c,apple/apple_cedar_rust.txt,,8381,8637,155,77,485,True,True,2,2
B,c9da06c7-c3eb-4f0c-9ac1-c472c46b489e,apple/apple_cedar_rust.txt,,8639,9629,355,277,1219,True,True,2,2
B,88d670fc-250a-4614-81d5-3a55a6a696f9,apple/apple_scab.txt,,0,705,287,233,841,True,True,6,6
B,420c9f0b-dfac-42da-a33c-5e99991583b0,apple/apple_scab.txt,,691,1681,350,296,1126,True,True,1,3
B,bde02c39-3073-4ddd-8f3f-d7f89affaa4f,apple/apple_scab.txt,,1683,2546,325,271,999,True,True,2,3
B,5efb3eea-e7fe-4fdb-a23e-6a0a4bd1454b,apple/apple_scab.txt,,2548,3475,321,267,1063,True,True,2,2
B,b70ad8e4-0cba-4c1c-86e0-7f6ebd3f6fd9,apple/apple_scab.txt,,3462,4358,309,255,1032,True,True,1,3
B,39adbc4d-d18d-4faa-bc8f-e332503db65d,apple/apple_scab.txt,,4360,5348,332,278,1124,True,True,3,3
B,885719c6-413a-4f16-b83d-425160ff7306,apple/apple_scab.txt,,5350,5668,135,81,454,True,True,1,1
B,b271c6e3-dbd3-48eb-a126-a8668230d8df,cherry/cherry_powdery_mildew.txt,,0,911,345,249,1114,True,True,2,2
B,c7137054-4d94-4fb9-8ceb-69fcea19a20c,cherry/cherry_powdery_mildew.txt,,779,1684,332,236,1108,True,True,1,1
B,3c43e2c4-3cc8-4a26-924b-d3ac4b3fc2db,cherry/cherry_powdery_mildew.txt,,1686,2669,348,252,1186,True,True,1,2
B,f36caf94-965d-49c5-a84f-e3d833100a89,cherry/cherry_powdery_mildew.txt,,2539,3485,359,263,1149,True,True,2,2
B,90eba739-af5c-4696-b0e2-1bcd12cc947e,cherry/cherry_powdery_mildew.txt,,3404,4318,338,242,1117,True,True,2,2
B,88afd9cd-7e95-42ee-91cc-463d00f38f4a,cherry/cherry_powdery_mildew.txt,,4285,5220,353,257,1138,True,True,2,2
B,2c4f6b85-014e-45c9-8aa7-15246f84f77d,cherry/cherry_powdery_mildew.txt,,5162,6115,346,250,1156,True,True,2,2
B,8a321a7a-f188-4290-98fa-e84821c2d483,cherry/cherry_powdery_mildew.txt,,6019,6848,319,223,1032,True,True,1,2
B,07e34bb7-a8f3-48df-aa29-127be4dc3804,cherry/cherry_powdery_mildew.txt,,6721,7684,362,266,1166,True,True,2,3
B,c0b054d1-f5b5-412a-89e1-6bd7e53f7523,cherry/cherry_powdery_mildew.txt,,7541,8468,323,227,1130,True,True,2,2
B,c762b7bc-4502-4f3b-b4d1-502a2481308d,cherry/cherry_powdery_mildew.txt,,8470,9332,311,215,1065,True,True,2,2
B,bf02b48e-890d-4521-9b8f-4a8e787beb54,cherry/cherry_powdery_mildew.txt,,9304,10070,298,202,969,True,True,2,2
B,193aa2c8-e41c-43bd-963f-fbf6d14c2384,cherry/cherry_powdery_mildew.txt,,10041,10978,346,250,1140,True,True,2,2
B,5dbb2112-9382-4566-890a-9c6b59e1fc6a,cherry/cherry_powdery_mildew.txt,,10849,11338,226,130,692,True,True,2,2
B,e441d095-b142-4cbc-8230-a851629399ba,cherry/cherry_powdery_mildew.txt,,11340,12288,368,272,1151,True,True,1,1
B,591f9592-85bf-4bfc-a1ad-acadc73aa302,cherry/cherry_powdery_mildew.txt,,12179,12638,217,121,662,True,True,1,1
B,6a732f69-ba15-4155-bb37-d4c280f9a935,corn/corn_common_rust.txt,,0,965,332,266,1198,True,True,4,4
B,3812cc7f-1077-4efb-b706-5a09eb59bc22,corn/corn_common_rust.txt,,887,1833,327,261,1179,True,True,2,2
B,e2802ee5-867d-42f3-a6cd-30721e1233cc,corn/corn_common_rust.txt,,1761,2745,353,287,1217,True,True,2,2
B,3a20c65c-e507-4305-884b-9e1800c23c44,corn/corn_common_rust.txt,,2644,3609,343,277,1198,True,True,2,3
B,7ee519f1-1b84-42c2-85cf-57deaa30d3ae,corn/corn_common_rust.txt,,3487,4432,334,268,1178,True,True,1,4
B,469749d4-7550-4ee2-bb0b-3e189983d16f,corn/corn_common_rust.txt,,4292,5289,341,275,1230,True,True,2,2
B,b2b2356c-8cf6-40b7-a170-8e52999c20f2,corn/corn_common_rust.txt,,5187,6097,317,251,1143,True,True,2,2
B,da5a6cd8-209f-4638-9f48-d64b73a3828f,corn/corn_common_rust.txt,,6050,7012,343,277,1195,True,True,1,3
B,044d5d6c-29fb-488d-b125-8ad04edc5f84,corn/corn_common_rust.txt,,6893,7809,342,276,1149,True,True,1,2
B,079764d2-46e5-46a8-8554-5797bfec5e7a,corn/corn_common_rust.txt,,7741,8738,341,275,1230,True,True,3,3
B,b72b8c6c-ec5f-48bf-86a3-156a322a3015,corn/corn_common_rust.txt,,8719,9710,346,280,1224,True,True,2,2
B,d84dd923-2eaa-45cf-9223-b2e514413196,corn/corn_common_rust.txt,,9615,10601,345,279,1219,True,True,2,2
B,ec9411b4-c8f4-4468-af69-50361d06fc78,corn/corn_common_rust.txt,,10524,11093,223,157,802,True,True,2,2
B,82d761d4-ec18-450c-b998-0999215efabc,corn/corn_common_rust.txt,,10985,11917,338,272,1165,True,True,1,1
B,8908d857-d75e-4f38-b5d6-ed474e3eb81b,corn/corn_common_rust.txt,,11919,12055,112,46,369,True,True,1,1
B,56f2acd0-5e57-4a95-8dfc-d94f51899fdb,corn/corn_common_rust.txt,,12057,13020,343,277,1196,True,True,1,1
B,88480291-39a9-4a7b-b732-8898057ec2f5,corn/corn_common_rust.txt,,12891,13208,162,96,550,True,True,1,1
B,ec7619df-b4c9-46ff-bc92-cd8d3365458a,corn/corn_common_rust.txt,,13210,13484,156,90,507,True,True,1,1
B,5aec1097-4114-4491-92dd-acea944b7815,corn/corn_gray_leaf_spot.txt,,0,897,367,286,1107,True,True,4,4
B,fc60ce51-25f4-4167-9044-ca8c424068fa,corn/corn_gray_leaf_spot.txt,,783,1730,342,261,1157,True,True,2,2
B,6d8a7230-8bcd-4f54-ab0a-becb1a56f6fa,corn/corn_gray_leaf_spot.txt,,1597,2544,322,241,1157,True,True,1,3
B,2f5d350f-ca27-4110-af1f-596ca3bbc18b,corn/corn_gray_leaf_spot.txt,,2399,3323,318,237,1134,True,True,1,2
B,41d515dc-caf9-48f5-ac78-8839f69d4909,corn/corn_gray_leaf_spot.txt,,3194,4186,365,284,1202,True,True,2,3
B,fada6256-7586-4c0b-9c03-61e07ba69ea6,corn/corn_gray_leaf_spot.txt,,4072,5021,351,270,1159,True,True,2,4
B,9470cf7d-d6e9-43b1-869f-ab32f660882d,corn/corn_gray_leaf_spot.txt,,4967,5959,364,283,1202,True,True,2,2
B,71983d53-6a48-4307-9274-81acdd30e28f,corn/corn_gray_leaf_spot.txt,,5895,6783,347,266,1098,True,True,2,3
B,041f8cc0-d58a-4160-bcb1-ba1075f33ad0,corn/corn_gray_leaf_spot.txt,,6679,7612,346,265,1143,True,True,2,2
B,703027bb-8508-4195-81aa-da4aff8b3a47,corn/corn_gray_leaf_spot.txt,,7498,8448,350,269,1160,True,True,1,2
B,785e85f4-729e-482a-9f90-ba52bef514ff,corn/corn_gray_leaf_spot.txt,,8300,9108,311,230,1018,True,True,2,3
B,0a05822b-3362-4ef3-a634-30e85bc031a4,corn/corn_gray_leaf_spot.txt,,9006,9940,342,261,1144,True,True,2,3
B,7aea3864-1de0-490c-889a-21671ef6aee5,corn/corn_gray_leaf_spot.txt,,9807,10747,354,273,1150,True,True,1,1
B,03c076ae-3a24-4a63-a0b1-2168d71968d3,corn/corn_gray_leaf_spot.txt,,10717,11688,332,251,1181,True,True,1,2
B,2a68dad2-cbfb-44fc-86ca-587f412da045,corn/corn_gray_leaf_spot.txt,,11577,12370,303,222,1003,True,True,1,2
B,b2227ee2-9234-4b5d-ab47-2529f5a7bf70,corn/corn_gray_leaf_spot.txt,,12322,13288,348,267,1176,True,True,2,2
B,ba9768d5-f285-46a8-a0a5-7cccb563c2d2,corn/corn_gray_leaf_spot.txt,,13154,14066,331,250,1122,True,True,2,2
B,87f4f62c-04a8-46fa-853b-95fb0d49ad79,corn/corn_gray_leaf_spot.txt,,13963,14195,153,72,442,True,True,2,2
B,1aa705ae-6f57-4318-aa4a-6a35f9d60c50,corn/corn_gray_leaf_spot.txt,,14197,15153,353,272,1166,True,True,1,1
B,65d263e5-03c6-4dca-b8c6-69eafe42cb89,corn/corn_gray_leaf_spot.txt,,15008,15686,268,187,888,True,True,1,1
B,a0e9e05b-4963-4923-b416-64caf8fc3714,corn/corn_gray_leaf_spot.txt,,15688,15964,185,104,486,True,True,1,1
B,5642d94c-39c7-4f71-abae-8802bdab71a0,corn/corn_northern_leaf_blight.txt,,0,985,377,298,1233,True,True,5,5
B,1107fedf-8dea-4887-9321-e4be7a892c43,corn/corn_northern_leaf_blight.txt,,844,1776,331,252,1180,True,True,1,2
B,b13dfc0e-7bbb-4d87-a634-98b7b148c08f,corn/corn_northern_leaf_blight.txt,,1680,2593,322,243,1161,True,True,1,3
B,2d6cd1bb-7e45-4de3-9936-eebc61dae729,corn/corn_northern_leaf_blight.txt,,2460,3352,323,244,1140,True,True,2,2
B,e4b5ec56-3db9-42c8-8ea2-f3044cd6c624,corn/corn_northern_leaf_blight.txt,,3273,4197,356,277,1172,True,True,2,4
B,a360f234-896a-41f7-8724-f3c64ac2bc33,corn/corn_northern_leaf_blight.txt,,4081,5026,337,258,1193,True,True,2,3
B,454add19-6c91-4d6a-aae3-2f9a3e12ae2c,corn/corn_northern_leaf_blight.txt,,4910,5818,339,260,1156,True,True,1,2
B,35aada30-fd80-4877-971c-aebc0f80ec63,corn/corn_northern_leaf_blight.txt,,5674,6541,349,270,1115,True,True,2,3
B,d13499b6-e949-465e-b6e0-1265eca86c50,corn/corn_northern_leaf_blight.txt,,6524,7514,353,274,1238,True,True,1,2
B,290df0cd-a21e-4e2a-88a1-c0cef4eb1dea,corn/corn_northern_leaf_blight.txt,,7395,8362,366,287,1215,True,True,2,3
B,03ead4f8-6d1b-46af-92a0-a0f6f725a06b,corn/corn_northern_leaf_blight.txt,,8227,9189,341,262,1210,True,True,1,1
B,ac0092c9-52cc-4f8d-8b6f-482438065487,corn/corn_northern_leaf_blight.txt,,9121,10118,353,274,1245,True,True,1,3
B,c285a316-d527-4442-8b2f-ccae9187f59b,corn/corn_northern_leaf_blight.txt,,10022,10953,357,278,1179,True,True,2,3
B,6d73879b-88c7-4967-96a3-98db945f34fb,corn/corn_northern_leaf_blight.txt,,10955,11831,313,234,1124,True,True,2,2
B,2e9767d4-5881-41d1-b429-70e4c7b9aa54,corn/corn_northern_leaf_blight.txt,,11691,12611,348,269,1168,True,True,2,2
B,0ff47d53-a838-405c-9b20-4cc93539e2ef,corn/corn_northern_leaf_blight.txt,,12511,13453,345,266,1190,True,True,2,2
B,bdcdb080-321c-4cb4-980d-15e16c8a782a,corn/corn_northern_leaf_blight.txt,,13322,13585,153,74,511,True,True,2,2
B,d478eb28-8733-4d3e-aa6f-72998dc51d3a,corn/corn_northern_leaf_blight.txt,,13587,14557,362,283,1218,True,True,1,1
B,fbe3c5f0-1e8e-4d5e-8f04-475bcc5a3241,corn/corn_northern_leaf_blight.txt,,14450,14994,232,153,792,True,True,1,1
B,6b395b34-312e-4943-97c8-f2ee7de8238a,corn/corn_northern_leaf_blight.txt,,14996,15448,222,143,700,True,True,1,1
B,b9288e0a-cce6-41af-9afa-4e5fc6e55e31,grape/grape_black_rot.txt,,0,926,318,265,1092,True,True,4,4
B,2d305918-9229-4533-942f-f7d07234e7b1,grape/grape_black_rot.txt,,821,1712,312,259,1057,True,True,3,3
B,6e2b86ab-99d0-44f8-8db5-aab1f53b7a60,grape/grape_black_rot.txt,,1565,2542,322,269,1143,True,True,1,3
B,cd5d4a7c-23b1-469d-8956-2cdf56049f28,grape/grape_black_rot.txt,,2453,3356,310,257,1069,True,True,2,2
B,4739c4ec-be39-4ef7-a6ef-2a1dda226a35,grape/grape_black_rot.txt,,3259,4138,312,259,1045,True,True,2,3
B,9c1cf6e6-ab13-4512-8674-34721c81d9e7,grape/grape_black_rot.txt,,4002,4930,318,265,1094,True,True,2,2
B,ac272b9c-805f-4482-b97f-6653b3954161,grape/grape_black_rot.txt,,4932,5897,330,277,1131,True,True,3,3
B,9471d336-0fb8-4780-a537-cf62de37e4e1,grape/grape_black_rot.txt,,5783,6743,331,278,1126,True,True,2,3
B,2a9832dd-1859-4cc6-92f3-9c39b260fe6a,grape/grape_black_rot.txt,,6636,7550,320,267,1080,True,True,2,2
B,727d961e-7753-4d6d-8b39-df09c72fcaf0,grape/grape_black_rot.txt,,7443,8419,312,259,1142,True,True,2,3
B,c105800b-36bb-47c7-8030-5aa0eb6f5d1d,grape/grape_black_rot.txt,,8293,9138,298,245,1011,True,True,2,2
B,6f55264c-eed9-442f-ac1d-5b3590463b80,grape/grape_black_rot.txt,,9023,9920,333,280,1063,True,True,3,3
B,ce1af430-d370-49fa-b44b-4ea09d8016ce,grape/grape_black_rot.txt,,9922,10338,166,113,582,True,True,1,1
B,d7656f34-8ba5-420e-bc05-6802d30958b6,grape/grape_esca.txt,,0,859,272,230,994,True,True,3,3
B,c29d5614-a504-42c6-a6c5-8dbc86e3e0bd,grape/grape_esca.txt,,861,1807,297,255,1081,True,True,2,2
B,91a13454-437a-483f-ba9d-613400258c2b,grape/grape_esca.txt,,1672,2626,292,250,1089,True,True,1,2
B,b4e7cb28-4868-499d-85d0-41f3d0103312,grape/grape_esca.txt,,2571,3558,307,265,1122,True,True,3,3
B,2d360299-5309-4a33-bd49-9a9838b64fe3,grape/grape_esca.txt,,3499,4424,304,262,1060,True,True,1,3
B,94a7e927-8177-42c1-b2fb-bfac717b86d3,grape/grape_esca.txt,,4293,5246,310,268,1088,True,True,1,3
B,a7c8e471-af37-4c9d-92fc-a4174cc9c088,grape/grape_esca.txt,,5194,6156,309,267,1097,True,True,1,3
B,84ea73de-ee8a-4db3-ba4b-2cf36c052a38,grape/grape_esca.txt,,6076,7050,309,267,1109,True,True,3,3
B,876c42a2-9f3f-4ee7-93d7-f118668bd678,grape/grape_esca.txt,,7052,8008,318,276,1091,True,True,3,4
B,841299af-037f-4e9a-9d9b-9110cd01497f,grape/grape_esca.txt,,7913,8780,267,225,1002,True,True,1,3
B,65636693-1cba-4669-b354-64fc8a9031d5,grape/grape_esca.txt,,8696,9636,297,255,1075,True,True,1,2
B,e20d5eb5-20c0-4a7e-b434-373aae0cdc25,grape/grape_esca.txt,,9638,10566,315,273,1063,True,True,2,2
B,af557ab5-6d40-4c49-af88-7dd55b51e5ce,grape/grape_esca.txt,,10439,11421,306,264,1117,True,True,2,4
B,409bfd39-e327-4fda-b621-c4e46e6c8147,grape/grape_esca.txt,,11297,12115,253,211,953,True,True,1,2
B,5edeb3a2-df7f-4669-8485-a9689ac07cdd,grape/grape_esca.txt,,12117,13003,285,243,1021,True,True,3,3
B,f1017de6-f5ee-48ec-bc3b-c1d60c9ed1d0,grape/grape_esca.txt,,12900,13839,315,273,1074,True,True,2,2
B,a5321666-a7bd-48ed-a759-57f359894948,grape/grape_esca.txt,,13841,14807,317,275,1101,True,True,1,1
B,bb126f95-3352-4847-8595-8edcf6929c7c,grape/grape_esca.txt,,14676,15331,214,172,790,True,True,1,1
B,2bcf7aab-9a01-491c-9ac8-95105a6f9fd1,grape/grape_esca.txt,,15333,15635,137,95,437,True,True,1,1
B,faf4b117-578e-470b-baf4-257cc1a271a0,grape/grape_leaf_blight.txt,,0,990,381,296,1212,True,True,4,4
B,84491052-c6be-49c8-b0fa-9a6ba7224094,grape/grape_leaf_blight.txt,,911,1847,347,262,1158,True,True,3,3
B,7ca35a5f-4c0c-473e-b17b-60be94727db9,grape/grape_leaf_blight.txt,,1849,2750,343,258,1123,True,True,2,2
B,13822c08-000f-4a5f-92be-247e209a9621,grape/grape_leaf_blight.txt,,2752,3698,360,275,1168,True,True,2,4
B,72510876-87a5-4f56-aeb4-d0894595b5d9,grape/grape_leaf_blight.txt,,3700,4677,375,290,1199,True,True,3,3
B,f714b1ce-ceda-4008-af9c-6e304a3cd8f7,grape/grape_leaf_blight.txt,,4529,5495,345,260,1188,True,True,2,2
B,9d3ebbcb-3614-4e1e-9e94-047e6e8b6679,grape/grape_leaf_blight.txt,,5482,6476,358,273,1216,True,True,1,3
B,551f9d57-40f4-44d6-a160-ac5022f42d29,grape/grape_leaf_blight.txt,,6354,7341,372,287,1209,True,True,3,3
B,54ccd8a3-e57e-47c4-bbac-c894c5a06126,grape/grape_leaf_blight.txt,,7228,8177,354,269,1171,True,True,2,2
B,49966aa3-9e88-4890-9b76-5ac8b899c467,grape/grape_leaf_blight.txt,,8075,8793,285,200,940,True,True,2,2
B,09ad36ca-b5b3-4261-8d52-643c07e55047,grape/grape_leaf_blight.txt,,8650,9621,381,296,1193,True,True,3,3
B,6f29b28a-7e99-45e5-993e-a2e3562aa5b0,grape/grape_leaf_blight.txt,,9486,10408,377,292,1144,True,True,1,1
B,21fbd512-121f-482a-a0fc-ef6c6eb436a6,peach/peach_bacterial_spot.txt,,0,997,364,291,1220,True,True,4,4
B,8d9fbcca-f17b-4d61-b5a8-a33c3601d2d3,peach/peach_bacterial_spot.txt,,902,1850,343,270,1171,True,True,2,2
B,a43f663d-6c35-4ada-b908-bb554cf066a6,peach/peach_bacterial_spot.txt,,1775,2703,325,252,1151,True,True,1,3
B,7de73989-029b-4183-967d-eae7f22d0636,peach/peach_bacterial_spot.txt,,2607,3513,329,256,1129,True,True,2,2
B,80a9959e-9c32-4023-8331-8dd965613c13,peach/peach_bacterial_spot.txt,,3385,4359,339,266,1197,True,True,1,2
B,29478f42-9a13-4df3-a566-e7d227e97a02,peach/peach_bacterial_spot.txt,,4273,5262,380,307,1212,True,True,3,4
B,4cbcbf49-5eee-41b5-b843-5ccdd2067cdf,peach/peach_bacterial_spot.txt,,5183,6168,354,281,1208,True,True,2,3
B,08716216-8627-4ac2-b2bb-4f799652a75c,peach/peach_bacterial_spot.txt,,6088,7065,360,287,1200,True,True,2,3
B,bc75e2dc-872a-4520-a16e-d37c45b4e220,peach/peach_bacterial_spot.txt,,6923,7818,319,246,1118,True,True,1,3
B,e6bd41c3-f630-4970-88ba-74e935acdbb5,peach/peach_bacterial_spot.txt,,7716,8599,315,242,1106,True,True,2,3
B,46ee23cf-b97b-4e9c-9910-3c1be3fdca0e,peach/peach_bacterial_spot.txt,,8601,9586,316,243,1208,True,True,1,2
B,337c39aa-ba16-4cde-8b3d-f53b124cb3c8,peach/peach_bacterial_spot.txt,,9508,10239,266,193,954,True,True,2,3
B,3ab451fc-bd6b-4302-ae6b-006d0ee73fa4,peach/peach_bacterial_spot.txt,,10131,11025,346,273,1117,True,True,2,2
B,54a8544a-d4cf-483b-bed8-80002f51b497,peach/peach_bacterial_spot.txt,,11027,11979,357,284,1175,True,True,1,1
B,08726922-47b9-4fc6-aee4-6b0ad164dfcd,peach/peach_bacterial_spot.txt,,11868,12428,220,147,783,True,True,1,1
B,f854d2fa-d1e6-4ffd-bdcc-80c184c8d384,peach/peach_bacterial_spot.txt,,12430,13278,318,245,1071,True,True,1,1
B,d6765a47-6493-419c-a009-75a190929eda,pepper_bell/pepper_bell_bacterial_spot.txt,,0,969,357,278,1214,True,True,3,3
B,878143c0-194c-46c0-936f-262d53e0de05,pepper_bell/pepper_bell_bacterial_spot.txt,,836,1617,295,216,1026,True,True,2,2
B,bcd66df0-f8b9-4212-9c83-9c6e3e0a24e1,pepper_bell/pepper_bell_bacterial_spot.txt,,1491,2281,286,207,1035,True,True,1,1
B,230bf31c-7534-43a7-b347-bcd93b783131,pepper_bell/pepper_bell_bacterial_spot.txt,,2283,3220,333,254,1182,True,True,2,3
B,9e77f802-35bc-416d-a1af-147bdb6ab1c6,pepper_bell/pepper_bell_bacterial_spot.txt,,3113,4074,344,265,1206,True,True,1,4
B,2051a570-b1c8-4a0e-bca9-82dacf584aba,pepper_bell/pepper_bell_bacterial_spot.txt,,4019,5011,356,277,1237,True,True,2,3
B,15655ef3-016f-4a9d-aec8-77fa590b6a9b,pepper_bell/pepper_bell_bacterial_spot.txt,,4882,5794,308,229,1157,True,True,1,3
B,e6b6ce1f-25c3-4704-9be5-721e929b568a,pepper_bell/pepper_bell_bacterial_spot.txt,,5708,6700,366,287,1237,True,True,2,3
B,0df6ef37-756e-4125-9579-601e4487f3fe,pepper_bell/pepper_bell_bacterial_spot.txt,,6611,7608,342,263,1242,True,True,3,3
B,d9009cd9-dd45-4bca-9894-bf4453bb05da,pepper_bell/pepper_bell_bacterial_spot.txt,,7472,8447,344,265,1220,True,True,1,2
B,7524d25a-81d2-4e12-8642-f841854e07ae,pepper_bell/pepper_bell_bacterial_spot.txt,,8372,9362,335,256,1235,True,True,1,2
B,1f4c2813-59d5-446b-8b35-a1da4e180b97,pepper_bell/pepper_bell_bacterial_spot.txt,,9289,10147,315,236,1103,True,True,1,2
B,6ac5bbc1-e8d9-473b-8604-447331c6f8a2,pepper_bell/pepper_bell_bacterial_spot.txt,,10069,11017,326,247,1193,True,True,1,3
B,988c0ca3-6221-4dc8-b03b-2cf8338a24e3,pepper_bell/pepper_bell_bacterial_spot.txt,,10928,11882,337,258,1199,True,True,1,4
B,41a00ba7-42e9-44cd-b2b0-fefd0e716bcd,pepper_bell/pepper_bell_bacterial_spot.txt,,11820,12709,339,260,1134,True,True,2,3
B,4bdd0a33-ac59-4d5b-8297-f622e2057237,pepper_bell/pepper_bell_bacterial_spot.txt,,12583,13533,309,230,1195,True,True,1,2
B,451439f3-3c7f-4813-b8d2-62567b15a833,pepper_bell/pepper_bell_bacterial_spot.txt,,13427,14363,337,258,1181,True,True,2,2
B,41585933-635e-4ca4-9a48-01c4f1e8634f,pepper_bell/pepper_bell_bacterial_spot.txt,,14299,15193,339,260,1139,True,True,2,2
B,9fe7a211-d235-4477-ba7f-5d91acb1c9f3,pepper_bell/pepper_bell_bacterial_spot.txt,,15054,15924,322,243,1115,True,True,3,3
B,e1e63242-563d-4e18-97f2-946345e05dd5,pepper_bell/pepper_bell_bacterial_spot.txt,,15926,16863,339,260,1182,True,True,1,1
B,97d25e3d-ca22-4329-b653-1ce07e81df0b,pepper_bell/pepper_bell_bacterial_spot.txt,,16719,17409,264,185,935,True,True,1,1
B,0151c187-a723-4f4e-8da9-e2f0dfabb9a2,pepper_bell/pepper_bell_bacterial_spot.txt,,17411,18297,349,270,1131,True,True,1,1
B,c76c62d1-06d1-4255-a622-50aaed985a29,potato/potato_early_blight.txt,,0,907,319,258,1102,True,True,4,4
B,14e6404a-a670-45dd-89a1-af7aad38f5b4,potato/potato_early_blight.txt,,775,1681,318,257,1101,True,True,2,3
B,28e4fa0c-ccb4-4a58-9599-fb9830efc466,potato/potato_early_blight.txt,,1649,2616,331,270,1162,True,True,1,4
B,170af2f8-ebc8-4bd0-8e86-ecd8abb82aca,potato/potato_early_blight.txt,,2519,3404,319,258,1080,True,True,1,1
B,5a08a8e3-a944-4a2d-857e-d9768624be63,potato/potato_early_blight.txt,,3279,4239,337,276,1155,True,True,2,3
B,a5a7f681-e4dd-4fed-90f9-1b1d39c1dcc0,potato/potato_early_blight.txt,,4177,5137,338,277,1155,True,True,2,4
B,beba873b-80ba-4fc1-9737-5a9a984db42e,potato/potato_early_blight.txt,,5049,6016,359,298,1162,True,True,3,3
B,8ab0c058-eb3a-40a9-9d01-bddd3dbbfd4e,potato/potato_early_blight.txt,,5873,6857,317,256,1179,True,True,2,3
B,76c5a4d3-97ae-4fa9-9f7e-a07da35c54a1,potato/potato_early_blight.txt,,6831,7729,331,270,1093,True,True,3,3
B,4c4f5714-9f26-4f02-914f-d9ced6bb4655,potato/potato_early_blight.txt,,7664,8662,333,272,1193,True,True,2,4
B,22884462-a1d9-4906-ab27-f2a6ec965359,potato/potato_early_blight.txt,,8516,9481,325,264,1160,True,True,1,4
B,6cfba2dd-8b85-4eff-b384-faf2cce1f0b5,potato/potato_early_blight.txt,,9379,10244,286,225,1060,True,True,1,3
B,10805073-dc21-4cbe-9943-9cd43ddbf7c1,potato/potato_early_blight.txt,,10217,11196,335,274,1174,True,True,2,3
B,3afe2680-d847-421d-be69-2fae73c8c1a4,potato/potato_early_blight.txt,,11058,12002,328,267,1139,True,True,1,2
B,47f277c9-76fa-4a5b-83cc-54e737a1e51e,potato/potato_early_blight.txt,,11884,12801,299,238,1112,True,True,2,3
B,9dc1080f-7e9b-42ed-8fc5-a70929286d53,potato/potato_early_blight.txt,,12747,13683,313,252,1131,True,True,1,2
B,79815804-54b0-45d7-8416-d19166be0ccd,potato/potato_early_blight.txt,,13685,14632,346,285,1142,True,True,2,2
B,864408d5-b04d-4ee6-ba01-cb7745534796,potato/potato_early_blight.txt,,14597,15102,199,138,700,True,True,2,2
B,c90bf2a4-0ed2-48ff-b49f-7a6db564255a,potato/potato_early_blight.txt,,15104,16055,326,265,1146,True,True,1,1
B,4c6b52f4-9660-44f3-b0b6-396a00f81720,potato/potato_early_blight.txt,,15914,16625,255,194,906,True,True,1,1
B,ca014209-486b-4b0a-9931-7551ea3b3d50,potato/potato_early_blight.txt,,16627,17259,259,198,827,True,True,1,1
B,a8b63a62-b2ef-45b6-8ef5-2c95e9cd2c34,potato/potato_late_blight.txt,,0,963,357,287,1179,True,True,4,4
B,1d8c1373-2e6f-4fac-9fef-8996e1da4265,potato/potato_late_blight.txt,,834,1789,335,265,1171,True,True,3,3
B,aac18887-72ea-482e-a759-39a651aa3e04,potato/potato_late_blight.txt,,1791,2763,344,274,1188,True,True,1,4
B,20811522-33d6-454d-bb01-d4a521dbbf51,potato/potato_late_blight.txt,,2663,3565,343,273,1118,True,True,2,2
B,82c5a823-f08a-40d1-86d0-52c0008f55be,potato/potato_late_blight.txt,,3567,4455,346,276,1104,True,True,3,3
B,fc44bd05-28e6-4dcc-9066-79e8cc2ca10a,potato/potato_late_blight.txt,,4376,5303,334,264,1143,True,True,2,2
B,793f1557-30e1-489a-a32f-5037c5ecaab2,potato/potato_late_blight.txt,,5165,6059,356,286,1110,True,True,3,3
B,c64e00b6-01ab-4532-82a9-28e4cd9df38a,potato/potato_late_blight.txt,,5939,6915,345,275,1192,True,True,2,5
B,8524b6ce-3b45-48d5-b080-78f5ad590920,potato/potato_late_blight.txt,,6848,7758,356,286,1126,True,True,2,2
B,fa387dbe-f21e-405c-9891-27a4cdc83999,potato/potato_late_blight.txt,,7728,8698,323,253,1186,True,True,1,3
B,37528ba4-f293-4cc8-80fc-6408071505c3,potato/potato_late_blight.txt,,8668,9625,338,268,1173,True,True,2,2
B,d1a2eb01-c952-4e20-bf37-47eebe03fac2,potato/potato_late_blight.txt,,9511,10156,268,198,861,True,True,3,3
B,fe67aa7d-a8b3-4618-ab25-ad12fb8216d7,potato/potato_late_blight.txt,,10086,11052,364,294,1182,True,True,2,2
B,c1dbbbad-1447-4d47-aa58-20c9f3775efe,potato/potato_late_blight.txt,,11054,11971,357,287,1133,True,True,1,1
B,9acba573-3bf9-4cad-863e-964f32b0e56a,squash/squash_powdery_mildew.txt,,0,989,372,281,1177,True,True,2,2
B,7fe2adc8-a818-4ecf-9172-b0cbee339c7a,squash/squash_powdery_mildew.txt,,852,1782,364,273,1118,True,True,3,3
B,53b3ad0c-1e8e-48a3-82da-1b30375389b7,squash/squash_powdery_mildew.txt,,1646,2594,366,275,1136,True,True,3,3
B,e8e182e0-a85c-4b17-ae95-59bd5718cb3c,squash/squash_powdery_mildew.txt,,2451,3367,341,250,1104,True,True,3,3
B,7a3c1d8b-8f26-41b8-85d0-3c44d4d87442,squash/squash_powdery_mildew.txt,,3230,4203,375,284,1161,True,True,3,3
B,b4ccc750-0335-46eb-8858-ec7c328189fb,squash/squash_powdery_mildew.txt,,4064,5060,371,280,1184,True,True,2,4
B,d259f653-3b53-4bd6-b1b8-a09e743fc3cc,squash/squash_powdery_mildew.txt,,4926,5914,399,308,1176,True,True,4,4
B,c017446c-faa4-4bdd-a849-34fde0e475c3,squash/squash_powdery_mildew.txt,,5916,6885,364,273,1157,True,True,2,6
B,4c7c7825-b1af-414d-8a65-78a9a191c004,squash/squash_powdery_mildew.txt,,6738,7715,361,270,1165,True,True,4,4
B,4225937d-fa59-432b-85a5-992120bce478,squash/squash_powdery_mildew.txt,,7576,8553,387,296,1165,True,True,3,3
B,4d404d02-3c69-47cf-ba55-97003e896710,squash/squash_powdery_mildew.txt,,8474,9449,365,274,1163,True,True,2,3
B,937fabd6-7cd6-4aa3-b1f5-915deae8e87e,squash/squash_powdery_mildew.txt,,9347,10311,340,249,1152,True,True,1,5
B,7ac096a1-6b4d-423c-8c26-260061000c90,squash/squash_powdery_mildew.txt,,10237,11215,352,261,1166,True,True,1,3
B,57248413-a2b7-4c24-9650-931b9c06da45,squash/squash_powdery_mildew.txt,,11098,12002,324,233,1092,True,True,3,3
B,e0e9522a-b65a-4ca2-bd69-0aa0c38ccbd3,squash/squash_powdery_mildew.txt,,11873,12502,265,174,817,True,True,2,2
B,81cdc940-7b98-4a92-b290-409fc6bc3d0a,squash/squash_powdery_mildew.txt,,12381,13357,385,294,1164,True,True,2,2
B,41f38aa5-2d77-4f59-b190-48679cc97756,squash/squash_powdery_mildew.txt,,13359,14341,364,273,1170,True,True,3,3
B,f91c8356-ae28-4bca-827e-7896f2ae4f03,squash/squash_powdery_mildew.txt,,14343,15333,365,274,1178,True,True,1,1
B,919e827b-9372-4835-9010-1fd9a57e165f,squash/squash_powdery_mildew.txt,,15214,15663,213,122,637,True,True,1,1
B,bbaa0a34-c3f3-4ec3-95b6-feec6639dc37,strawberry/strawberry_leaf_scorch.txt,,0,957,368,275,1147,True,True,2,2
B,6942273a-d482-4639-b476-0a779eface03,strawberry/strawberry_leaf_scorch.txt,,822,1781,370,277,1149,True,True,2,3
B,5c9a57ae-b099-4dbe-aa96-c90ab4f6e791,strawberry/strawberry_leaf_scorch.txt,,1633,2626,381,288,1183,True,True,2,3
B,4e926253-b83a-4162-8190-f28816ce905a,strawberry/strawberry_leaf_scorch.txt,,2629,3556,368,275,1117,True,True,3,3
B,e136f174-f033-4aa6-b83a-d9ac331d3ca6,strawberry/strawberry_leaf_scorch.txt,,3490,4405,370,277,1105,True,True,2,4
B,1e1bc665-ac27-4208-b26d-8da6386d2ba7,strawberry/strawberry_leaf_scorch.txt,,4265,5156,368,275,1081,True,True,4,4
B,601bb94b-b72d-4358-bdc3-a08834a28ebf,strawberry/strawberry_leaf_scorch.txt,,5035,6027,389,296,1182,True,True,3,4
B,85e86dae-676f-4232-81f0-ad6c9b377eba,strawberry/strawberry_leaf_scorch.txt,,5897,6878,374,281,1171,True,True,1,4
B,1f4f0a6f-2105-46ca-b318-ec932ccb1d53,strawberry/strawberry_leaf_scorch.txt,,6798,7713,366,273,1105,True,True,1,4
B,79b57286-ffb8-4dec-b2c1-1da431895ef8,strawberry/strawberry_leaf_scorch.txt,,7566,8537,372,279,1161,True,True,1,3
B,9d285204-cf2d-4398-94b6-82e4315f51b9,strawberry/strawberry_leaf_scorch.txt,,8479,9257,314,221,968,True,True,2,3
B,df1e2d26-4b67-49a3-a356-86d501df6401,strawberry/strawberry_leaf_scorch.txt,,9139,10127,402,309,1178,True,True,2,2
B,e632fb64-69f3-4249-bdb0-08cc073b7b5d,strawberry/strawberry_leaf_scorch.txt,,10026,10822,326,233,986,True,True,3,3
B,d1834436-d956-4ae3-a2b3-e0f5f94a9ea7,strawberry/strawberry_leaf_scorch.txt,,10824,11771,368,275,1137,True,True,1,1
B,7440f29b-710d-4233-bbe9-96405a699944,strawberry/strawberry_leaf_scorch.txt,,11625,12053,216,123,618,True,True,1,1
B,e82c6b37-274d-4b0b-918f-7d446c31c1ad,tomato/tomato_bacterial_spot.txt,,0,963,376,275,1263,True,True,4,4
B,84b4ee42-4757-4e66-8c22-e589a695226a,tomato/tomato_bacterial_spot.txt,,859,1799,368,267,1240,True,True,2,3
B,6e4351c7-4194-4242-b845-204c3c899aeb,tomato/tomato_bacterial_spot.txt,,1726,2706,384,283,1280,True,True,1,3
B,22241a80-4480-42a5-9cd2-19552a7ad59f,tomato/tomato_bacterial_spot.txt,,2571,3545,389,288,1274,True,True,3,4
B,b5a0b024-3141-4dca-8c4a-45fc601641e7,tomato/tomato_bacterial_spot.txt,,3518,4429,382,281,1211,True,True,2,3
B,a6833c70-92d7-44d9-b206-823cd04e00c8,tomato/tomato_bacterial_spot.txt,,4345,5224,364,263,1179,True,True,2,4
B,27cb93e7-704d-43b3-aa0e-0fef89bffc45,tomato/tomato_bacterial_spot.txt,,5141,6071,375,274,1230,True,True,2,3
B,5df752b6-7a10-4978-ab08-79d60cae2899,tomato/tomato_bacterial_spot.txt,,5957,6840,362,261,1183,True,True,2,3
B,f480a113-7c12-460d-9072-376bc450dec3,tomato/tomato_bacterial_spot.txt,,6761,7640,350,249,1179,True,True,1,3
B,3e83cf00-92d9-4973-b07d-f28daa1de0e1,tomato/tomato_bacterial_spot.txt,,7501,8478,382,281,1277,True,True,1,4
B,51513422-1eef-4102-8de6-22330f6280bb,tomato/tomato_bacterial_spot.txt,,8381,9320,362,261,1239,True,True,1,4
B,4bb8cef6-a715-437a-8df5-ed6776ff4ca5,tomato/tomato_bacterial_spot.txt,,9301,10246,374,273,1245,True,True,2,3
B,e74d9e6e-2b1f-4520-803b-5747304dbd4a,tomato/tomato_bacterial_spot.txt,,10157,10870,310,209,1013,True,True,2,3
B,a5d0e135-3c87-4bdb-8b4a-d0a1cdb72db0,tomato/tomato_bacterial_spot.txt,,10762,11638,368,267,1176,True,True,2,2
B,cc872251-8ee5-4c37-8835-545d4a22d0a5,tomato/tomato_bacterial_spot.txt,,11640,12602,378,277,1262,True,True,1,1
B,942efe71-b42f-485e-b447-ca195516019a,tomato/tomato_bacterial_spot.txt,,12458,13042,259,158,884,True,True,1,1
B,63b41125-24d8-44b0-9a37-8905b3155c83,tomato/tomato_bacterial_spot.txt,,13044,13171,146,45,427,True,True,1,1
B,d9380f09-7f7f-4960-b310-afc854439a03,tomato/tomato_early_blight.txt,,0,986,369,276,1258,True,True,5,5
B,3c76a8db-54e2-445d-a7a8-2a7a849c14b3,tomato/tomato_early_blight.txt,,884,1815,340,247,1203,True,True,1,3
B,24a5c3aa-41c6-485e-9699-cef313d645df,tomato/tomato_early_blight.txt,,1679,2650,358,265,1243,True,True,3,4
B,e0505bc9-d918-4cbb-bfa0-cbdd653fbb59,tomato/tomato_early_blight.txt,,2517,3430,374,281,1185,True,True,2,3
B,ad5b5e4f-f501-4822-8a50-ada9d2ba4cef,tomato/tomato_early_blight.txt,,3283,4216,358,265,1205,True,True,2,3
B,407922c1-65f4-4a9d-b45f-e3ab295d70d6,tomato/tomato_early_blight.txt,,4103,5077,369,276,1246,True,True,2,3
B,a6bd3837-91e3-4706-9eb0-66ffd5d70da8,tomato/tomato_early_blight.txt,,5002,5943,366,273,1213,True,True,1,4
B,97882996-e890-44b7-b1d0-a417440aa941,tomato/tomato_early_blight.txt,,5863,6855,362,269,1264,True,True,2,4
B,0a413a84-e190-4d01-a106-b9b5d67ddc5a,tomato/tomato_early_blight.txt,,6759,7696,364,271,1209,True,True,1,4
B,93234e1e-1444-41ea-9c83-f636dc822643,tomato/tomato_early_blight.txt,,7560,8521,395,302,1233,True,True,1,4
B,bdffe51d-67dd-4117-b1ba-5c54406068e7,tomato/tomato_early_blight.txt,,8460,9428,397,304,1240,True,True,2,3
B,90504f09-7b17-4f3f-8dd4-af3334dc6247,tomato/tomato_early_blight.txt,,9305,10257,360,267,1224,True,True,3,3
B,c991407f-56dd-495c-a9a4-24262f5e92ba,tomato/tomato_early_blight.txt,,10259,11216,360,267,1229,True,True,1,1
B,42a73dfa-146d-4863-9a76-df569950067d,tomato/tomato_early_blight.txt,,11111,11446,185,92,607,True,True,1,1
B,1f5870ac-1a39-4d2d-ac04-1f77850452f4,tomato/tomato_early_blight.txt,,11448,11577,139,46,401,True,True,1,1
B,b1fd705f-7874-4428-80bd-028612e9d65d,tomato/tomato_late_blight.txt,,0,981,397,296,1271,True,True,4,4
B,f57da453-8810-4df5-9b45-acbc630d874a,tomato/tomato_late_blight.txt,,847,1831,387,286,1274,True,True,2,3
B,39c4ef2f-69fa-4c03-8e7e-4a602cb564aa,tomato/tomato_late_blight.txt,,1735,2661,372,271,1216,True,True,1,4
B,f342258e-f109-45b7-8f06-3a511498bf03,tomato/tomato_late_blight.txt,,2556,3484,375,274,1218,True,True,2,2
B,d5328dae-c830-4ab6-9671-ffafe4a50ef3,tomato/tomato_late_blight.txt,,3375,4229,348,247,1144,True,True,2,3
B,4de55fef-e7f2-45ea-a6c2-de3a70f8584e,tomato/tomato_late_blight.txt,,4231,5192,399,298,1251,True,True,1,4
B,e54fbe60-81ee-43ba-85ee-8b03da352d9d,tomato/tomato_late_blight.txt,,5050,6022,410,309,1262,True,True,2,3
B,72d28bb1-0ee6-4f50-8aba-451883499868,tomato/tomato_late_blight.txt,,5929,6877,403,302,1238,True,True,1,4
B,3eae3340-139d-42a5-a742-239f42b8e8e3,tomato/tomato_late_blight.txt,,6879,7857,375,274,1268,True,True,1,3
B,f0f4bf6d-7bef-458d-8ac8-6d2527607f35,tomato/tomato_late_blight.txt,,7717,8582,343,242,1155,True,True,1,4
B,66014943-5876-49fd-a420-a4da29ad3b4f,tomato/tomato_late_blight.txt,,8470,9465,367,266,1285,True,True,2,3
B,1b1a0c24-ddf3-4967-953d-b98209c68e92,tomato/tomato_late_blight.txt,,9320,10309,402,301,1279,True,True,1,4
B,9fc5ce77-2242-4a77-ba33-9019d68fae6b,tomato/tomato_late_blight.txt,,10190,11061,343,242,1161,True,True,2,2
B,30cbc2e7-cb73-4f3c-8515-19310fcd2fdd,tomato/tomato_late_blight.txt,,10983,11937,383,282,1244,True,True,2,2
B,a2a7f672-3000-41b4-8ca9-37f094d64185,tomato/tomato_late_blight.txt,,11939,12863,377,276,1214,True,True,2,2
B,fdbed5a1-5d1b-4023-91fc-8d2429bc6fe0,tomato/tomato_late_blight.txt,,12755,13004,175,74,539,True,True,2,2
B,8ac0fcb7-59bd-4a89-82b8-68ab6e9d0151,tomato/tomato_late_blight.txt,,13006,14000,392,291,1284,True,True,1,1
B,63abc7cd-a418-4d4f-9500-bcd9291c7119,tomato/tomato_late_blight.txt,,13905,14433,239,138,818,True,True,1,1
B,bf7cf129-5d5b-4a0f-ab78-1d7ec08f8990,tomato/tomato_late_blight.txt,,14435,14563,146,45,418,True,True,1,1
B,0bf4b45d-b7b4-451b-b72c-baf507f4d45c,tomato/tomato_leaf_mold.txt,,0,915,359,267,1161,True,True,4,4
B,1d93a0ee-66d5-42dd-a903-2f5a0f286ae9,tomato/tomato_leaf_mold.txt,,871,1861,410,318,1236,True,True,2,4
B,46f6ec41-7622-4b67-99f7-2a674401dee8,tomato/tomato_leaf_mold.txt,,1782,2759,399,307,1223,True,True,2,3
B,f470c384-370d-4ec7-b76c-68d55e6f71a0,tomato/tomato_leaf_mold.txt,,2657,3638,410,318,1227,True,True,1,4
B,aee1739a-509e-4214-bb67-2259ac873072,tomato/tomato_leaf_mold.txt,,3503,4418,373,281,1161,True,True,2,3
B,c2018c4e-db4e-4b0a-80e7-9f71ad520fe6,tomato/tomato_leaf_mold.txt,,4354,5340,386,294,1232,True,True,2,4
B,0bb40751-a67d-48eb-9f95-1b493c9a8de7,tomato/tomato_leaf_mold.txt,,5216,6160,369,277,1190,True,True,1,4
B,53d3ab41-9000-495d-9a8f-46f5898f5ee5,tomato/tomato_leaf_mold.txt,,6080,7024,380,288,1190,True,True,3,3
B,c6333b25-4af3-4336-b453-3bf3832b76a4,tomato/tomato_leaf_mold.txt,,6918,7898,397,305,1226,True,True,1,2
B,3c4a3bf3-0ceb-4c4e-973d-59eb62d92e58,tomato/tomato_leaf_mold.txt,,7806,8707,381,289,1147,True,True,1,4
B,791042c2-fe09-43dc-aee6-fadbb84a7a95,tomato/tomato_leaf_mold.txt,,8623,9596,382,290,1219,True,True,1,5
B,aed39b0f-5f8b-4467-8bcf-1a5368e06a62,tomato/tomato_leaf_mold.txt,,9515,10464,376,284,1195,True,True,2,3
B,51a159d4-ffb7-4690-b4fd-76cc8890f000,tomato/tomato_leaf_mold.txt,,10349,11343,359,267,1240,True,True,1,4
B,2a31c272-706b-4b2a-82d1-86838ea5cef8,tomato/tomato_leaf_mold.txt,,11345,12222,321,229,1123,True,True,2,3
B,a8903da7-93a9-40cf-8ea9-1906541299f8,tomato/tomato_leaf_mold.txt,,12099,13085,390,298,1232,True,True,2,2
B,c07eaf58-3f70-4caf-967c-b996dab92423,tomato/tomato_leaf_mold.txt,,12953,13434,227,135,727,True,True,2,2
B,093da88d-ebac-46cd-a42c-cb32cd357dbb,tomato/tomato_leaf_mold.txt,,13436,14433,387,295,1243,True,True,1,1
B,7c4d1050-9959-4cac-bd29-a56afcc4f218,tomato/tomato_leaf_mold.txt,,14285,14971,282,190,932,True,True,1,1
B,320b3690-48a9-4172-be7a-c86043343bd5,tomato/tomato_leaf_mold.txt,,14973,15133,146,54,406,True,True,1,1
B,226a9344-2d20-4956-a108-4d0f539ba99a,tomato/tomato_mosaic_virus.txt,,0,997,364,284,1226,True,True,4,4
B,9049bf89-7b2b-41c3-a507-2390c71e118c,tomato/tomato_mosaic_virus.txt,,871,1862,372,292,1220,True,True,2,4
B,2f043798-71f5-48ab-a717-698a94988339,tomato/tomato_mosaic_virus.txt,,1762,2707,363,283,1174,True,True,1,4
B,05563f4a-fe13-451f-bd71-1c2e489b7ab0,tomato/tomato_mosaic_virus.txt,,2709,3707,376,296,1227,True,True,2,3
B,cedae0d7-6d82-41df-b3ab-f9b3d5f6426e,tomato/tomato_mosaic_virus.txt,,3565,4499,392,312,1163,True,True,1,2
B,19d6f347-ae26-4952-b123-df81c038bbd7,tomato/tomato_mosaic_virus.txt,,4360,5298,356,276,1167,True,True,1,3
B,1d9ca4ef-ebeb-4457-99aa-1e735e3b30b9,tomato/tomato_mosaic_virus.txt,,5186,6160,386,306,1203,True,True,2,3
B,7b8e59fa-2992-4df4-a7a4-087b6a007a1a,tomato/tomato_mosaic_virus.txt,,6062,6962,327,247,1129,True,True,2,4
B,de1a54d9-b4f9-46bb-88ef-7fd694f40578,tomato/tomato_mosaic_virus.txt,,6818,7751,351,271,1162,True,True,2,2
B,d0c12132-40f3-4122-a075-dd72b8d64304,tomato/tomato_mosaic_virus.txt,,7647,8629,365,285,1211,True,True,1,2
B,8f247c21-f850-4a65-8acd-c2664cdc86a1,tomato/tomato_mosaic_virus.txt,,8561,9465,345,265,1133,True,True,1,1
B,36a176e2-e2b6-4011-865e-11b5035a8fb1,tomato/tomato_mosaic_virus.txt,,9378,10346,372,292,1197,True,True,1,2
B,17bbfb4c-fc8c-43c1-86fb-b6a97a518836,tomato/tomato_mosaic_virus.txt,,10217,11152,327,247,1164,True,True,2,3
B,9a422240-8a27-49c3-9926-72316244b63d,tomato/tomato_mosaic_virus.txt,,11015,12013,379,299,1227,True,True,2,3
B,ff4271dd-1b22-4254-a51f-a57cbd21234c,tomato/tomato_mosaic_virus.txt,,11989,12927,383,303,1167,True,True,2,3
B,a55e6176-8a76-4a30-a394-210aeb0fd1c6,tomato/tomato_mosaic_virus.txt,,12802,13159,184,104,586,True,True,2,2
B,3d63b61d-962a-46d4-b13f-34d1f8f8a0a3,tomato/tomato_mosaic_virus.txt,,13161,14152,357,277,1220,True,True,1,1
B,70db8a5f-1ba7-4a41-bec6-95cead1131dd,tomato/tomato_mosaic_virus.txt,,14051,14351,156,76,529,True,True,1,1
B,44c5b337-330d-45f9-a443-3ac8e041a427,tomato/tomato_mosaic_virus.txt,,14353,14633,177,97,509,True,True,1,1
B,aaccbed5-47b6-4273-a76d-466e8e966eae,tomato/tomato_septoria_leaf_spot.txt,,0,997,405,296,1312,True,True,5,5
B,fe3c123e-21ac-42d0-9165-89b6d01e8110,tomato/tomato_septoria_leaf_spot.txt,,905,1890,405,296,1300,True,True,2,4
B,e2979ed1-46e3-418b-8347-bf89d7e374ea,tomato/tomato_septoria_leaf_spot.txt,,1767,2723,400,291,1271,True,True,1,4
B,d68a806c-62fc-46fe-a689-159ffde53866,tomato/tomato_septoria_leaf_spot.txt,,2596,3576,427,318,1295,True,True,2,3
B,8941d12e-d64e-407c-ad7b-b1b302c38f98,tomato/tomato_septoria_leaf_spot.txt,,3458,4432,413,304,1289,True,True,1,3
B,2f810a64-e1be-4779-a630-2aac93cc76dd,tomato/tomato_septoria_leaf_spot.txt,,4312,5179,394,285,1182,True,True,3,4
B,99904c83-0982-4e96-8fde-053a4a33e540,tomato/tomato_septoria_leaf_spot.txt,,5086,6051,418,309,1280,True,True,2,3
B,ddf11973-8e78-4e2a-bb45-9ba93efc5811,tomato/tomato_septoria_leaf_spot.txt,,6053,7030,415,306,1292,True,True,1,5
B,d8bbb590-6f71-4610-81e2-31f5c022be3f,tomato/tomato_septoria_leaf_spot.txt,,6923,7837,410,301,1229,True,True,1,5
B,b35cd6ea-fac7-4b49-a7fb-482007a6e397,tomato/tomato_septoria_leaf_spot.txt,,7746,8722,392,283,1291,True,True,2,4
B,8b6a4aae-068a-4522-b352-6fe5ff84a467,tomato/tomato_septoria_leaf_spot.txt,,8697,9630,408,299,1248,True,True,1,3
B,31e09938-4d30-4c80-9f43-7fa7e94a9377,tomato/tomato_septoria_leaf_spot.txt,,9486,10438,368,259,1267,True,True,1,3
B,a43ebef3-4ff6-4c36-acba-0ff19d34ad12,tomato/tomato_septoria_leaf_spot.txt,,10292,10925,300,191,948,True,True,2,3
B,8f2ed3e5-2fed-461e-94f4-8938f711c6ac,tomato/tomato_septoria_leaf_spot.txt,,10777,11764,413,304,1302,True,True,1,2
B,211541bb-6893-4c16-abb6-36834d94107e,tomato/tomato_septoria_leaf_spot.txt,,11766,11983,175,66,532,True,True,2,2
B,43cebb23-03f8-48cf-9a6c-9fd2f152df83,tomato/tomato_septoria_leaf_spot.txt,,11985,12956,400,291,1286,True,True,1,1
B,91baeaad-31c8-45d5-8eec-c70a0b3c94b8,tomato/tomato_septoria_leaf_spot.txt,,12841,13366,258,149,840,True,True,1,1
B,ac870224-ba79-4d13-b31b-524c18beac64,tomato/tomato_septoria_leaf_spot.txt,,13368,13486,148,39,433,True,True,1,1
B,0fb35721-5206-4b59-ae9c-d75403b9ff5d,tomato/tomato_spider_mites.txt,,0,956,379,293,1164,True,True,4,4
B,cebd0270-fb91-4bd1-87f2-f1ce44293b86,tomato/tomato_spider_mites.txt,,882,1833,383,297,1159,True,True,2,5
B,92470705-c892-4ac5-ab15-b329c06f9172,tomato/tomato_spider_mites.txt,,1779,2728,373,287,1157,True,True,2,7
B,3a9911f7-8cf2-41d0-a074-eb5c8132c233,tomato/tomato_spider_mites.txt,,2581,3515,371,285,1142,True,True,2,5
B,799f98ad-815e-4ca9-b1a6-9f3422d6432e,tomato/tomato_spider_mites.txt,,3400,4371,401,315,1179,True,True,2,5
B,5806e512-e425-4da4-92e6-80e23090724f,tomato/tomato_spider_mites.txt,,4228,5220,409,323,1200,True,True,2,4
B,9508b3cf-5461-42f6-bcee-a494a1ad3330,tomato/tomato_spider_mites.txt,,5114,5929,360,274,1023,True,True,1,2
B,05b0bb60-c4b2-4e46-9e35-2ac01f65ea7b,tomato/tomato_spider_mites.txt,,5829,6749,385,299,1128,True,True,1,2
B,498b11d4-592d-46f0-81ec-5d4677c443b7,tomato/tomato_spider_mites.txt,,6640,7637,388,302,1205,True,True,2,5
B,5dd836bc-782e-4f2d-a151-f895b0641b24,tomato/tomato_spider_mites.txt,,7515,8443,393,307,1136,True,True,2,4
B,12b2f7c1-b7bf-4dc5-abb0-ec9acca327ac,tomato/tomato_spider_mites.txt,,8333,9318,403,317,1193,True,True,1,2
B,6c70af3f-d5b2-4ac0-8781-5d22fc84b84a,tomato/tomato_spider_mites.txt,,9171,10144,410,324,1181,True,True,1,2
B,e161a5a1-61b0-424a-a0ce-16cbdf9083bd,tomato/tomato_spider_mites.txt,,10042,11014,405,319,1180,True,True,1,1
B,9f4ed34a-b8fe-43a3-8604-36535b47a52c,tomato/tomato_spider_mites.txt,,10902,11875,400,314,1181,True,True,1,3
B,6b7278b4-d6bc-46e1-b4b8-1e9a601341e6,tomato/tomato_spider_mites.txt,,11738,12722,378,292,1192,True,True,2,4
B,63d592ee-36c9-4bc6-9ae3-28da5b659fad,tomato/tomato_spider_mites.txt,,12675,13664,385,299,1197,True,True,3,3
B,fe378b9b-f22e-4a72-bec0-6d86b000da72,tomato/tomato_spider_mites.txt,,13666,14652,375,289,1194,True,True,1,1
B,b8e39f66-ce4c-4ce9-831a-ce4880f5d286,tomato/tomato_spider_mites.txt,,14517,15115,264,178,806,True,True,1,1
B,d6c79bea-f09b-47d2-af57-292b1a1000d2,tomato/tomato_spider_mites.txt,,15117,15264,141,55,355,True,True,1,1
B,883ec61f-6813-45c5-8474-ec07a4e73b31,tomato/tomato_target_spot.txt,,0,990,394,301,1272,True,True,4,4
B,859c89da-982b-4575-884b-5208e3261742,tomato/tomato_target_spot.txt,,920,1893,375,282,1255,True,True,3,3
B,d333b0e9-ca79-4fbe-a2b1-01e9465e483b,tomato/tomato_target_spot.txt,,1857,2835,388,295,1260,True,True,2,3
B,516bb35e-7d75-4033-9a77-dda54c52fac0,tomato/tomato_target_spot.txt,,2746,3744,380,287,1280,True,True,1,5
B,16d7d485-6fe4-4986-8cd9-e91d03b7b03a,tomato/tomato_target_spot.txt,,3616,4578,365,272,1244,True,True,1,4
B,e52f8e4b-7837-4310-bc75-944a8b0471ee,tomato/tomato_target_spot.txt,,4433,5412,408,315,1261,True,True,2,2
B,2df78ae9-ee09-4fe6-ae21-5b70f18fa456,tomato/tomato_target_spot.txt,,5279,6214,399,306,1217,True,True,1,3
B,f8082319-9d73-49bd-88d9-98f8352ffe2a,tomato/tomato_target_spot.txt,,6165,7122,405,312,1239,True,True,2,4
B,7ccec3d2-2477-497b-adc9-7dc6f639c913,tomato/tomato_target_spot.txt,,7030,8021,421,328,1273,True,True,2,5
B,a4e0c229-c5c5-4f27-af24-7382a8fdeb35,tomato/tomato_target_spot.txt,,7898,8883,431,338,1267,True,True,2,5
B,09b58a13-7bae-4bbd-bb7b-0b4385712dae,tomato/tomato_target_spot.txt,,8763,9680,386,293,1199,True,True,1,5
B,c05997c4-54bc-4611-9158-c5b3d6d48561,tomato/tomato_target_spot.txt,,9543,10541,403,310,1280,True,True,1,6
B,d5c6034c-e57d-4a72-9264-b3ecd2946df2,tomato/tomato_target_spot.txt,,10420,11397,374,281,1259,True,True,2,4
B,5aa02a7f-cead-4103-a775-4649174dd950,tomato/tomato_target_spot.txt,,11251,12230,406,313,1261,True,True,1,5
B,313f566d-129b-40b8-a300-6f4a4c05ca0a,tomato/tomato_target_spot.txt,,12141,13040,364,271,1181,True,True,1,3
B,929a8c8d-a791-4112-ace9-797f2df12698,tomato/tomato_target_spot.txt,,12993,13978,396,303,1267,True,True,3,3
B,37a252fe-609d-45b5-97af-8defb12f9929,tomato/tomato_target_spot.txt,,13928,14346,216,123,700,True,True,2,2
B,845886c2-c506-403b-bce4-1915f90b3f7a,tomato/tomato_target_spot.txt,,14348,15310,386,293,1244,True,True,1,1
B,5cac9670-f21c-4471-816c-cbf22d5c12c1,tomato/tomato_target_spot.txt,,15194,15839,279,186,927,True,True,1,1
B,16a959eb-d109-4c34-8632-8e71739df5f0,tomato/tomato_target_spot.txt,,15841,16120,189,96,561,True,True,1,1
B,92193350-3e8e-49b7-90e7-ebc79e50da35,tomato/tomato_yellow_leaf_curl_virus.txt,,0,990,393,299,1266,True,True,5,5
B,d4a4ced1-e1d8-4bd8-995b-66d529f6585e,tomato/tomato_yellow_leaf_curl_virus.txt,,879,1836,374,280,1233,True,True,3,5
B,2e43a4e5-478b-4bd5-b406-5de99fc80050,tomato/tomato_yellow_leaf_curl_virus.txt,,1710,2699,387,293,1265,True,True,1,4
B,4ea9ed5a-4076-4169-b6cd-e4fbcaab5fe1,tomato/tomato_yellow_leaf_curl_virus.txt,,2618,3505,354,260,1163,True,True,2,6
B,ce717490-ab29-4259-89de-af2f474d8660,tomato/tomato_yellow_leaf_curl_virus.txt,,3406,4398,398,304,1268,True,True,2,6
B,fba642fc-ba30-4731-82aa-51e3e2dbcf07,tomato/tomato_yellow_leaf_curl_virus.txt,,4258,5235,391,297,1253,True,True,1,5
B,226a9799-9363-47d9-9823-0156cebb5b9d,tomato/tomato_yellow_leaf_curl_virus.txt,,5091,6048,385,291,1233,True,True,2,4
B,5edc3d08-1111-4052-ba9d-fb501fcffcb9,tomato/tomato_yellow_leaf_curl_virus.txt,,5973,6956,388,294,1259,True,True,2,4
B,ced9c888-b783-4c34-8a71-45358198f7c8,tomato/tomato_yellow_leaf_curl_virus.txt,,6819,7793,380,286,1250,True,True,3,4
B,3446a527-a2d8-4e4f-807c-18ab79dbfe94,tomato/tomato_yellow_leaf_curl_virus.txt,,7681,8667,373,279,1262,True,True,1,4
B,c85cbd9a-9717-420a-ba3c-0c1138989f25,tomato/tomato_yellow_leaf_curl_virus.txt,,8614,9420,331,237,1082,True,True,2,4
B,045ea61f-a1a7-446a-b4f4-c6f4c1444c0f,tomato/tomato_yellow_leaf_curl_virus.txt,,9320,10298,388,294,1254,True,True,1,3
B,e947ef3a-4ef7-47d8-a4bc-d4ed3e4d8c76,tomato/tomato_yellow_leaf_curl_virus.txt,,10211,11173,396,302,1238,True,True,2,3
B,13e24af2-1126-481f-b9a0-523db88e86b3,tomato/tomato_yellow_leaf_curl_virus.txt,,11058,12014,384,290,1232,True,True,1,3
B,0cb963c9-db05-45fc-955d-c1393bfa1590,tomato/tomato_yellow_leaf_curl_virus.txt,,11908,12588,286,192,956,True,True,3,3
B,0c98bf8b-276a-4c98-8ece-e86546665032,tomato/tomato_yellow_leaf_curl_virus.txt,,12590,13569,380,286,1255,True,True,1,1
B,a4225d90-d6d8-4bfd-a5e1-3147608e50a9,tomato/tomato_yellow_leaf_curl_virus.txt,,13427,13957,241,147,806,True,True,1,1
B,96c4ec1e-0c12-483b-9717-b4a31f896639,tomato/tomato_yellow_leaf_curl_virus.txt,,13959,14218,181,87,535,True,True,1,1
C,543c5502-e774-4b0b-86f8-cea8f7f45658,apple/apple_black_rot.txt,BỆNH THỐI ĐEN TRÊN CÂY TÁO > TỔNG QUAN,101,356,98,68,337,True,True,1,1
C,dc0b661d-fe91-4354-9c1c-108f3cb13ebe,apple/apple_black_rot.txt,BỆNH THỐI ĐEN TRÊN CÂY TÁO > TRIỆU CHỨNG > Trên quả,387,1245,255,220,953,True,True,1,1
C,7045cd1c-13fa-4b3c-a5f1-62cd458d45c3,apple/apple_black_rot.txt,BỆNH THỐI ĐEN TRÊN CÂY TÁO > TRIỆU CHỨNG > Trên lá,1259,1634,142,107,469,True,True,1,1
C,38404e7b-32f3-4556-a86a-e7d58b92f15e,apple/apple_black_rot.txt,BỆNH THỐI ĐEN TRÊN CÂY TÁO > TRIỆU CHỨNG > Trên cành và thân cây,1662,2348,243,204,794,True,True,1,1
C,915bb61a-2a86-4b70-841e-7a3d3fa6996b,apple/apple_black_rot.txt,"BỆNH THỐI ĐEN TRÊN CÂY TÁO > TÁC NHÂN, CHU KỲ VÀ CƠ CHẾ LÂY LAN",2388,3391,318,276,1110,True,True,1,1
C,6044dcc9-74f4-4fe6-b2c7-c367c707407d,apple/apple_black_rot.txt,BỆNH THỐI ĐEN TRÊN CÂY TÁO > YẾU TỐ LÀM CÂY MẪN CẢM VÀ BỆNH NẶNG HƠN,3436,4487,335,283,1163,True,True,1,1
C,35122e88-7e76-47a9-a3f1-1c89e45e060e,apple/apple_black_rot.txt,BỆNH THỐI ĐEN TRÊN CÂY TÁO > PHÒNG NGỪA > Cắt tỉa đúng thời điểm và đúng kỹ thuật,4548,5562,320,275,1139,True,True,1,1
C,77b8e00b-1b24-45ff-9594-a3e8e4ffd4e9,apple/apple_black_rot.txt,BỆNH THỐI ĐEN TRÊN CÂY TÁO > PHÒNG NGỪA > Duy trì sức khỏe của cây,5593,6320,238,199,837,True,True,1,1
C,4802074f-c8cf-4af8-ad7d-3f7f5c868b13,apple/apple_black_rot.txt,BỆNH THỐI ĐEN TRÊN CÂY TÁO > XỬ LÝ KHI CÂY ĐÃ BỊ BỆNH > Vệ sinh vườn cây,6372,7172,269,222,916,True,True,1,1
C,1470e3bc-44cf-419b-bb88-0cb541cef51d,apple/apple_black_rot.txt,BỆNH THỐI ĐEN TRÊN CÂY TÁO > XỬ LÝ KHI CÂY ĐÃ BỊ BỆNH > Sử dụng thuốc diệt nấm,7201,8155,283,236,1076,True,True,1,1
C,a97956bc-065c-4de3-8ab9-22d7b2f82b2f,apple/apple_black_rot.txt,BỆNH THỐI ĐEN TRÊN CÂY TÁO > LƯU Ý AN TOÀN KHI SỬ DỤNG THUỐC BẢO VỆ THỰC VẬT,8208,8814,209,157,726,True,True,1,1
C,4cea31de-0713-4987-8d40-9450f306dc89,apple/apple_black_rot.txt,BỆNH THỐI ĐEN TRÊN CÂY TÁO > TÓM TẮT BIỆN PHÁP QUẢN LÝ,8845,9405,198,160,658,True,True,1,1
C,3fd0de5f-430d-42d2-9a6c-736d3283c3b3,apple/apple_black_rot.txt,BỆNH THỐI ĐEN TRÊN CÂY TÁO > NGUỒN THAM KHẢO,9426,9516,63,29,178,True,True,1,1
C,8674dadb-62e9-4d7f-b551-7269ea487214,apple/apple_cedar_rust.txt,BỆNH GỈ SẮT TÁO – TUYẾT TÙNG TRÊN CÂY TÁO > TỔNG QUAN,131,817,223,182,784,True,True,1,1
C,e6000cf7-51ba-42f1-b361-8da2b6722dd2,apple/apple_cedar_rust.txt,BỆNH GỈ SẮT TÁO – TUYẾT TÙNG TRÊN CÂY TÁO > TRIỆU CHỨNG > Trên lá,847,1755,300,254,1018,True,True,1,1
C,2b6eeb7f-1452-4eb1-9b78-af5e5923e71d,apple/apple_cedar_rust.txt,BỆNH GỈ SẮT TÁO – TUYẾT TÙNG TRÊN CÂY TÁO > TRIỆU CHỨNG > Trên quả,1770,2213,159,113,554,True,True,1,1
C,3e15019b-e822-45c9-b6f4-cc95eb5b41a4,apple/apple_cedar_rust.txt,BỆNH GỈ SẮT TÁO – TUYẾT TÙNG TRÊN CÂY TÁO > CHU KỲ VÀ CƠ CHẾ LÂY NHIỄM,2245,3336,341,289,1206,True,True,1,1
C,da38e9cc-8cde-4b73-bfc7-a38cbe67bc85,apple/apple_cedar_rust.txt,BỆNH GỈ SẮT TÁO – TUYẾT TÙNG TRÊN CÂY TÁO > ĐIỀU KIỆN THUẬN LỢI CHO BỆNH,3370,3828,186,132,575,True,True,1,1
C,6f73ab4c-8968-4117-a651-6433a378478d,apple/apple_cedar_rust.txt,BỆNH GỈ SẮT TÁO – TUYẾT TÙNG TRÊN CÂY TÁO > MỨC ĐỘ GÂY HẠI,3848,4466,210,163,721,True,True,1,1
C,d27a1ade-456a-4146-88df-9577706b21bf,apple/apple_cedar_rust.txt,BỆNH GỈ SẮT TÁO – TUYẾT TÙNG TRÊN CÂY TÁO > PHÒNG NGỪA > Theo dõi cây thường xuyên,4513,4971,177,128,585,True,True,1,1
C,391a5cc0-230c-40ac-b424-214dd49c5aa9,apple/apple_cedar_rust.txt,BỆNH GỈ SẮT TÁO – TUYẾT TÙNG TRÊN CÂY TÁO > PHÒNG NGỪA > Cắt tỉa và chăm sóc cây,5001,5320,137,84,444,True,True,1,1
C,800d4a86-8b41-4d6c-bcdf-e7a47907fcfd,apple/apple_cedar_rust.txt,BỆNH GỈ SẮT TÁO – TUYẾT TÙNG TRÊN CÂY TÁO > PHÒNG NGỪA > Lựa chọn giống táo kháng bệnh,5356,6110,239,186,885,True,True,1,1
C,a3efb4c7-d417-4e4a-8db6-ce060b26caa5,apple/apple_cedar_rust.txt,BỆNH GỈ SẮT TÁO – TUYẾT TÙNG TRÊN CÂY TÁO > PHÒNG NGỪA > Sử dụng thuốc diệt nấm để phòng bệnh,6153,7148,293,241,1133,True,True,1,1
C,8564d8b5-d021-434c-affb-aec32021341e,apple/apple_cedar_rust.txt,BỆNH GỈ SẮT TÁO – TUYẾT TÙNG TRÊN CÂY TÁO > XỬ LÝ KHI CÂY ĐÃ BỊ BỆNH > Đánh giá và chấp nhận mức độ nhiễm nhẹ khi phù hợp,7234,7620,158,93,552,True,True,1,1
C,85ebf5ae-5b9e-456e-8b51-3986b7e951b2,apple/apple_cedar_rust.txt,BỆNH GỈ SẮT TÁO – TUYẾT TÙNG TRÊN CÂY TÁO > XỬ LÝ KHI CÂY ĐÃ BỊ BỆNH > Loại bỏ cành hoặc nhánh bị bệnh,7658,7859,116,55,348,True,True,1,1
C,5fd131e1-3485-4313-9015-7d6db2eeff74,apple/apple_cedar_rust.txt,BỆNH GỈ SẮT TÁO – TUYẾT TÙNG TRÊN CÂY TÁO > LƯU Ý AN TOÀN KHI SỬ DỤNG THUỐC BẢO VỆ THỰC VẬT,7912,8506,212,149,730,True,True,1,1
C,700ca687-3dee-4ae7-9edb-1cf018bb30de,apple/apple_cedar_rust.txt,BỆNH GỈ SẮT TÁO – TUYẾT TÙNG TRÊN CÂY TÁO > TÓM TẮT CÁCH NHẬN BIẾT VÀ QUẢN LÝ,8545,9517,321,266,1094,True,True,1,1
C,245a6420-3127-4276-9343-e9aab04939ad,apple/apple_cedar_rust.txt,BỆNH GỈ SẮT TÁO – TUYẾT TÙNG TRÊN CÂY TÁO > NGUỒN THAM KHẢO,9538,9629,75,30,195,True,True,1,1
C,7ce5b36e-28b2-44ff-aa83-58c0de6d5653,apple/apple_scab.txt,Bệnh ghẻ táo (Apple Scab) > TÁC NHÂN GÂY BỆNH,285,497,89,59,296,True,True,1,1
C,2e4da080-dfaf-4fef-b46b-670402c6d5ca,apple/apple_scab.txt,Bệnh ghẻ táo (Apple Scab) > BỘ PHẬN BỊ GÂY HẠI,521,689,89,55,253,True,True,1,1
C,7b60e6c0-8a94-4e52-af5d-8baf6ed354ac,apple/apple_scab.txt,Bệnh ghẻ táo (Apple Scab) > TRIỆU CHỨNG > Trên lá,719,1056,130,99,425,True,True,1,1
C,1f10382f-659a-4521-846c-afdc7d092d24,apple/apple_scab.txt,Bệnh ghẻ táo (Apple Scab) > TRIỆU CHỨNG > Trên quả,1071,1445,140,109,463,True,True,1,1
C,8ef96882-daa4-4131-a76d-012bc4da4564,apple/apple_scab.txt,Bệnh ghẻ táo (Apple Scab) > TRIỆU CHỨNG > Trên hoa và cành non,1472,1681,104,69,310,True,True,1,1
C,f0da06c1-dc7b-435f-9147-d5fa9d54d6f6,apple/apple_scab.txt,Bệnh ghẻ táo (Apple Scab) > PHÂN BIỆT VỚI MỘT SỐ BỆNH KHÁC,1717,1977,126,85,357,True,True,1,1
C,a58078c7-7f8a-44c6-bcd9-19a1af3d0a8c,apple/apple_scab.txt,Bệnh ghẻ táo (Apple Scab) > CHU KỲ BỆNH > Giai đoạn lây nhiễm sơ cấp:,2026,2268,110,71,350,True,True,1,1
C,153730ab-0f7e-4177-b28f-7bf809a9fb35,apple/apple_scab.txt,Bệnh ghẻ táo (Apple Scab) > CHU KỲ BỆNH > Giai đoạn lây nhiễm thứ cấp:,2303,2546,108,69,352,True,True,1,1
C,4b6ec9b2-93f4-435e-b6d7-36d6dfd86d41,apple/apple_scab.txt,Bệnh ghẻ táo (Apple Scab) > ĐIỀU KIỆN THUẬN LỢI CHO BỆNH,2580,2947,146,107,462,True,True,1,1
C,e8d4aa6f-de56-450e-b8b8-b060b4e03dee,apple/apple_scab.txt,Bệnh ghẻ táo (Apple Scab) > TÁC HẠI,2960,3460,158,131,574,True,True,1,1
C,4fe35ac5-3fed-48ee-8d77-cb6eaf2c7b1c,apple/apple_scab.txt,Bệnh ghẻ táo (Apple Scab) > PHÒNG NGỪA > Biện pháp canh tác,3500,3851,132,97,449,True,True,1,1
C,bdca062d-b43b-4c5c-a2fe-6b52aac807a2,apple/apple_scab.txt,Bệnh ghẻ táo (Apple Scab) > PHÒNG NGỪA > Biện pháp sinh học,3876,4067,88,54,289,True,True,1,1
C,3f6d5621-e847-4198-aab3-2ab819dbd122,apple/apple_scab.txt,Bệnh ghẻ táo (Apple Scab) > PHÒNG NGỪA > Quản lý theo giai đoạn,4096,4738,224,190,744,True,True,1,1
C,62524e98-4d60-48a8-b136-14218f9eaaf7,apple/apple_scab.txt,Bệnh ghẻ táo (Apple Scab) > QUẢN LÝ BẰNG BIỆN PHÁP HÓA HỌC,4774,5117,125,90,440,True,True,1,1
C,252a916c-5331-446d-9aba-8b0cc4f430a7,apple/apple_scab.txt,Bệnh ghẻ táo (Apple Scab) > NGUỒN THAM KHẢO,5369,5668,102,72,381,True,True,1,1
C,3f1aa4e2-86fe-4474-8678-b164754d4553,cherry/cherry_powdery_mildew.txt,BỆNH PHẤN TRẮNG TRÊN CÂY ANH ĐÀO,36,741,213,181,784,True,True,1,1
C,1861d738-d2cf-4819-ba44-07e1f9d4364a,cherry/cherry_powdery_mildew.txt,BỆNH PHẤN TRẮNG TRÊN CÂY ANH ĐÀO > CÁCH NHẬN BIẾT BỆNH PHẤN TRẮNG > Triệu chứng trên lá,804,2109,397,341,1442,True,True,1,1
C,25d10a20-5b04-448d-b1ce-29d2340a1ab4,cherry/cherry_powdery_mildew.txt,BỆNH PHẤN TRẮNG TRÊN CÂY ANH ĐÀO > CÁCH NHẬN BIẾT BỆNH PHẤN TRẮNG > Triệu chứng trên quả,2138,2669,191,135,669,True,True,1,1
C,0ef4dad6-acb4-44f3-bf2f-b9bd091d4860,cherry/cherry_powdery_mildew.txt,BỆNH PHẤN TRẮNG TRÊN CÂY ANH ĐÀO > VÒNG ĐỜI CỦA NẤM VÀ MỐI LIÊN QUAN ĐẾN QUẢN LÝ BỆNH,2727,3797,342,282,1205,True,True,1,1
C,86410745-0c1e-4b1c-9849-8559c57461cf,cherry/cherry_powdery_mildew.txt,BỆNH PHẤN TRẮNG TRÊN CÂY ANH ĐÀO > BỆNH PHẤN TRẮNG HOẠT ĐỘNG TRONG THỜI GIAN NÀO?,3851,4282,160,102,562,True,True,1,1
C,2d301c6e-dad7-48ee-8327-b269cc226438,cherry/cherry_powdery_mildew.txt,BỆNH PHẤN TRẮNG TRÊN CÂY ANH ĐÀO > ĐIỀU KIỆN KHỞI PHÁT NHIỄM BỆNH,4320,4736,155,103,531,True,True,1,1
C,fa7407dc-f41d-4449-bd66-320d8b4b9c2a,cherry/cherry_powdery_mildew.txt,BỆNH PHẤN TRẮNG TRÊN CÂY ANH ĐÀO > ĐIỀU KIỆN THUẬN LỢI CHO BỆNH PHÁT TRIỂN,4783,5514,260,204,855,True,True,1,1
C,436e9943-19a9-4f67-882c-6e9ce26e0344,cherry/cherry_powdery_mildew.txt,BỆNH PHẤN TRẮNG TRÊN CÂY ANH ĐÀO > BIỆN PHÁP CANH TÁC > Quản lý tưới nước,5563,6492,277,230,1052,True,True,1,1
C,3d452c50-eab9-420c-b973-16ff849dcde3,cherry/cherry_powdery_mildew.txt,BỆNH PHẤN TRẮNG TRÊN CÂY ANH ĐÀO > BIỆN PHÁP CANH TÁC > Cắt tỉa cây,6512,7020,191,143,625,True,True,1,1
C,295381fc-5411-41d5-820b-479504d70c55,cherry/cherry_powdery_mildew.txt,BỆNH PHẤN TRẮNG TRÊN CÂY ANH ĐÀO > BIỆN PHÁP CANH TÁC > Quản lý chồi mọc từ gốc,7052,7538,179,130,615,True,True,1,1
C,b27619f2-35c0-41ad-b91a-6b6a416dfa6d,cherry/cherry_powdery_mildew.txt,BỆNH PHẤN TRẮNG TRÊN CÂY ANH ĐÀO > QUẢN LÝ BỆNH TRÊN LÁ ĐỂ BẢO VỆ QUẢ,7580,8028,159,107,567,True,True,1,1
C,e02fcf57-6c1d-4131-8389-9e81e406b1ea,cherry/cherry_powdery_mildew.txt,BỆNH PHẤN TRẮNG TRÊN CÂY ANH ĐÀO > BIỆN PHÁP HÓA HỌC,8053,9147,298,257,1196,True,True,1,1
C,24dca887-406c-4e40-b786-d5504f04305d,cherry/cherry_powdery_mildew.txt,BỆNH PHẤN TRẮNG TRÊN CÂY ANH ĐÀO > PHÒNG NGỪA KHÁNG THUỐC,9177,9802,207,160,732,True,True,1,1
C,03218196-55c4-4590-acd7-9ed52686f7c2,cherry/cherry_powdery_mildew.txt,BỆNH PHẤN TRẮNG TRÊN CÂY ANH ĐÀO > QUẢN LÝ BỆNH SAU THU HOẠCH,9836,10335,176,129,610,True,True,1,1
C,d0621e72-ad64-437c-8f39-028a4b9edad5,cherry/cherry_powdery_mildew.txt,BỆNH PHẤN TRẮNG TRÊN CÂY ANH ĐÀO > LƯU Ý KHI SỬ DỤNG THUỐC BẢO VỆ THỰC VẬT,10382,11199,258,201,941,True,True,1,1
C,ca751eba-96b2-4783-8d2d-c0877afd2604,cherry/cherry_powdery_mildew.txt,BỆNH PHẤN TRẮNG TRÊN CÂY ANH ĐÀO > TÓM TẮT CÁCH NHẬN BIẾT VÀ QUẢN LÝ,11240,12444,385,333,1322,True,True,1,1
C,1547268c-e0d8-407f-beeb-b21d9df1b4b2,cherry/cherry_powdery_mildew.txt,BỆNH PHẤN TRẮNG TRÊN CÂY ANH ĐÀO > TÓM TẮT CÁCH NHẬN BIẾT VÀ QUẢN LÝ,12289,12638,141,89,467,True,True,1,1
C,125733f8-6a1c-4872-b6f6-65758ba5997f,corn/corn_common_rust.txt,BỆNH GỈ SẮT THÔNG THƯỜNG TRÊN CÂY NGÔ > TỔNG QUAN,162,798,192,158,730,True,True,1,1
C,1b6cee61-9ec7-41a8-955d-7e12c10685ce,corn/corn_common_rust.txt,BỆNH GỈ SẮT THÔNG THƯỜNG TRÊN CÂY NGÔ > TÁC NHÂN GÂY BỆNH,821,1268,157,119,549,True,True,1,1
C,d06687a8-fa56-4f16-996a-b510c94e3bba,corn/corn_common_rust.txt,BỆNH GỈ SẮT THÔNG THƯỜNG TRÊN CÂY NGÔ > CHU KỲ BỆNH VÀ CƠ CHẾ LÂY LAN,1303,2076,251,206,887,True,True,1,1
C,76844641-66c0-4070-bbea-5c97844e8f4d,corn/corn_common_rust.txt,BỆNH GỈ SẮT THÔNG THƯỜNG TRÊN CÂY NGÔ > ĐIỀU KIỆN THUẬN LỢI CHO BỆNH,2110,2883,277,230,886,True,True,1,1
C,d957ae88-f442-4140-a3d5-aa7a295104d9,corn/corn_common_rust.txt,BỆNH GỈ SẮT THÔNG THƯỜNG TRÊN CÂY NGÔ > TRIỆU CHỨNG > Triệu chứng ban đầu trên lá,2933,3449,191,148,642,True,True,1,1
C,63118294-b174-4203-9850-ced925713b3f,corn/corn_common_rust.txt,BỆNH GỈ SẮT THÔNG THƯỜNG TRÊN CÂY NGÔ > TRIỆU CHỨNG > Triệu chứng trên cả hai mặt lá,3487,3768,126,82,410,True,True,1,1
C,71cd51fc-ed51-4038-bb2e-1734e4210a33,corn/corn_common_rust.txt,BỆNH GỈ SẮT THÔNG THƯỜNG TRÊN CÂY NGÔ > TRIỆU CHỨNG > Tổn thương mô xung quanh mụn gỉ,3807,4079,119,73,402,True,True,1,1
C,69e75022-1b80-4a67-a422-b23e2861e1ee,corn/corn_common_rust.txt,BỆNH GỈ SẮT THÔNG THƯỜNG TRÊN CÂY NGÔ > TRIỆU CHỨNG > Mụn gỉ khi già,4101,4290,99,55,302,True,True,1,1
C,ffae67d9-79c9-4133-8071-d989dfd46446,corn/corn_common_rust.txt,BỆNH GỈ SẮT THÔNG THƯỜNG TRÊN CÂY NGÔ > TRIỆU CHỨNG > Triệu chứng trên các bộ phận khác,4331,4536,106,62,337,True,True,1,1
C,d5bf7b19-f94c-4667-a0f1-62dab02e5426,corn/corn_common_rust.txt,BỆNH GỈ SẮT THÔNG THƯỜNG TRÊN CÂY NGÔ > MỨC ĐỘ GÂY HẠI,4556,5744,348,308,1287,True,True,1,1
C,cb86f55f-5c75-41ea-a85b-8746a541c286,corn/corn_common_rust.txt,BỆNH GỈ SẮT THÔNG THƯỜNG TRÊN CÂY NGÔ > PHÂN BIỆT VỚI CÁC BỆNH TƯƠNG TỰ > Phân biệt với bệnh gỉ sắt phương Nam,5823,6418,226,170,750,True,True,1,1
C,f31e8cab-e2a7-44e3-a23b-99bc55c200f0,corn/corn_common_rust.txt,BỆNH GỈ SẮT THÔNG THƯỜNG TRÊN CÂY NGÔ > PHÂN BIỆT VỚI CÁC BỆNH TƯƠNG TỰ > Phân biệt với bệnh đốm nâu Physoderma,6463,6891,187,128,584,True,True,1,1
C,59157375-81e9-4588-b15c-42f6336c2785,corn/corn_common_rust.txt,BỆNH GỈ SẮT THÔNG THƯỜNG TRÊN CÂY NGÔ > PHÂN BIỆT VỚI CÁC BỆNH TƯƠNG TỰ > Phân biệt với bệnh đốm mắt,6925,7326,174,119,546,True,True,1,1
C,180276a7-336a-4f16-a878-c956d7e74f85,corn/corn_common_rust.txt,BỆNH GỈ SẮT THÔNG THƯỜNG TRÊN CÂY NGÔ > PHÂN BIỆT VỚI CÁC BỆNH TƯƠNG TỰ > Phân biệt với bệnh đốm hắc ín,7363,8046,256,198,831,True,True,1,1
C,e3cb9562-1be4-41cf-b923-8647c1e717a3,corn/corn_common_rust.txt,BỆNH GỈ SẮT THÔNG THƯỜNG TRÊN CÂY NGÔ > PHÒNG NGỪA > Lựa chọn giống có khả năng chống chịu,8105,8521,158,111,551,True,True,1,1
C,fa52bc0b-7017-4075-8952-3699b462fe3b,corn/corn_common_rust.txt,BỆNH GỈ SẮT THÔNG THƯỜNG TRÊN CÂY NGÔ > THEO DÕI VÀ RA QUYẾT ĐỊNH > Theo dõi đồng ruộng thường xuyên,8590,9325,256,203,880,True,True,1,1
C,978b64ba-28ba-4d51-8984-3dfea8932887,corn/corn_common_rust.txt,BỆNH GỈ SẮT THÔNG THƯỜNG TRÊN CÂY NGÔ > XỬ LÝ KHI BỆNH ĐÃ XUẤT HIỆN > Sử dụng thuốc diệt nấm,9386,10379,316,263,1130,True,True,1,1
C,13726e67-4e8a-40fb-a412-5736e81137bb,corn/corn_common_rust.txt,BỆNH GỈ SẮT THÔNG THƯỜNG TRÊN CÂY NGÔ > LƯU Ý KHI SỬ DỤNG THUỐC BẢO VỆ THỰC VẬT,10424,10983,201,148,683,True,True,1,1
C,cb5934aa-2bf8-407e-a911-08ca9dcd795d,corn/corn_common_rust.txt,BỆNH GỈ SẮT THÔNG THƯỜNG TRÊN CÂY NGÔ > KIỂM TRA NHANH NGOÀI ĐỒNG RUỘNG,11020,11917,301,256,1013,True,True,1,1
C,dee04eac-eff3-45b1-af43-1a2bf4cc103d,corn/corn_common_rust.txt,BỆNH GỈ SẮT THÔNG THƯỜNG TRÊN CÂY NGÔ > TÓM TẮT CÁCH NHẬN BIẾT VÀ QUẢN LÝ,11956,13127,389,341,1289,True,True,1,1
C,724777bd-f19e-4ea6-980b-404fd9ca1e21,corn/corn_common_rust.txt,BỆNH GỈ SẮT THÔNG THƯỜNG TRÊN CÂY NGÔ > TÓM TẮT CÁCH NHẬN BIẾT VÀ QUẢN LÝ,13023,13208,109,61,303,False,True,1,1
C,3b96a620-30af-45e7-b29d-416194c7508e,corn/corn_common_rust.txt,BỆNH GỈ SẮT THÔNG THƯỜNG TRÊN CÂY NGÔ > NGUỒN THAM KHẢO,13229,13484,119,81,355,True,True,1,1
C,21650a34-01e1-4004-9fe1-6bb3e4e2e0e4,corn/corn_gray_leaf_spot.txt,BỆNH ĐỐM XÁM LÁ TRÊN CÂY NGÔ > TỔNG QUAN,148,781,216,181,721,True,True,1,1
C,33456915-d1c5-4564-8f8c-47738b327c8a,corn/corn_gray_leaf_spot.txt,BỆNH ĐỐM XÁM LÁ TRÊN CÂY NGÔ > TÁC NHÂN GÂY BỆNH,804,1239,167,128,531,True,True,1,1
C,4ee095ea-3d2f-4453-bd1a-fb6c5e5e4685,corn/corn_gray_leaf_spot.txt,BỆNH ĐỐM XÁM LÁ TRÊN CÂY NGÔ > TRIỆU CHỨNG > Triệu chứng ban đầu,1281,1692,146,104,523,True,True,1,1
C,ed8d49cf-f38f-4121-90a1-a4a502de4837,corn/corn_gray_leaf_spot.txt,BỆNH ĐỐM XÁM LÁ TRÊN CÂY NGÔ > TRIỆU CHỨNG > Hình dạng đặc trưng của vết bệnh,1732,2366,205,160,759,True,True,1,1
C,a50d8258-7aab-4b86-bd16-1ca4970387f9,corn/corn_gray_leaf_spot.txt,BỆNH ĐỐM XÁM LÁ TRÊN CÂY NGÔ > TRIỆU CHỨNG > Vết bệnh khi trưởng thành,2399,2870,168,124,589,True,True,1,1
C,78bdebed-4c4e-4726-843b-2e610c137abe,corn/corn_gray_leaf_spot.txt,BỆNH ĐỐM XÁM LÁ TRÊN CÂY NGÔ > TRIỆU CHỨNG > Ảnh hưởng của thời tiết đến hình dạng vết bệnh,2923,3323,151,103,539,True,True,1,1
C,cec9d9bf-15fb-4a6f-825a-46b73a5116c2,corn/corn_gray_leaf_spot.txt,BỆNH ĐỐM XÁM LÁ TRÊN CÂY NGÔ > PHÂN BIỆT VỚI MỘT SỐ BỆNH LÁ KHÁC,3362,3867,195,143,617,True,True,1,1
C,aeb27d1a-18f1-4d2a-82ed-d2e5a25cf42b,corn/corn_gray_leaf_spot.txt,BỆNH ĐỐM XÁM LÁ TRÊN CÂY NGÔ > PHÂN BIỆT VỚI MỘT SỐ BỆNH LÁ KHÁC > Phân biệt với bệnh gỉ sắt thông thường,3913,4186,143,81,426,True,True,1,1
C,aa476184-2a6f-4150-801e-48d10361c23a,corn/corn_gray_leaf_spot.txt,BỆNH ĐỐM XÁM LÁ TRÊN CÂY NGÔ > PHÂN BIỆT VỚI MỘT SỐ BỆNH LÁ KHÁC > Phân biệt với bệnh đốm mắt,4220,4472,139,78,393,True,True,1,1
C,2ce607c6-5160-43a6-bb64-ba1baacac7c0,corn/corn_gray_leaf_spot.txt,BỆNH ĐỐM XÁM LÁ TRÊN CÂY NGÔ > PHÂN BIỆT VỚI MỘT SỐ BỆNH LÁ KHÁC > Phân biệt với bệnh cháy lá thán thư,4515,4827,142,80,462,True,True,1,1
C,ab7cd3aa-04ee-49b9-b340-48510465568b,corn/corn_gray_leaf_spot.txt,BỆNH ĐỐM XÁM LÁ TRÊN CÂY NGÔ > CHU KỲ BỆNH,4844,5298,169,131,544,True,True,1,1
C,b87c2cab-d34c-4fa4-a45e-9bc4299a884d,corn/corn_gray_leaf_spot.txt,BỆNH ĐỐM XÁM LÁ TRÊN CÂY NGÔ > THỜI ĐIỂM BỆNH PHÁT TRIỂN,5329,5959,221,175,734,True,True,1,1
C,e136a218-c5ce-4fc2-baa9-f53f48a6dc14,corn/corn_gray_leaf_spot.txt,BỆNH ĐỐM XÁM LÁ TRÊN CÂY NGÔ > ĐIỀU KIỆN THUẬN LỢI VÀ YẾU TỐ NGUY CƠ > Điều kiện thuận lợi cho bệnh phát triển,6047,6677,252,188,788,True,True,1,1
C,b8d21de1-0183-4244-b990-d574c1866754,corn/corn_gray_leaf_spot.txt,BỆNH ĐỐM XÁM LÁ TRÊN CÂY NGÔ > ĐIỀU KIỆN THUẬN LỢI VÀ YẾU TỐ NGUY CƠ > Các yếu tố làm tăng nguy cơ bệnh,6716,7285,228,164,720,True,True,1,1
C,99debc0b-7775-45c3-a444-4406cf6ffeae,corn/corn_gray_leaf_spot.txt,BỆNH ĐỐM XÁM LÁ TRÊN CÂY NGÔ > MỨC ĐỘ GÂY HẠI > Ảnh hưởng đến năng suất,7334,7926,205,158,711,True,True,1,1
C,f893e8d0-3f19-4f13-99fe-27a8061f4555,corn/corn_gray_leaf_spot.txt,BỆNH ĐỐM XÁM LÁ TRÊN CÂY NGÔ > MỨC ĐỘ GÂY HẠI > Nguy cơ đổ thân và bệnh thối thân cuối vụ,7974,8433,187,133,596,True,True,1,1
C,2304851f-9819-402c-90ab-06669fc55aa5,corn/corn_gray_leaf_spot.txt,BỆNH ĐỐM XÁM LÁ TRÊN CÂY NGÔ > PHÒNG NGỪA > Lựa chọn giống ít mẫn cảm,8480,8858,151,103,495,True,True,1,1
C,602e06dd-99b1-40bf-b46b-b006a11c0fe7,corn/corn_gray_leaf_spot.txt,BỆNH ĐỐM XÁM LÁ TRÊN CÂY NGÔ > PHÒNG NGỪA > Luân canh cây trồng,8884,9300,161,117,527,True,True,1,1
C,e6853563-4134-4e05-a4a7-ba239f25dedb,corn/corn_gray_leaf_spot.txt,BỆNH ĐỐM XÁM LÁ TRÊN CÂY NGÔ > PHÒNG NGỪA > Quản lý tàn dư cây ngô,9329,9805,174,129,590,True,True,1,1
C,bf4e69a1-386d-494d-9558-69a33dd79b33,corn/corn_gray_leaf_spot.txt,BỆNH ĐỐM XÁM LÁ TRÊN CÂY NGÔ > THEO DÕI VÀ RA QUYẾT ĐỊNH,9836,10715,285,240,983,True,True,1,1
C,285e8844-8a77-4fed-8c2e-303edc907ff2,corn/corn_gray_leaf_spot.txt,BỆNH ĐỐM XÁM LÁ TRÊN CÂY NGÔ > XỬ LÝ KHI BỆNH ĐÃ XUẤT HIỆN > Sử dụng thuốc diệt nấm,10776,11575,251,197,930,True,True,1,1
C,e4cbb5bc-73e7-47f0-9990-d2c6c3385ffc,corn/corn_gray_leaf_spot.txt,BỆNH ĐỐM XÁM LÁ TRÊN CÂY NGÔ > XỬ LÝ KHI BỆNH ĐÃ XUẤT HIỆN > Khi nào nên cân nhắc phun thuốc?,11614,12206,232,174,733,True,True,1,1
C,2d78dedb-46cd-47ba-ad15-e2c4422f08c3,corn/corn_gray_leaf_spot.txt,BỆNH ĐỐM XÁM LÁ TRÊN CÂY NGÔ > XỬ LÝ KHI BỆNH ĐÃ XUẤT HIỆN > Phòng ngừa kháng thuốc,12235,12660,166,113,556,True,True,1,1
C,6b59df54-0f14-4a00-9263-47571134d874,corn/corn_gray_leaf_spot.txt,BỆNH ĐỐM XÁM LÁ TRÊN CÂY NGÔ > LƯU Ý KHI SỬ DỤNG THUỐC BẢO VỆ THỰC VẬT,12705,13288,206,152,701,True,True,1,1
C,c09dbbf8-a08a-44de-86f0-3fad4e50c393,corn/corn_gray_leaf_spot.txt,BỆNH ĐỐM XÁM LÁ TRÊN CÂY NGÔ > KIỂM TRA NHANH NGOÀI ĐỒNG RUỘNG,13325,14066,250,204,851,True,True,1,1
C,a99535f5-17f4-46d1-a5f0-99ee76f8dde5,corn/corn_gray_leaf_spot.txt,BỆNH ĐỐM XÁM LÁ TRÊN CÂY NGÔ > TÓM TẮT CÁCH NHẬN BIẾT VÀ QUẢN LÝ,14105,15283,386,337,1290,True,True,1,1
C,de5b3c4b-1582-4df6-83da-6077cf9c6a37,corn/corn_gray_leaf_spot.txt,BỆNH ĐỐM XÁM LÁ TRÊN CÂY NGÔ > TÓM TẮT CÁCH NHẬN BIẾT VÀ QUẢN LÝ,15156,15686,194,145,642,False,True,1,1
C,c9cd7420-04f8-4f52-907b-6a6052de6456,corn/corn_gray_leaf_spot.txt,BỆNH ĐỐM XÁM LÁ TRÊN CÂY NGÔ > NGUỒN THAM KHẢO,15707,15964,134,95,351,True,True,1,1
C,0ecab931-6c18-49a3-a1ad-7049c27bd883,corn/corn_northern_leaf_blight.txt,BỆNH CHÁY LÁ NGÔ PHƯƠNG BẮC > TỔNG QUAN,199,723,180,145,617,True,True,1,1
C,88899a6a-de53-46fc-9d99-3c531c53a314,corn/corn_northern_leaf_blight.txt,BỆNH CHÁY LÁ NGÔ PHƯƠNG BẮC > TÁC NHÂN GÂY BỆNH,746,842,71,32,197,True,True,1,1
C,871f6a15-622d-47f7-bcd7-290d6d610aee,corn/corn_northern_leaf_blight.txt,BỆNH CHÁY LÁ NGÔ PHƯƠNG BẮC > TRIỆU CHỨNG > Triệu chứng ban đầu,884,1238,134,92,471,True,True,1,1
C,b6650ab0-911d-4b95-80fc-3edb5e75476c,corn/corn_northern_leaf_blight.txt,BỆNH CHÁY LÁ NGÔ PHƯƠNG BẮC > TRIỆU CHỨNG > Đặc điểm vết bệnh điển hình,1273,1737,175,131,589,True,True,1,1
C,f8dfc241-0250-491b-9433-a9975ae7df4f,corn/corn_northern_leaf_blight.txt,BỆNH CHÁY LÁ NGÔ PHƯƠNG BẮC > TRIỆU CHỨNG > Vết bệnh khi bệnh phát triển nặng,1778,2056,118,72,409,True,True,1,1
C,fd7f8ff0-08b7-4a28-8fa5-3d1ec6273541,corn/corn_northern_leaf_blight.txt,BỆNH CHÁY LÁ NGÔ PHƯƠNG BẮC > TRIỆU CHỨNG > Triệu chứng trên các giống có mức độ kháng khác nhau,2116,2754,223,174,788,True,True,1,1
C,ead99a4c-7c60-464b-9656-566c6a9dbc63,corn/corn_northern_leaf_blight.txt,BỆNH CHÁY LÁ NGÔ PHƯƠNG BẮC > VỊ TRÍ BỆNH VÀ NGUY CƠ MẤT NĂNG SUẤT,2796,3352,201,148,676,True,True,1,1
C,4e87d184-aca5-45aa-a96e-5a24009fdde4,corn/corn_northern_leaf_blight.txt,BỆNH CHÁY LÁ NGÔ PHƯƠNG BẮC > CHU KỲ BỆNH VÀ CƠ CHẾ LÂY LAN,3387,3768,160,114,494,True,True,1,1
C,64df4a39-7ffa-492e-b117-ecb5cde2568f,corn/corn_northern_leaf_blight.txt,BỆNH CHÁY LÁ NGÔ PHƯƠNG BẮC > CHU KỲ BỆNH VÀ CƠ CHẾ LÂY LAN > Nguồn bệnh đầu vụ,3793,3979,112,61,319,True,True,1,1
C,968bc1ef-38b7-4054-bc07-1d026dad8e3c,corn/corn_northern_leaf_blight.txt,BỆNH CHÁY LÁ NGÔ PHƯƠNG BẮC > CHU KỲ BỆNH VÀ CƠ CHẾ LÂY LAN > Quá trình nhiễm bệnh,4007,4369,150,99,498,True,True,1,1
C,5012b11d-f414-4448-a976-21237b1afade,corn/corn_northern_leaf_blight.txt,BỆNH CHÁY LÁ NGÔ PHƯƠNG BẮC > CHU KỲ BỆNH VÀ CƠ CHẾ LÂY LAN > Lây nhiễm thứ cấp,4394,4908,188,136,647,True,True,1,1
C,3d205a2c-2384-4e06-8651-4a833a2dea55,corn/corn_northern_leaf_blight.txt,BỆNH CHÁY LÁ NGÔ PHƯƠNG BẮC > ĐIỀU KIỆN THUẬN LỢI CHO BỆNH,4942,5301,148,100,471,True,True,1,1
C,4a2be9df-6d21-4506-85f0-0726ec29a7a7,corn/corn_northern_leaf_blight.txt,BỆNH CHÁY LÁ NGÔ PHƯƠNG BẮC > ĐIỀU KIỆN THUẬN LỢI CHO BỆNH > Điều kiện thuận lợi cho tạo bào tử,5343,5795,185,128,601,True,True,1,1
C,4d31d163-6665-4ca1-bd85-c2dd5a688d28,corn/corn_northern_leaf_blight.txt,BỆNH CHÁY LÁ NGÔ PHƯƠNG BẮC > ĐIỀU KIỆN THUẬN LỢI CHO BỆNH > Ảnh hưởng của mưa,5820,6087,128,75,399,True,True,1,1
C,adf674bd-cc95-4773-8b19-20383c14c971,corn/corn_northern_leaf_blight.txt,BỆNH CHÁY LÁ NGÔ PHƯƠNG BẮC > CÁC YẾU TỐ LÀM TĂNG NGUY CƠ BỆNH,6125,6522,177,126,513,True,True,1,1
C,d87154c7-dd17-4dab-ae5e-23d7328e584a,corn/corn_northern_leaf_blight.txt,BỆNH CHÁY LÁ NGÔ PHƯƠNG BẮC > MỨC ĐỘ GÂY HẠI > Ảnh hưởng đến năng suất,6571,7270,235,188,823,True,True,1,1
C,4247d534-0677-48d9-87b1-ea986d56a187,corn/corn_northern_leaf_blight.txt,BỆNH CHÁY LÁ NGÔ PHƯƠNG BẮC > MỨC ĐỘ GÂY HẠI > Nguy cơ thối thân và đổ ngã,7304,7734,173,122,558,True,True,1,1
C,eab3da82-2ad4-40b9-b112-6f58a717bcee,corn/corn_northern_leaf_blight.txt,BỆNH CHÁY LÁ NGÔ PHƯƠNG BẮC > PHÒNG NGỪA,7750,8080,130,93,424,True,True,1,1
C,740a3790-fdf0-4ea2-a148-0145e1e33962,corn/corn_northern_leaf_blight.txt,BỆNH CHÁY LÁ NGÔ PHƯƠNG BẮC > PHÒNG NGỪA > Lựa chọn giống kháng bệnh,8112,9189,336,291,1199,True,True,1,1
C,3b9eb4e8-2a0c-465b-8e9b-752551e486c6,corn/corn_northern_leaf_blight.txt,BỆNH CHÁY LÁ NGÔ PHƯƠNG BẮC > PHÒNG NGỪA > Quản lý tàn dư ngô,9214,9679,177,133,580,True,True,1,1
C,498dda82-b9f3-4ae9-9d86-e2e3d8861b72,corn/corn_northern_leaf_blight.txt,BỆNH CHÁY LÁ NGÔ PHƯƠNG BẮC > PHÒNG NGỪA > Luân canh cây trồng,9705,10118,153,109,529,True,True,1,1
C,c50e5d98-9917-4a83-af03-44b7316ce677,corn/corn_northern_leaf_blight.txt,BỆNH CHÁY LÁ NGÔ PHƯƠNG BẮC > PHÒNG NGỪA > Quản lý cỏ dại và độ ẩm trong ruộng,10160,10508,153,101,480,True,True,1,1
C,a9bf7799-098c-4529-a617-db43b4a4c5e8,corn/corn_northern_leaf_blight.txt,BỆNH CHÁY LÁ NGÔ PHƯƠNG BẮC > THEO DÕI VÀ RA QUYẾT ĐỊNH,10539,11098,202,157,668,True,True,1,1
C,049e0fb7-7d33-4ea3-8a56-287503c620fa,corn/corn_northern_leaf_blight.txt,BỆNH CHÁY LÁ NGÔ PHƯƠNG BẮC > XỬ LÝ KHI BỆNH ĐÃ XUẤT HIỆN > Sử dụng thuốc diệt nấm,11159,12070,304,250,1047,True,True,1,1
C,3ff584ba-9f61-4a80-a663-fff6da3b0d26,corn/corn_northern_leaf_blight.txt,BỆNH CHÁY LÁ NGÔ PHƯƠNG BẮC > LƯU Ý KHI SỬ DỤNG THUỐC BẢO VỆ THỰC VẬT,12115,12611,185,131,619,True,True,1,1
C,c67d65c7-56ae-4881-9745-168f9c92f284,corn/corn_northern_leaf_blight.txt,BỆNH CHÁY LÁ NGÔ PHƯƠNG BẮC > KIỂM TRA NHANH NGOÀI ĐỒNG RUỘNG,12648,13453,269,223,920,True,True,1,1
C,487f7c27-984a-4553-9cbe-ebfa10e5ed66,corn/corn_northern_leaf_blight.txt,BỆNH CHÁY LÁ NGÔ PHƯƠNG BẮC > TÓM TẮT CÁCH NHẬN BIẾT VÀ QUẢN LÝ,13492,14677,387,338,1302,True,True,1,1
C,7eea8c30-ca39-428c-b280-8b811946a8ec,corn/corn_northern_leaf_blight.txt,BỆNH CHÁY LÁ NGÔ PHƯƠNG BẮC > TÓM TẮT CÁCH NHẬN BIẾT VÀ QUẢN LÝ,14539,14994,178,129,572,False,True,1,1
C,77db3259-426b-4379-9deb-2f62d3e45c46,corn/corn_northern_leaf_blight.txt,BỆNH CHÁY LÁ NGÔ PHƯƠNG BẮC > NGUỒN THAM KHẢO,15015,15448,173,134,532,True,True,1,1
C,8ca0a146-249c-4eca-8bba-c6fccad576ab,grape/grape_black_rot.txt,BỆNH THỐI ĐEN TRÊN CÂY NHO > TỔNG QUAN,338,819,162,131,563,True,True,1,1
C,cd00d465-60db-4c7d-8a99-2a0d1bae615b,grape/grape_black_rot.txt,BỆNH THỐI ĐEN TRÊN CÂY NHO > TÁC NHÂN GÂY BỆNH,842,1320,161,126,568,True,True,1,1
C,5528052a-56cb-4619-84b3-42a1c8cfea5b,grape/grape_black_rot.txt,BỆNH THỐI ĐEN TRÊN CÂY NHO > BỘ PHẬN BỊ GÂY HẠI,1344,1563,111,72,310,True,True,1,1
C,40353f09-06f3-4f74-8c1e-a5c3e54961da,grape/grape_black_rot.txt,BỆNH THỐI ĐEN TRÊN CÂY NHO > TRIỆU CHỨNG > Trên lá,1593,2075,166,130,576,True,True,1,1
C,efddf68e-0d91-47b0-aec8-8f27ee9450fd,grape/grape_black_rot.txt,"BỆNH THỐI ĐEN TRÊN CÂY NHO > TRIỆU CHỨNG > Trên chồi, cuống lá và tua cuốn",2113,2451,141,97,456,True,True,1,1
C,302821eb-9d88-4793-bd20-4b52cfb92ceb,grape/grape_black_rot.txt,BỆNH THỐI ĐEN TRÊN CÂY NHO > TRIỆU CHỨNG > Trên quả,2466,2954,168,132,583,True,True,1,1
C,5823ffad-f3cb-41c9-bf2f-0bc28c6eb690,grape/grape_black_rot.txt,BỆNH THỐI ĐEN TRÊN CÂY NHO > PHÂN BIỆT VỚI MỘT SỐ BỆNH KHÁC > Phân biệt với bệnh thối đắng,3024,3356,148,93,466,True,True,1,1
C,875d25d4-3cde-4734-a25a-b316226a382a,grape/grape_black_rot.txt,BỆNH THỐI ĐEN TRÊN CÂY NHO > PHÂN BIỆT VỚI MỘT SỐ BỆNH KHÁC > Phân biệt với Phomopsis trên quả,3395,3620,118,63,363,True,True,1,1
C,8460fba6-46be-4e9d-b52f-0548733fc570,grape/grape_black_rot.txt,BỆNH THỐI ĐEN TRÊN CÂY NHO > CHU KỲ BỆNH VÀ CƠ CHẾ LÂY LAN,3655,4289,226,184,736,True,True,1,1
C,afa9a092-ed5a-4d7f-814b-666005b43bfd,grape/grape_black_rot.txt,BỆNH THỐI ĐEN TRÊN CÂY NHO > ĐIỀU KIỆN THUẬN LỢI CHO BỆNH,4323,4930,219,175,708,True,True,1,1
C,50ea4d38-3289-4088-ac20-10f5eac6c52e,grape/grape_black_rot.txt,BỆNH THỐI ĐEN TRÊN CÂY NHO > GIAI ĐOẠN QUẢ MẪN CẢM,4957,5372,150,110,509,True,True,1,1
C,2648c1dc-6c0b-4775-a7b0-9b0082624683,grape/grape_black_rot.txt,BỆNH THỐI ĐEN TRÊN CÂY NHO > MỨC ĐỘ GÂY HẠI,5392,5781,147,110,476,True,True,1,1
C,51929bb4-7c11-481e-9800-3f9e415e9f65,grape/grape_black_rot.txt,BỆNH THỐI ĐEN TRÊN CÂY NHO > PHÒNG NGỪA > Vệ sinh vườn nho,5819,6308,174,134,591,True,True,1,1
C,3e587d54-6fc4-475d-a09b-1a989a0686e3,grape/grape_black_rot.txt,BỆNH THỐI ĐEN TRÊN CÂY NHO > PHÒNG NGỪA > Quản lý tán,6326,6634,128,91,405,True,True,1,1
C,7c2c656e-62d9-4b50-9aca-69c9e7086ddd,grape/grape_black_rot.txt,BỆNH THỐI ĐEN TRÊN CÂY NHO > THEO DÕI VÀ RA QUYẾT ĐỊNH,6665,7192,192,151,625,True,True,1,1
C,ae9e9a54-7497-4a0b-af4e-714bed35c92c,grape/grape_black_rot.txt,BỆNH THỐI ĐEN TRÊN CÂY NHO > XỬ LÝ KHI BỆNH ĐÃ XUẤT HIỆN > Loại bỏ nguồn bệnh,7249,7550,128,79,422,True,True,1,1
C,4c1b0089-2119-4201-b915-4cc5cc18a34a,grape/grape_black_rot.txt,BỆNH THỐI ĐEN TRÊN CÂY NHO > XỬ LÝ KHI BỆNH ĐÃ XUẤT HIỆN > Sử dụng thuốc diệt nấm,7579,8211,203,153,757,True,True,1,1
C,46cdb450-1113-428d-b2ed-6ecd3fecb355,grape/grape_black_rot.txt,BỆNH THỐI ĐEN TRÊN CÂY NHO > LƯU Ý KHI SỬ DỤNG THUỐC BẢO VỆ THỰC VẬT,8256,8618,152,102,474,True,True,1,1
C,e54a9554-1f75-4b8a-92e4-7ca33e05924d,grape/grape_black_rot.txt,BỆNH THỐI ĐEN TRÊN CÂY NHO > KIỂM TRA NHANH NGOÀI VƯỜN,8649,9138,182,142,587,True,True,1,1
C,6e23b644-fedb-43ef-a856-736ad40b970a,grape/grape_black_rot.txt,BỆNH THỐI ĐEN TRÊN CÂY NHO > NGUỒN THAM KHẢO,9430,10338,299,264,996,True,True,1,1
C,bc5265e7-f1fa-493f-bf00-3957e84fee23,grape/grape_esca.txt,BỆNH ESCA TRÊN CÂY NHO > TỔNG QUAN,121,859,211,184,811,True,True,1,1
C,d992bb53-291b-4603-9d76-f1cdc33e17cf,grape/grape_esca.txt,BỆNH ESCA TRÊN CÂY NHO > TÁC NHÂN LIÊN QUAN ĐẾN BỆNH ESCA,897,1360,154,117,559,True,True,1,1
C,dcaa5492-8822-434f-ad81-5b14834c1990,grape/grape_esca.txt,BỆNH ESCA TRÊN CÂY NHO > CHU KỲ BỆNH VÀ CƠ CHẾ LÂY LAN > Nấm xâm nhập vào cây nho như thế nào?,1438,2071,220,168,766,True,True,1,1
C,27d116fb-4e26-4b42-8c2e-5200a23f93fa,grape/grape_esca.txt,BỆNH ESCA TRÊN CÂY NHO > CHU KỲ BỆNH VÀ CƠ CHẾ LÂY LAN > Bệnh Esca lây lan như thế nào?,2108,2626,180,132,644,True,True,1,1
C,8dd0091f-65de-4cae-9792-8612eeb4192f,grape/grape_esca.txt,BỆNH ESCA TRÊN CÂY NHO > VAI TRÒ CỦA CÁC VẾT CẮT TỈA,2659,3255,201,164,687,True,True,1,1
C,148509b4-4587-4e58-bbb2-2acde20fd8f4,grape/grape_esca.txt,BỆNH ESCA TRÊN CÂY NHO > TRIỆU CHỨNG,3272,3558,98,69,361,True,True,1,1
C,4f04b74b-7164-4285-81a7-75fdcc61a58d,grape/grape_esca.txt,BỆNH ESCA TRÊN CÂY NHO > TRIỆU CHỨNG > Trên lá,3572,4371,256,224,884,True,True,1,1
C,ce69fcc7-3909-41a7-8e8d-b028d734b159,grape/grape_esca.txt,BỆNH ESCA TRÊN CÂY NHO > TRIỆU CHỨNG > Trên chồi và cành,4395,4610,102,66,310,True,True,1,1
C,89dd73a8-8630-434a-b9e3-a738970d0c71,grape/grape_esca.txt,BỆNH ESCA TRÊN CÂY NHO > TRIỆU CHỨNG > Bên trong thân và gỗ,4637,5246,204,169,707,True,True,1,1
C,f49d77cc-09b7-4e26-b99a-ff306a5aecab,grape/grape_esca.txt,BỆNH ESCA TRÊN CÂY NHO > TRIỆU CHỨNG > Trên quả,5261,5680,159,127,505,True,True,1,1
C,eba41a77-770f-457f-9e6a-b67b4a0f00dc,grape/grape_esca.txt,BỆNH ESCA TRÊN CÂY NHO > TRIỆU CHỨNG > Hiện tượng suy kiệt đột ngột,5715,6260,176,138,651,True,True,1,1
C,a6c631f0-fb06-4a9a-bcd3-4e7ed2277fae,grape/grape_esca.txt,BỆNH ESCA TRÊN CÂY NHO > TẠI SAO BỆNH ESCA KHÓ PHÁT HIỆN?,6298,6703,135,97,501,True,True,1,1
C,f2070126-6324-4ec2-970e-8ddcd46dfb05,grape/grape_esca.txt,BỆNH ESCA TRÊN CÂY NHO > PHÂN BIỆT ESCA VỚI THIẾU DINH DƯỠNG,6744,7133,157,114,488,True,True,1,1
C,5c4d18e4-ae1e-411a-b3e2-1e8b939e60eb,grape/grape_esca.txt,BỆNH ESCA TRÊN CÂY NHO > CÁC YẾU TỐ LÀM TĂNG NGUY CƠ BỆNH,7171,7619,174,131,544,True,True,1,1
C,e8e98dbc-bd0b-4007-bc9f-f7d123907ebc,grape/grape_esca.txt,BỆNH ESCA TRÊN CÂY NHO > PHÒNG NGỪA,7635,7847,82,53,286,True,True,1,1
C,c79e3e33-a96c-4a68-9e17-d11df99a94ca,grape/grape_esca.txt,BỆNH ESCA TRÊN CÂY NHO > PHÒNG NGỪA > Vệ sinh dụng cụ cắt tỉa,7877,8169,111,73,392,True,True,1,1
C,555ddf84-5792-45dd-8488-0c7cafc12011,grape/grape_esca.txt,BỆNH ESCA TRÊN CÂY NHO > PHÒNG NGỪA > Quản lý vết cắt tỉa,8195,8694,167,131,595,True,True,1,1
C,15c17c36-3069-4470-b811-3b7bf660d77b,grape/grape_esca.txt,BỆNH ESCA TRÊN CÂY NHO > PHÒNG NGỪA > Quản lý đất và bộ rễ,8721,9104,145,108,480,True,True,1,1
C,9cecc120-4b68-4f09-af0f-13ac9e520a70,grape/grape_esca.txt,BỆNH ESCA TRÊN CÂY NHO > PHÒNG NGỪA > Vai trò của Trichoderma,9134,10050,281,244,1016,True,True,1,1
C,49b87836-1d6f-40bb-a2e8-591c9ec45734,grape/grape_esca.txt,BỆNH ESCA TRÊN CÂY NHO > THEO DÕI VÀ RA QUYẾT ĐỊNH > Theo dõi vườn nho thường xuyên,10117,10537,165,120,542,True,True,1,1
C,eccf011a-20ac-425e-ac16-d72dba452cd6,grape/grape_esca.txt,BỆNH ESCA TRÊN CÂY NHO > XỬ LÝ KHI CÂY ĐÃ BỊ BỆNH > Loại bỏ mô gỗ bị bệnh,10594,10913,129,84,431,True,True,1,1
C,254ea5ba-2da6-464d-971c-9fcf440be8c9,grape/grape_esca.txt,BỆNH ESCA TRÊN CÂY NHO > XỬ LÝ KHI CÂY ĐÃ BỊ BỆNH > Phục hồi cây bằng tạo thân mới,10950,11254,126,79,425,True,True,1,1
C,e2e278b0-f9b9-44d5-9529-de85a82b2b31,grape/grape_esca.txt,BỆNH ESCA TRÊN CÂY NHO > XỬ LÝ KHI CÂY ĐÃ BỊ BỆNH > Loại bỏ cây bệnh nặng,11282,11556,120,76,386,True,True,1,1
C,e1e9b616-6397-443e-a039-fcf16af7a94a,grape/grape_esca.txt,BỆNH ESCA TRÊN CÂY NHO > XỬ LÝ KHI CÂY ĐÃ BỊ BỆNH > Về thuốc diệt nấm và thuốc diệt khuẩn,11600,12354,234,187,882,True,True,1,1
C,cd0c7c04-f83e-46a5-85cc-5e9b4f4faecf,grape/grape_esca.txt,BỆNH ESCA TRÊN CÂY NHO > LƯU Ý KHI SỬ DỤNG SẢN PHẨM BẢO VỆ THỰC VẬT,12402,12898,174,128,602,True,True,1,1
C,d1214a07-7ebb-4752-8517-23a1fcde49aa,grape/grape_esca.txt,BỆNH ESCA TRÊN CÂY NHO > KIỂM TRA NHANH CÂY NGHI BỊ ESCA,12935,13712,254,216,872,True,True,1,1
C,ed2d5953-7e0b-4192-8a3a-19a8955ee8ad,grape/grape_esca.txt,BỆNH ESCA TRÊN CÂY NHO > TÓM TẮT CÁCH NHẬN BIẾT VÀ QUẢN LÝ,13751,14990,389,348,1336,True,True,1,1
C,608dfab6-aa65-409a-b2ff-40d728bad045,grape/grape_esca.txt,BỆNH ESCA TRÊN CÂY NHO > TÓM TẮT CÁCH NHẬN BIẾT VÀ QUẢN LÝ,14858,15331,164,123,570,False,True,1,1
C,0b57cce3-d988-4e90-aac4-cf4b2bb14277,grape/grape_esca.txt,BỆNH ESCA TRÊN CÂY NHO > NGUỒN THAM KHẢO,15352,15635,117,86,362,True,True,1,1
C,58c8b8d7-8eee-4338-af38-aa508364f725,grape/grape_leaf_blight.txt,BỆNH CHÁY LÁ NHO – ISARIOPSIS LEAF SPOT > TỔNG QUAN,235,838,199,161,700,True,True,1,1
C,979a5a4a-f433-4036-a3a9-13eae099e7e4,grape/grape_leaf_blight.txt,BỆNH CHÁY LÁ NHO – ISARIOPSIS LEAF SPOT > TÁC NHÂN GÂY BỆNH,861,1308,170,128,552,True,True,1,1
C,7d3d367f-2d4f-46f4-b8e2-5b6af1c91ada,grape/grape_leaf_blight.txt,BỆNH CHÁY LÁ NHO – ISARIOPSIS LEAF SPOT > BỘ PHẬN BỊ GÂY HẠI,1332,1566,104,58,340,True,True,1,1
C,9e471638-ae5b-4956-86c7-dbd37c4677fb,grape/grape_leaf_blight.txt,BỆNH CHÁY LÁ NHO – ISARIOPSIS LEAF SPOT > TRIỆU CHỨNG,1583,2383,258,218,899,True,True,1,1
C,c935b412-a9fa-4370-a6d3-ba1405611d7f,grape/grape_leaf_blight.txt,BỆNH CHÁY LÁ NHO – ISARIOPSIS LEAF SPOT > DẤU HIỆU HỮU ÍCH ĐỂ NHẬN BIẾT,2418,2856,176,123,555,True,True,1,1
C,36098c3a-a39d-4c9a-99ea-ba0c362c6815,grape/grape_leaf_blight.txt,BỆNH CHÁY LÁ NHO – ISARIOPSIS LEAF SPOT > PHÂN BIỆT VỚI MỘT SỐ BỆNH KHÁC > Phân biệt với bệnh thối đen,2925,3209,141,80,432,True,True,1,1
C,4363dda8-caaf-47cb-aee9-cdf62c89906e,grape/grape_leaf_blight.txt,BỆNH CHÁY LÁ NHO – ISARIOPSIS LEAF SPOT > PHÂN BIỆT VỚI MỘT SỐ BỆNH KHÁC > Phân biệt với Phomopsis cane and leaf spot,3258,3542,150,84,447,True,True,1,1
C,e291e62e-0e72-4f48-a7d4-59da256357a8,grape/grape_leaf_blight.txt,BỆNH CHÁY LÁ NHO – ISARIOPSIS LEAF SPOT > PHÂN BIỆT VỚI MỘT SỐ BỆNH KHÁC > Phân biệt với mốc sương,3572,3819,131,70,391,True,True,1,1
C,685d8bf3-983a-4d98-82c0-3b11384e1c38,grape/grape_leaf_blight.txt,BỆNH CHÁY LÁ NHO – ISARIOPSIS LEAF SPOT > CHU KỲ BỆNH VÀ CƠ CHẾ LÂY LAN,3854,4348,186,137,611,True,True,1,1
C,dd8ca76c-f99a-4a5f-bcc8-a45e42d8112d,grape/grape_leaf_blight.txt,BỆNH CHÁY LÁ NHO – ISARIOPSIS LEAF SPOT > ĐIỀU KIỆN THUẬN LỢI CHO BỆNH,4382,4831,172,121,565,True,True,1,1
C,9ed5280f-d4e1-4da8-a2e7-1ff2d93dda93,grape/grape_leaf_blight.txt,BỆNH CHÁY LÁ NHO – ISARIOPSIS LEAF SPOT > MỨC ĐỘ GÂY HẠI,4851,5480,216,172,731,True,True,1,1
C,e9a1639d-79b2-4cf7-948f-ab2360c98890,grape/grape_leaf_blight.txt,BỆNH CHÁY LÁ NHO – ISARIOPSIS LEAF SPOT > PHÒNG NGỪA > Duy trì tán thông thoáng,5526,5893,148,102,492,True,True,1,1
C,6d6ac885-fb60-424f-82cb-36d826cf3e4f,grape/grape_leaf_blight.txt,BỆNH CHÁY LÁ NHO – ISARIOPSIS LEAF SPOT > PHÒNG NGỪA > Duy trì sức khỏe cây,5920,6198,128,82,399,True,True,1,1
C,51a4b037-62a7-4bae-987d-010ba640a545,grape/grape_leaf_blight.txt,BỆNH CHÁY LÁ NHO – ISARIOPSIS LEAF SPOT > PHÒNG NGỪA > Quản lý lá bệnh,6220,6476,111,66,372,True,True,1,1
C,ed6e51ba-5a6a-48f5-8ddd-4733539df664,grape/grape_leaf_blight.txt,BỆNH CHÁY LÁ NHO – ISARIOPSIS LEAF SPOT > THEO DÕI VÀ RA QUYẾT ĐỊNH,6507,7114,214,166,720,True,True,1,1
C,cba55139-66a9-4d7e-ac92-f4590dab8350,grape/grape_leaf_blight.txt,BỆNH CHÁY LÁ NHO – ISARIOPSIS LEAF SPOT > XỬ LÝ KHI BỆNH ĐÃ XUẤT HIỆN,7147,7787,221,170,755,True,True,1,1
C,338e24c1-4fee-45db-a467-53bdd10cf294,grape/grape_leaf_blight.txt,BỆNH CHÁY LÁ NHO – ISARIOPSIS LEAF SPOT > LƯU Ý KHI SỬ DỤNG THUỐC BẢO VỆ THỰC VẬT,7832,8177,157,100,472,True,True,1,1
C,e61a166b-adc8-4efc-9a10-d6152bbd6c26,grape/grape_leaf_blight.txt,BỆNH CHÁY LÁ NHO – ISARIOPSIS LEAF SPOT > KIỂM TRA NHANH NGOÀI VƯỜN,8208,8793,207,160,698,True,True,1,1
C,6401a6dc-eeaf-46e2-a932-5a0ba7b30daf,grape/grape_leaf_blight.txt,BỆNH CHÁY LÁ NHO – ISARIOPSIS LEAF SPOT > NGUỒN THAM KHẢO,9143,9971,306,264,931,True,True,1,1
C,1658f279-2695-4cd1-8c0b-d442f8eeb752,grape/grape_leaf_blight.txt,BỆNH CHÁY LÁ NHO – ISARIOPSIS LEAF SPOT > NGUỒN THAM KHẢO,9973,10408,177,135,538,True,True,1,1
C,991c5693-6028-4010-9a52-8f06f62ecf6f,peach/peach_bacterial_spot.txt,BỆNH ĐỐM VI KHUẨN TRÊN CÂY ĐÀO > TỔNG QUAN,199,900,220,183,792,True,True,1,1
C,6f9d9f69-1f25-47e0-b85f-e9a2fa9722e0,peach/peach_bacterial_spot.txt,BỆNH ĐỐM VI KHUẨN TRÊN CÂY ĐÀO > TÁC NHÂN GÂY BỆNH,923,1262,139,98,438,True,True,1,1
C,46b9e75c-9c1b-4ac1-b67e-ca43c6babeac,peach/peach_bacterial_spot.txt,BỆNH ĐỐM VI KHUẨN TRÊN CÂY ĐÀO > TRIỆU CHỨNG > Trên lá,1292,2036,247,205,847,True,True,1,1
C,8e1a31da-194f-4a2c-af79-5a4442c1fab2,peach/peach_bacterial_spot.txt,BỆNH ĐỐM VI KHUẨN TRÊN CÂY ĐÀO > TRIỆU CHỨNG > Ảnh hưởng của rụng lá,2064,2417,140,95,470,True,True,1,1
C,1c8809b5-3a77-4a1c-88d3-9c6574d72e0a,peach/peach_bacterial_spot.txt,BỆNH ĐỐM VI KHUẨN TRÊN CÂY ĐÀO > TRIỆU CHỨNG > Trên quả,2432,3345,291,249,1017,True,True,1,1
C,63cc69fe-dcf8-4b12-86ba-5ce0922ec9a2,peach/peach_bacterial_spot.txt,BỆNH ĐỐM VI KHUẨN TRÊN CÂY ĐÀO > PHÂN BIỆT VỚI CÁC VẤN ĐỀ TƯƠNG TỰ > Phân biệt với tổn thương do đồng,3422,4188,265,206,916,True,True,1,1
C,b5e40c79-b8d6-48fd-88f2-3a09167f4d04,peach/peach_bacterial_spot.txt,BỆNH ĐỐM VI KHUẨN TRÊN CÂY ĐÀO > PHÂN BIỆT VỚI CÁC VẤN ĐỀ TƯƠNG TỰ > Phân biệt với bệnh ghẻ đào,4221,4699,216,157,622,True,True,1,1
C,39f9eccd-56bf-4865-96b7-ba581c1969da,peach/peach_bacterial_spot.txt,BỆNH ĐỐM VI KHUẨN TRÊN CÂY ĐÀO > CHU KỲ BỆNH VÀ CƠ CHẾ LÂY LAN,4734,4941,105,57,318,True,True,1,1
C,8785eded-496e-4987-82f1-1b4fe575efb5,peach/peach_bacterial_spot.txt,BỆNH ĐỐM VI KHUẨN TRÊN CÂY ĐÀO > CHU KỲ BỆNH VÀ CƠ CHẾ LÂY LAN > Sự phát tán của vi khuẩn,4972,5181,113,58,347,True,True,1,1
C,4a55478f-e976-4a75-9f31-51a0e9974dea,peach/peach_bacterial_spot.txt,BỆNH ĐỐM VI KHUẨN TRÊN CÂY ĐÀO > ĐIỀU KIỆN THUẬN LỢI CHO BỆNH,5215,5587,159,109,482,True,True,1,1
C,a5b05fa9-4123-4d4b-b4b0-9a4cd4cef5cb,peach/peach_bacterial_spot.txt,BỆNH ĐỐM VI KHUẨN TRÊN CÂY ĐÀO > ĐIỀU KIỆN THUẬN LỢI CHO BỆNH > Giai đoạn quả có nguy cơ cao sau nở hoa,5633,6086,172,110,605,True,True,1,1
C,81675226-2561-4e7a-b047-42303dadb28d,peach/peach_bacterial_spot.txt,BỆNH ĐỐM VI KHUẨN TRÊN CÂY ĐÀO > CÁC YẾU TỐ LÀM TĂNG NGUY CƠ BỆNH,6124,6580,195,142,570,True,True,1,1
C,a3f1e05d-c022-4bfb-ad9d-87880565d08c,peach/peach_bacterial_spot.txt,BỆNH ĐỐM VI KHUẨN TRÊN CÂY ĐÀO > PHÒNG NGỪA,6596,6812,91,52,308,True,True,1,1
C,74f45cad-a602-45bb-989e-78e9f52ac544,peach/peach_bacterial_spot.txt,BỆNH ĐỐM VI KHUẨN TRÊN CÂY ĐÀO > PHÒNG NGỪA > Lựa chọn giống ít mẫn cảm,6844,7266,157,107,542,True,True,1,1
C,c138da61-9464-4d79-b06e-2bdac243485a,peach/peach_bacterial_spot.txt,BỆNH ĐỐM VI KHUẨN TRÊN CÂY ĐÀO > PHÒNG NGỪA > Cắt tỉa đúng cách,7290,7714,172,125,536,True,True,1,1
C,c134bfd2-a1ad-488a-8447-6256e633d773,peach/peach_bacterial_spot.txt,BỆNH ĐỐM VI KHUẨN TRÊN CÂY ĐÀO > PHÒNG NGỪA > Giảm stress cho cây,7740,8025,128,83,399,True,True,1,1
C,3ca4fda8-55d6-418e-a186-9ed588c1c29b,peach/peach_bacterial_spot.txt,BỆNH ĐỐM VI KHUẨN TRÊN CÂY ĐÀO > PHÒNG NGỪA > Quản lý dinh dưỡng,8050,8396,133,89,459,True,True,1,1
C,0b8e7013-11cf-4ba0-bcbf-15f1c564776c,peach/peach_bacterial_spot.txt,BỆNH ĐỐM VI KHUẨN TRÊN CÂY ĐÀO > XỬ LÝ VÀ HẠN CHẾ BỆNH KHI ĐÃ XUẤT HIỆN > Sử dụng đồng,8458,9126,231,172,803,True,True,1,1
C,b4b3a012-de05-4290-8e3f-f6d9cfe73548,peach/peach_bacterial_spot.txt,BỆNH ĐỐM VI KHUẨN TRÊN CÂY ĐÀO > XỬ LÝ VÀ HẠN CHẾ BỆNH KHI ĐÃ XUẤT HIỆN > Về thuốc kháng sinh trong quản lý bệnh,9171,9710,187,123,700,True,True,1,1
C,dda844ce-1ee4-4a6b-9776-305f44c13908,peach/peach_bacterial_spot.txt,BỆNH ĐỐM VI KHUẨN TRÊN CÂY ĐÀO > XỬ LÝ VÀ HẠN CHẾ BỆNH KHI ĐÃ XUẤT HIỆN > Phòng bệnh quan trọng hơn chữa bệnh,9752,10129,164,101,535,True,True,1,1
C,9b0713f3-3241-4b57-92a5-efe578345707,peach/peach_bacterial_spot.txt,BỆNH ĐỐM VI KHUẨN TRÊN CÂY ĐÀO > KIỂM TRA NHANH NGOÀI VƯỜN,10160,10890,261,215,837,True,True,1,1
C,577d2cfd-e4c7-4972-b3b4-8d9a7d06904a,peach/peach_bacterial_spot.txt,BỆNH ĐỐM VI KHUẨN TRÊN CÂY ĐÀO > TÓM TẮT CÁCH NHẬN BIẾT VÀ QUẢN LÝ,10929,12089,391,340,1275,True,True,1,1
C,4fe333ce-7257-4d95-97bf-af11fa861220,peach/peach_bacterial_spot.txt,BỆNH ĐỐM VI KHUẨN TRÊN CÂY ĐÀO > TÓM TẮT CÁCH NHẬN BIẾT VÀ QUẢN LÝ,11957,12428,171,120,586,False,True,1,1
C,e84c125a-6be7-45dd-a01b-bd790dff4898,peach/peach_bacterial_spot.txt,BỆNH ĐỐM VI KHUẨN TRÊN CÂY ĐÀO > NGUỒN THAM KHẢO,12449,13278,277,236,926,True,True,1,1
C,fdc20bc9-52ec-44d6-b0e9-7e2a1cad33f0,pepper_bell/pepper_bell_bacterial_spot.txt,BỆNH ĐỐM LÁ VI KHUẨN TRÊN CÂY ỚT > TỔNG QUAN,270,1119,258,219,948,True,True,1,1
C,61ef05ab-60b3-4e6d-a7ad-e093ce625732,pepper_bell/pepper_bell_bacterial_spot.txt,BỆNH ĐỐM LÁ VI KHUẨN TRÊN CÂY ỚT > TÁC NHÂN GÂY BỆNH,1142,2281,358,315,1246,True,True,1,1
C,4d8c26e0-0b64-4788-a129-5b5c7ac83190,pepper_bell/pepper_bell_bacterial_spot.txt,BỆNH ĐỐM LÁ VI KHUẨN TRÊN CÂY ỚT > TÁC NHÂN GÂY BỆNH,2135,2517,142,99,489,False,True,1,1
C,778688e4-468c-42b2-934e-d4038f48c135,pepper_bell/pepper_bell_bacterial_spot.txt,BỆNH ĐỐM LÁ VI KHUẨN TRÊN CÂY ỚT > TRIỆU CHỨNG > Trên lá,2547,3003,174,130,567,True,True,1,1
C,0df54db4-a7f7-4946-ac47-ee468792e54b,pepper_bell/pepper_bell_bacterial_spot.txt,BỆNH ĐỐM LÁ VI KHUẨN TRÊN CÂY ỚT > TRIỆU CHỨNG > Sự khác biệt triệu chứng giữa các giống,3049,3390,138,88,484,True,True,1,1
C,31f07785-03b6-4527-8f16-c44d01da9f2e,pepper_bell/pepper_bell_bacterial_spot.txt,BỆNH ĐỐM LÁ VI KHUẨN TRÊN CÂY ỚT > TRIỆU CHỨNG > Lá bị rách và thủng,3416,3667,125,76,374,True,True,1,1
C,f326f81f-1b44-4e96-b0c3-d51aa21a24ad,pepper_bell/pepper_bell_bacterial_spot.txt,BỆNH ĐỐM LÁ VI KHUẨN TRÊN CÂY ỚT > TRIỆU CHỨNG > Vàng lá và rụng lá,3692,4017,136,88,447,True,True,1,1
C,3dd0c600-00a4-48c5-b4c9-e3349ddd96dd,pepper_bell/pepper_bell_bacterial_spot.txt,BỆNH ĐỐM LÁ VI KHUẨN TRÊN CÂY ỚT > TRIỆU CHỨNG > Trên quả,4032,4495,172,128,575,True,True,1,1
C,bcde5933-6738-433e-ab67-61daee6189d5,pepper_bell/pepper_bell_bacterial_spot.txt,BỆNH ĐỐM LÁ VI KHUẨN TRÊN CÂY ỚT > TRIỆU CHỨNG > Trên thân,4511,4781,111,67,383,True,True,1,1
C,00131419-171b-43c7-9d45-d56783d790cd,pepper_bell/pepper_bell_bacterial_spot.txt,BỆNH ĐỐM LÁ VI KHUẨN TRÊN CÂY ỚT > CHU KỲ BỆNH VÀ CƠ CHẾ LÂY LAN > Chu kỳ bệnh,4833,5254,168,114,554,True,True,1,1
C,bb9cd16f-4c41-4595-9bac-b75070e405bb,pepper_bell/pepper_bell_bacterial_spot.txt,BỆNH ĐỐM LÁ VI KHUẨN TRÊN CÂY ỚT > CHU KỲ BỆNH VÀ CƠ CHẾ LÂY LAN > Vai trò của hạt giống,5282,5706,154,98,567,True,True,1,1
C,d958dcde-d368-41ff-9626-b11baded5932,pepper_bell/pepper_bell_bacterial_spot.txt,BỆNH ĐỐM LÁ VI KHUẨN TRÊN CÂY ỚT > CHU KỲ BỆNH VÀ CƠ CHẾ LÂY LAN > Cách vi khuẩn lây lan trong ruộng,5746,6029,146,85,438,True,True,1,1
C,2734810b-0024-44a0-aa8a-3019a0ccbd47,pepper_bell/pepper_bell_bacterial_spot.txt,BỆNH ĐỐM LÁ VI KHUẨN TRÊN CÂY ỚT > ĐIỀU KIỆN THUẬN LỢI CHO BỆNH > Điều kiện nóng và ẩm,6089,6413,149,89,465,True,True,1,1
C,6fc323ac-2f3a-4126-b15a-074bfc40f8b5,pepper_bell/pepper_bell_bacterial_spot.txt,BỆNH ĐỐM LÁ VI KHUẨN TRÊN CÂY ỚT > ĐIỀU KIỆN THUẬN LỢI CHO BỆNH > Ảnh hưởng của độ ẩm thấp,6444,6978,200,139,679,True,True,1,1
C,c67d8e82-1198-4db7-8edf-886877e76025,pepper_bell/pepper_bell_bacterial_spot.txt,BỆNH ĐỐM LÁ VI KHUẨN TRÊN CÂY ỚT > NGUYÊN TẮC QUẢN LÝ BỆNH,7007,7455,160,114,561,True,True,1,1
C,e87f1eb4-784e-46da-a7b5-f56d43e027f1,pepper_bell/pepper_bell_bacterial_spot.txt,BỆNH ĐỐM LÁ VI KHUẨN TRÊN CÂY ỚT > PHÒNG NGỪA > Sử dụng giống kháng,7496,8263,260,214,889,True,True,1,1
C,07ed8873-8306-43a0-9017-e7dfec2a1c6d,pepper_bell/pepper_bell_bacterial_spot.txt,BỆNH ĐỐM LÁ VI KHUẨN TRÊN CÂY ỚT > PHÒNG NGỪA > Sử dụng hạt giống và cây con sạch bệnh,8308,8750,164,113,583,True,True,1,1
C,6c708baa-e6e6-4620-bc9e-8e7428dd5ea8,pepper_bell/pepper_bell_bacterial_spot.txt,BỆNH ĐỐM LÁ VI KHUẨN TRÊN CÂY ỚT > PHÒNG NGỪA > Xử lý hạt giống,8772,9721,292,245,1067,True,True,1,1
C,a1831bf0-3bd5-4927-8cd7-b435e0e6147c,pepper_bell/pepper_bell_bacterial_spot.txt,BỆNH ĐỐM LÁ VI KHUẨN TRÊN CÂY ỚT > PHÒNG NGỪA > Quản lý cây con trong nhà kính,9758,10147,165,116,522,True,True,1,1
C,49f08b5c-4ccf-46a7-8976-0bfe5143ad5e,pepper_bell/pepper_bell_bacterial_spot.txt,BỆNH ĐỐM LÁ VI KHUẨN TRÊN CÂY ỚT > PHÒNG NGỪA > Chế phẩm vi sinh có lợi,10177,10564,145,97,513,True,True,1,1
C,63e16f21-5c96-4cd6-9511-c730f1515c71,pepper_bell/pepper_bell_bacterial_spot.txt,BỆNH ĐỐM LÁ VI KHUẨN TRÊN CÂY ỚT > PHÒNG NGỪA > Quản lý tàn dư cây bệnh,10594,11017,162,114,549,True,True,1,1
C,4bd41428-7e59-4283-9ab0-8c49f3c906d8,pepper_bell/pepper_bell_bacterial_spot.txt,BỆNH ĐỐM LÁ VI KHUẨN TRÊN CÂY ỚT > PHÒNG NGỪA > Quản lý cỏ dại và cây mọc tự nhiên,11058,11357,135,83,436,True,True,1,1
C,83a4ae6c-7846-4812-9249-1ad3250820b0,pepper_bell/pepper_bell_bacterial_spot.txt,BỆNH ĐỐM LÁ VI KHUẨN TRÊN CÂY ỚT > PHÒNG NGỪA > Luân canh cây trồng,11383,11818,166,118,557,True,True,1,1
C,5f01a42d-4455-4872-bcb8-9bf246f2bdb6,pepper_bell/pepper_bell_bacterial_spot.txt,BỆNH ĐỐM LÁ VI KHUẨN TRÊN CÂY ỚT > PHÒNG NGỪA > Quản lý nước tưới,11842,12139,138,91,417,True,True,1,1
C,4c1b42a0-f678-46cc-8604-21f42e8f399e,pepper_bell/pepper_bell_bacterial_spot.txt,BỆNH ĐỐM LÁ VI KHUẨN TRÊN CÂY ỚT > PHÒNG NGỪA > Tránh làm việc khi cây đang ướt,12177,12538,148,98,495,True,True,1,1
C,f46eea2d-d246-4332-b723-2fbfcb448b8c,pepper_bell/pepper_bell_bacterial_spot.txt,BỆNH ĐỐM LÁ VI KHUẨN TRÊN CÂY ỚT > XỬ LÝ VÀ HẠN CHẾ BỆNH KHI ĐÃ XUẤT HIỆN > Sử dụng streptomycin,12608,13140,191,127,683,True,True,1,1
C,4af42988-2e68-4e92-9a03-db1d2754387d,pepper_bell/pepper_bell_bacterial_spot.txt,BỆNH ĐỐM LÁ VI KHUẨN TRÊN CÂY ỚT > XỬ LÝ VÀ HẠN CHẾ BỆNH KHI ĐÃ XUẤT HIỆN > Sử dụng đồng,13159,13804,222,161,788,True,True,1,1
C,a4740e79-2ca9-4ef2-92c6-96762947cbe0,pepper_bell/pepper_bell_bacterial_spot.txt,BỆNH ĐỐM LÁ VI KHUẨN TRÊN CÂY ỚT > QUẢN LÝ TỔNG HỢP,13826,14363,199,155,643,True,True,1,1
C,83e73605-08e1-4d04-9423-29564b063d3f,pepper_bell/pepper_bell_bacterial_spot.txt,BỆNH ĐỐM LÁ VI KHUẨN TRÊN CÂY ỚT > KIỂM TRA NHANH NGOÀI RUỘNG,14395,15193,278,231,914,True,True,1,1
C,a19398d4-743d-4e96-be26-72e40e9f1473,pepper_bell/pepper_bell_bacterial_spot.txt,BỆNH ĐỐM LÁ VI KHUẨN TRÊN CÂY ỚT > LƯU Ý KHI SỬ DỤNG SẢN PHẨM BẢO VỆ THỰC VẬT,15241,15787,197,139,678,True,True,1,1
C,585e9075-497a-4bc3-bf8c-cbebd4e27093,pepper_bell/pepper_bell_bacterial_spot.txt,BỆNH ĐỐM LÁ VI KHUẨN TRÊN CÂY ỚT > TÓM TẮT CÁCH NHẬN BIẾT VÀ QUẢN LÝ,15826,17077,398,345,1374,True,True,1,1
C,81128e8e-aaa7-4309-a8dd-7dfe52b07bb4,pepper_bell/pepper_bell_bacterial_spot.txt,BỆNH ĐỐM LÁ VI KHUẨN TRÊN CÂY ỚT > TÓM TẮT CÁCH NHẬN BIẾT VÀ QUẢN LÝ,16944,17409,181,128,588,False,True,1,1
C,eb05ed72-1cff-4d28-ae0d-bd3f01435650,pepper_bell/pepper_bell_bacterial_spot.txt,BỆNH ĐỐM LÁ VI KHUẨN TRÊN CÂY ỚT > NGUỒN THAM KHẢO,17430,18297,304,261,972,True,True,1,1
C,5c3f1a14-6316-405f-9546-497143d28130,potato/potato_early_blight.txt,BỆNH CHÁY SỚM TRÊN CÂY KHOAI TÂY > TỔNG QUAN,210,773,181,143,655,True,True,1,1
C,fafb0715-22d1-4e4e-8269-d04f551c084d,potato/potato_early_blight.txt,BỆNH CHÁY SỚM TRÊN CÂY KHOAI TÂY > TÁC NHÂN GÂY BỆNH,796,1199,158,116,503,True,True,1,1
C,aa593aab-2b7c-403d-9f20-70be0ff862ce,potato/potato_early_blight.txt,BỆNH CHÁY SỚM TRÊN CÂY KHOAI TÂY > TRIỆU CHỨNG > Trên lá,1229,1520,127,84,395,True,True,1,1
C,c3d93d89-32eb-40cf-9fdc-75a0bbea114e,potato/potato_early_blight.txt,BỆNH CHÁY SỚM TRÊN CÂY KHOAI TÂY > TRIỆU CHỨNG > Dấu hiệu vòng đồng tâm,1549,1899,142,94,469,True,True,1,1
C,8de2c4c4-4143-4123-8801-721b68bfedc3,potato/potato_early_blight.txt,BỆNH CHÁY SỚM TRÊN CÂY KHOAI TÂY > TRIỆU CHỨNG > Vết bệnh liên kết,1923,2179,120,74,370,True,True,1,1
C,8e7e2dcc-2930-4879-aac6-3b602fbf7e16,potato/potato_early_blight.txt,BỆNH CHÁY SỚM TRÊN CÂY KHOAI TÂY > TRIỆU CHỨNG > Trên cuống lá và thân,2207,2448,114,67,359,True,True,1,1
C,16e8dc1a-adb8-4966-9179-a5a37cbcd3f2,potato/potato_early_blight.txt,BỆNH CHÁY SỚM TRÊN CÂY KHOAI TÂY > TRIỆU CHỨNG > Trên củ,2462,3404,316,273,1046,True,True,1,1
C,0e1a6dff-6948-4bd0-beaa-8d1d2aaa3342,potato/potato_early_blight.txt,BỆNH CHÁY SỚM TRÊN CÂY KHOAI TÂY > TRIỆU CHỨNG > Phân biệt tổn thương củ với bệnh mốc sương muộn,3458,4060,229,176,746,True,True,1,1
C,da85db48-6c48-4197-9874-2aca8515b423,potato/potato_early_blight.txt,BỆNH CHÁY SỚM TRÊN CÂY KHOAI TÂY > THỜI GIAN XUẤT HIỆN TRIỆU CHỨNG,4097,4451,147,96,468,True,True,1,1
C,b1f6c313-5746-432c-9296-ad268872192c,potato/potato_early_blight.txt,BỆNH CHÁY SỚM TRÊN CÂY KHOAI TÂY > CHU KỲ BỆNH VÀ CƠ CHẾ LÂY LAN,4486,4732,116,67,358,True,True,1,1
C,c3395449-f610-4a67-ab8e-3d10f4928044,potato/potato_early_blight.txt,BỆNH CHÁY SỚM TRÊN CÂY KHOAI TÂY > CHU KỲ BỆNH VÀ CƠ CHẾ LÂY LAN > Quá trình nhiễm bệnh,4759,5047,146,92,423,True,True,1,1
C,aa4b5f23-0f94-4b2e-9b3c-48f8a84b558f,potato/potato_early_blight.txt,BỆNH CHÁY SỚM TRÊN CÂY KHOAI TÂY > CHU KỲ BỆNH VÀ CƠ CHẾ LÂY LAN > Nhiều chu kỳ bệnh trong một vụ,5084,5321,126,69,382,True,True,1,1
C,40ea1478-3aaa-48ad-8bf2-d628258bc69e,potato/potato_early_blight.txt,BỆNH CHÁY SỚM TRÊN CÂY KHOAI TÂY > ĐIỀU KIỆN THUẬN LỢI CHO BỆNH,5355,5832,199,148,588,True,True,1,1
C,e5b67d9c-b7d6-4bd0-8fcf-dee3a43254ce,potato/potato_early_blight.txt,BỆNH CHÁY SỚM TRÊN CÂY KHOAI TÂY > THỜI ĐIỂM VÀ GIAI ĐOẠN CÂY MẪN CẢM > Thời điểm bệnh tăng nhanh,5903,6219,136,75,461,True,True,1,1
C,6d1b8649-edf2-41a3-84e1-bbd89c5447b6,potato/potato_early_blight.txt,BỆNH CHÁY SỚM TRÊN CÂY KHOAI TÂY > THỜI ĐIỂM VÀ GIAI ĐOẠN CÂY MẪN CẢM > Vai trò của tuổi cây,6246,6567,146,85,461,True,True,1,1
C,3ee517b6-4807-41cd-9fac-99797c2613e9,potato/potato_early_blight.txt,BỆNH CHÁY SỚM TRÊN CÂY KHOAI TÂY > MỨC ĐỘ GÂY HẠI,6587,6956,147,103,466,True,True,1,1
C,ca5c1c78-7242-430f-bb01-077f7a309720,potato/potato_early_blight.txt,BỆNH CHÁY SỚM TRÊN CÂY KHOAI TÂY > CÁC YẾU TỐ LÀM BỆNH NẶNG HƠN,6990,7397,166,114,518,True,True,1,1
C,dcaf5efb-66dc-40de-bf41-7a0a9f7c2992,potato/potato_early_blight.txt,BỆNH CHÁY SỚM TRÊN CÂY KHOAI TÂY > PHÂN BIỆT KHÁI QUÁT VỚI BỆNH MỐC SƯƠNG MUỘN,7446,7871,172,114,551,True,True,1,1
C,f48973ef-e897-48ca-aacc-4c13759f1273,potato/potato_early_blight.txt,BỆNH CHÁY SỚM TRÊN CÂY KHOAI TÂY > PHÒNG NGỪA,7887,8072,89,49,278,True,True,1,1
C,30e6047e-3f6b-4b11-b81d-31c7fa0c0e1f,potato/potato_early_blight.txt,BỆNH CHÁY SỚM TRÊN CÂY KHOAI TÂY > PHÒNG NGỪA > Luân canh cây trồng,8098,8436,142,95,453,True,True,1,1
C,3065ea08-cf2d-44a7-b72b-8a79c6731204,potato/potato_early_blight.txt,BỆNH CHÁY SỚM TRÊN CÂY KHOAI TÂY > PHÒNG NGỪA > Quản lý tàn dư,8457,8839,154,109,492,True,True,1,1
C,c40bf4c5-a474-4880-a105-016615754615,potato/potato_early_blight.txt,BỆNH CHÁY SỚM TRÊN CÂY KHOAI TÂY > PHÒNG NGỪA > Sử dụng củ giống sạch bệnh,8872,9057,93,46,307,True,True,1,1
C,f2f74433-c083-4c4b-9fc6-ae1bb41481f2,potato/potato_early_blight.txt,BỆNH CHÁY SỚM TRÊN CÂY KHOAI TÂY > PHÒNG NGỪA > Quản lý nước tưới,9081,9377,133,87,409,True,True,1,1
C,f08487f8-e05d-4e5f-bb61-f707814c92ec,potato/potato_early_blight.txt,BỆNH CHÁY SỚM TRÊN CÂY KHOAI TÂY > PHÒNG NGỪA > Quản lý dinh dưỡng,9402,9772,138,93,484,True,True,1,1
C,d5288a1a-75cf-4cf6-a322-3a1bfe13513f,potato/potato_early_blight.txt,BỆNH CHÁY SỚM TRÊN CÂY KHOAI TÂY > PHÒNG NGỪA > Quản lý các bệnh và stress khác,9810,10090,128,80,407,True,True,1,1
C,1efbfc08-7bc9-4bd0-aa7e-97db7db4d1c9,potato/potato_early_blight.txt,BỆNH CHÁY SỚM TRÊN CÂY KHOAI TÂY > PHÒNG NGỪA > Quản lý củ sau thu hoạch,10121,10524,158,111,523,True,True,1,1
C,3941aba5-93aa-4fae-9419-2e3424c7b6e7,potato/potato_early_blight.txt,BỆNH CHÁY SỚM TRÊN CÂY KHOAI TÂY > PHÒNG NGỪA > Mức độ mẫn cảm của giống,10555,11026,176,126,591,True,True,1,1
C,c5666262-dfb4-4c49-9cc6-023a8194695c,potato/potato_early_blight.txt,BỆNH CHÁY SỚM TRÊN CÂY KHOAI TÂY > THEO DÕI VÀ RA QUYẾT ĐỊNH > Theo dõi ruộng,11077,11505,173,119,553,True,True,1,1
C,474ed57e-264a-41f2-8ecd-cec211a927de,potato/potato_early_blight.txt,BỆNH CHÁY SỚM TRÊN CÂY KHOAI TÂY > THEO DÕI VÀ RA QUYẾT ĐỊNH > Chỉ số P-Day,11524,11970,172,118,569,True,True,1,1
C,52c87284-0e9f-48ea-8708-436b1ac075bf,potato/potato_early_blight.txt,BỆNH CHÁY SỚM TRÊN CÂY KHOAI TÂY > XỬ LÝ KHI BỆNH ĐÃ XUẤT HIỆN > Sử dụng thuốc diệt nấm,12031,12435,159,102,539,True,True,1,1
C,f04e5949-ed80-4329-8259-e7938a8d2379,potato/potato_early_blight.txt,BỆNH CHÁY SỚM TRÊN CÂY KHOAI TÂY > XỬ LÝ KHI BỆNH ĐÃ XUẤT HIỆN > Thông tin về các hoạt chất trong nguồn Bayer,12486,13240,263,201,911,True,True,1,1
C,29b09263-6448-48bb-a6e8-237c3ca2ae00,potato/potato_early_blight.txt,BỆNH CHÁY SỚM TRÊN CÂY KHOAI TÂY > XỬ LÝ KHI BỆNH ĐÃ XUẤT HIỆN > Phòng ngừa kháng thuốc,13269,13683,168,112,549,True,True,1,1
C,eda2d8a5-8c1d-4167-85ec-384e6010448e,potato/potato_early_blight.txt,BỆNH CHÁY SỚM TRÊN CÂY KHOAI TÂY > KIỂM TRA NHANH NGOÀI RUỘNG,13715,14471,262,216,865,True,True,1,1
C,b2b02dad-7b9e-49ce-9e52-f392023ca0cd,potato/potato_early_blight.txt,BỆNH CHÁY SỚM TRÊN CÂY KHOAI TÂY > LƯU Ý KHI SỬ DỤNG THUỐC BẢO VỆ THỰC VẬT,14516,14965,173,116,571,True,True,1,1
C,1caa6e54-7fe4-41c1-bdea-c987a050ad2e,potato/potato_early_blight.txt,BỆNH CHÁY SỚM TRÊN CÂY KHOAI TÂY > TÓM TẮT CÁCH NHẬN BIẾT VÀ QUẢN LÝ,15004,16239,391,339,1351,True,True,1,1
C,986e29b0-03db-4ba3-a0a7-ab1e089fabfc,potato/potato_early_blight.txt,BỆNH CHÁY SỚM TRÊN CÂY KHOAI TÂY > TÓM TẮT CÁCH NHẬN BIẾT VÀ QUẢN LÝ,16100,16625,192,140,641,False,True,1,1
C,f8cb6722-7471-4d4c-bf96-61c348e622ce,potato/potato_early_blight.txt,BỆNH CHÁY SỚM TRÊN CÂY KHOAI TÂY > NGUỒN THAM KHẢO,16646,17259,231,189,711,True,True,1,1
C,86bf75ef-b88b-43b9-87c0-4cb4df3fe727,potato/potato_late_blight.txt,BỆNH MỐC SƯƠNG MUỘN TRÊN CÂY KHOAI TÂY > TỔNG QUAN,252,774,178,139,619,True,True,1,1
C,65b54de1-3d20-40ae-9068-332852e64cf8,potato/potato_late_blight.txt,BỆNH MỐC SƯƠNG MUỘN TRÊN CÂY KHOAI TÂY > TÁC NHÂN GÂY BỆNH,797,1175,150,107,483,True,True,1,1
C,97eead80-cf5b-43ea-8057-d755180085dd,potato/potato_late_blight.txt,BỆNH MỐC SƯƠNG MUỘN TRÊN CÂY KHOAI TÂY > CÂY KÝ CHỦ,1191,1468,118,78,375,True,True,1,1
C,7e6b4775-d3c6-4a83-bfe4-6f045cb1f001,potato/potato_late_blight.txt,BỆNH MỐC SƯƠNG MUỘN TRÊN CÂY KHOAI TÂY > TRIỆU CHỨNG > Trên lá,1498,1892,148,104,503,True,True,1,1
C,415d19d2-f174-4420-a567-77a0d3722d3a,potato/potato_late_blight.txt,BỆNH MỐC SƯƠNG MUỘN TRÊN CÂY KHOAI TÂY > TRIỆU CHỨNG > Lớp bào tử trắng ở mặt dưới lá,1929,2346,176,124,549,True,True,1,1
C,d78d3429-202d-4e9c-beeb-7db70a7895e9,potato/potato_late_blight.txt,BỆNH MỐC SƯƠNG MUỘN TRÊN CÂY KHOAI TÂY > TRIỆU CHỨNG > Trên cuống lá và thân,2374,2661,128,80,410,True,True,1,1
C,c760af48-1a06-4c17-ac67-6ab042de755a,potato/potato_late_blight.txt,BỆNH MỐC SƯƠNG MUỘN TRÊN CÂY KHOAI TÂY > TRIỆU CHỨNG > Trên củ,2675,3199,199,155,633,True,True,1,1
C,15debff8-0de5-4c0b-8793-92d763972f45,potato/potato_late_blight.txt,BỆNH MỐC SƯƠNG MUỘN TRÊN CÂY KHOAI TÂY > PHÂN BIỆT VỚI BỆNH CHÁY SỚM > Trên lá,3245,3565,149,94,445,True,True,1,1
C,dc37cfae-308d-4907-95c6-cc1f921b218f,potato/potato_late_blight.txt,BỆNH MỐC SƯƠNG MUỘN TRÊN CÂY KHOAI TÂY > PHÂN BIỆT VỚI BỆNH CHÁY SỚM > Trên củ,3579,3846,137,82,392,True,True,1,1
C,5bdf918b-4dab-4825-8fbc-4b053eb37838,potato/potato_late_blight.txt,BỆNH MỐC SƯƠNG MUỘN TRÊN CÂY KHOAI TÂY > NGUỒN BỆNH VÀ SỰ TỒN TẠI,3876,4288,169,120,524,True,True,1,1
C,8b063622-688c-454c-9873-05dd6b4412ba,potato/potato_late_blight.txt,BỆNH MỐC SƯƠNG MUỘN TRÊN CÂY KHOAI TÂY > CHU KỲ BỆNH VÀ CƠ CHẾ LÂY LAN,4323,4947,219,169,741,True,True,1,1
C,c994ef31-278f-4f60-b4b7-d0d4f2a5875c,potato/potato_late_blight.txt,BỆNH MỐC SƯƠNG MUỘN TRÊN CÂY KHOAI TÂY > CƠ CHẾ NHIỄM CỦ,4968,5303,146,101,438,True,True,1,1
C,a9a6317a-24dc-4f55-a9bd-d11c57cca721,potato/potato_late_blight.txt,BỆNH MỐC SƯƠNG MUỘN TRÊN CÂY KHOAI TÂY > ĐIỀU KIỆN THUẬN LỢI CHO BỆNH,5337,5715,168,116,494,True,True,1,1
C,ce4e2c37-10f0-4f03-9eb3-cb633afed00b,potato/potato_late_blight.txt,BỆNH MỐC SƯƠNG MUỘN TRÊN CÂY KHOAI TÂY > MỨC ĐỘ GÂY HẠI,5735,6044,140,95,411,True,True,1,1
C,b246902b-8a43-465d-8359-2f2efb653f63,potato/potato_late_blight.txt,BỆNH MỐC SƯƠNG MUỘN TRÊN CÂY KHOAI TÂY > PHÒNG NGỪA > Sử dụng củ giống sạch bệnh,6092,6273,97,49,308,True,True,1,1
C,2f94bd06-63f6-42e3-a025-75d902510a88,potato/potato_late_blight.txt,BỆNH MỐC SƯƠNG MUỘN TRÊN CÂY KHOAI TÂY > PHÒNG NGỪA > Loại bỏ nguồn bệnh,6298,6589,136,90,410,True,True,1,1
C,9d034c81-341a-4e0f-86c0-7481a775a834,potato/potato_late_blight.txt,BỆNH MỐC SƯƠNG MUỘN TRÊN CÂY KHOAI TÂY > PHÒNG NGỪA > Luân canh,6605,6846,115,69,351,True,True,1,1
C,4d9c57d7-00a2-45ca-88bd-3110ec087cf6,potato/potato_late_blight.txt,BỆNH MỐC SƯƠNG MUỘN TRÊN CÂY KHOAI TÂY > PHÒNG NGỪA > Quản lý tán và nước tưới,6877,7101,116,67,349,True,True,1,1
C,1410382a-1222-44b4-a7bb-00db49a79ca6,potato/potato_late_blight.txt,BỆNH MỐC SƯƠNG MUỘN TRÊN CÂY KHOAI TÂY > THEO DÕI VÀ RA QUYẾT ĐỊNH,7132,7726,228,179,707,True,True,1,1
C,b851f27f-3455-4b9e-9624-46f603e0bf09,potato/potato_late_blight.txt,BỆNH MỐC SƯƠNG MUỘN TRÊN CÂY KHOAI TÂY > XỬ LÝ KHI BỆNH ĐÃ XUẤT HIỆN > Loại bỏ ổ bệnh khi còn khu trú,7795,8017,117,55,370,True,True,1,1
C,1f84e359-a14f-4b05-a47d-91a74890d3cb,potato/potato_late_blight.txt,BỆNH MỐC SƯƠNG MUỘN TRÊN CÂY KHOAI TÂY > XỬ LÝ KHI BỆNH ĐÃ XUẤT HIỆN > Quản lý tán trước thu hoạch,8051,8534,184,125,628,True,True,1,1
C,4cfc085f-4957-4b4d-8075-da4332457463,potato/potato_late_blight.txt,BỆNH MỐC SƯƠNG MUỘN TRÊN CÂY KHOAI TÂY > XỬ LÝ KHI BỆNH ĐÃ XUẤT HIỆN > Sử dụng thuốc phòng trừ,8564,9234,236,178,811,True,True,1,1
C,88fd053f-5116-4fd8-aeeb-c2f8d8e7d9df,potato/potato_late_blight.txt,BỆNH MỐC SƯƠNG MUỘN TRÊN CÂY KHOAI TÂY > QUẢN LÝ CỦ SAU THU HOẠCH,9264,9625,149,102,473,True,True,1,1
C,bc9bc9b8-9553-4461-9ea9-3816c1a42280,potato/potato_late_blight.txt,BỆNH MỐC SƯƠNG MUỘN TRÊN CÂY KHOAI TÂY > LƯU Ý KHI SỬ DỤNG THUỐC BẢO VỆ THỰC VẬT,9670,10084,175,117,541,True,True,1,1
C,0537a0fd-b80f-4dc7-85fe-42a0d44680cd,potato/potato_late_blight.txt,BỆNH MỐC SƯƠNG MUỘN TRÊN CÂY KHOAI TÂY > KIỂM TRA NHANH NGOÀI RUỘNG,10116,10747,236,189,745,True,True,1,1
C,a8d763be-8c75-48e2-9c96-c45f0a574000,potato/potato_late_blight.txt,BỆNH MỐC SƯƠNG MUỘN TRÊN CÂY KHOAI TÂY > NGUỒN THAM KHẢO,11073,11971,321,278,1001,True,True,1,1
C,e7115a2c-7526-41fd-866f-4663cd60b071,squash/squash_powdery_mildew.txt,BỆNH PHẤN TRẮNG TRÊN CÂY BÍ,31,674,209,178,717,True,True,1,1
C,5f890178-edd7-4999-a428-a52435d90672,squash/squash_powdery_mildew.txt,BỆNH PHẤN TRẮNG TRÊN CÂY BÍ > TÁC NHÂN GÂY BỆNH,699,1252,187,146,650,True,True,1,1
C,eb65e51d-68ea-49f9-93fc-cf22a5448dcb,squash/squash_powdery_mildew.txt,BỆNH PHẤN TRẮNG TRÊN CÂY BÍ > ĐIỀU KIỆN NHIỆT ĐỘ THUẬN LỢI,1288,1643,153,101,463,True,True,1,1
C,caf6c646-8264-499d-a0d6-4edea07fefb6,squash/squash_powdery_mildew.txt,BỆNH PHẤN TRẮNG TRÊN CÂY BÍ > VAI TRÒ CỦA ĐỘ ẨM,1668,2106,156,114,535,True,True,1,1
C,a4ad0f98-6f5e-456b-ba18-e53bd3be678b,squash/squash_powdery_mildew.txt,BỆNH PHẤN TRẮNG TRÊN CÂY BÍ > SƯƠNG VÀ THỜI TIẾT ẤM,2135,2347,106,61,313,True,True,1,1
C,8c1b7172-3a40-47b7-8dbb-3c2ab158177f,squash/squash_powdery_mildew.txt,BỆNH PHẤN TRẮNG TRÊN CÂY BÍ > ẢNH HƯỞNG CỦA MẬT ĐỘ TRỒNG VÀ ÁNH SÁNG,2393,2751,151,96,476,True,True,1,1
C,8dd94850-897f-4d5a-ab21-964f427fe3bf,squash/squash_powdery_mildew.txt,BỆNH PHẤN TRẮNG TRÊN CÂY BÍ > CÁCH NẤM TỒN TẠI VÀ LÂY LAN,2786,3227,163,117,548,True,True,1,1
C,a3104d32-9ca8-46ba-b368-2b28dd15b044,squash/squash_powdery_mildew.txt,BỆNH PHẤN TRẮNG TRÊN CÂY BÍ > CHASMOTHECIA,3247,3648,140,102,493,True,True,1,1
C,f54851ce-42d3-4a81-87e5-302a18c5ae24,squash/squash_powdery_mildew.txt,BỆNH PHẤN TRẮNG TRÊN CÂY BÍ > THỜI GIAN XUẤT HIỆN TRIỆU CHỨNG,3687,3909,123,73,333,True,True,1,1
C,86061c88-acba-4b34-bad8-a499029bff00,squash/squash_powdery_mildew.txt,BỆNH PHẤN TRẮNG TRÊN CÂY BÍ > CÁCH NHẬN BIẾT BỆNH PHẤN TRẮNG > Triệu chứng ban đầu,3972,4165,112,57,325,True,True,1,1
C,9b19893f-2ff9-47c2-9282-9b62c4e1199b,squash/squash_powdery_mildew.txt,BỆNH PHẤN TRẮNG TRÊN CÂY BÍ > CÁCH NHẬN BIẾT BỆNH PHẤN TRẮNG > Triệu chứng khi bệnh phát triển,4205,4488,136,79,427,True,True,1,1
C,4c565b42-ff17-4410-b0eb-5feb5d1e2b39,squash/squash_powdery_mildew.txt,BỆNH PHẤN TRẮNG TRÊN CÂY BÍ > CÁCH NHẬN BIẾT BỆNH PHẤN TRẮNG > Triệu chứng trên lá bị bệnh nặng,4529,4727,114,56,343,True,True,1,1
C,0223ba76-bb50-4791-abe6-256091778ca3,squash/squash_powdery_mildew.txt,BỆNH PHẤN TRẮNG TRÊN CÂY BÍ > ẢNH HƯỞNG ĐẾN QUẢ,4752,5140,151,106,485,True,True,1,1
C,de01b8cc-6ff1-43f4-ba5b-6b9559db2025,squash/squash_powdery_mildew.txt,BỆNH PHẤN TRẮNG TRÊN CÂY BÍ > MỨC ĐỘ PHÂN BỐ TRONG RUỘNG,5174,5373,105,58,305,True,True,1,1
C,fa3f2681-01bb-4d97-8c5a-705dcc427209,squash/squash_powdery_mildew.txt,BỆNH PHẤN TRẮNG TRÊN CÂY BÍ > CÁC YẾU TỐ LÀM TĂNG NGUY CƠ BỆNH,5413,5663,135,82,362,True,True,1,1
C,c6056a50-6307-445b-a20c-4b53fbabbca9,squash/squash_powdery_mildew.txt,BỆNH PHẤN TRẮNG TRÊN CÂY BÍ > CÁCH QUẢN LÝ BỆNH PHẤN TRẮNG,5699,5965,122,75,374,True,True,1,1
C,73f1d4f9-593d-450d-a37e-7875bea76fb1,squash/squash_powdery_mildew.txt,BỆNH PHẤN TRẮNG TRÊN CÂY BÍ > SỬ DỤNG GIỐNG CÓ KHẢ NĂNG CHỊU BỆNH,6008,6332,139,87,439,True,True,1,1
C,ed6fa317-a47b-4fb7-891b-f4dd0f3fa928,squash/squash_powdery_mildew.txt,BỆNH PHẤN TRẮNG TRÊN CÂY BÍ > SỬ DỤNG GIỐNG CÓ KHẢ NĂNG CHỊU BỆNH > Một số giống bí đỏ và bí ngô chịu bệnh,6379,6442,89,25,219,True,True,1,1
C,7a4b744c-f6fa-46b2-984a-2de2262b75c8,squash/squash_powdery_mildew.txt,BỆNH PHẤN TRẮNG TRÊN CÂY BÍ > SỬ DỤNG GIỐNG CÓ KHẢ NĂNG CHỊU BỆNH > Một số giống bí acorn chịu bệnh,6482,6520,76,14,187,True,True,1,1
C,0b7ce069-0efe-48ef-b586-e7e005d3b5bc,squash/squash_powdery_mildew.txt,BỆNH PHẤN TRẮNG TRÊN CÂY BÍ > SỬ DỤNG GIỐNG CÓ KHẢ NĂNG CHỊU BỆNH > Một số giống bí vàng mùa hè chịu bệnh,6566,6599,76,14,188,True,True,1,1
C,fef7e87c-99dc-4c02-a650-b4d388104cc2,squash/squash_powdery_mildew.txt,BỆNH PHẤN TRẮNG TRÊN CÂY BÍ > SỬ DỤNG GIỐNG CÓ KHẢ NĂNG CHỊU BỆNH > Một số giống zucchini chịu bệnh,6639,6860,116,55,370,True,True,1,1
C,c33d6dfc-b9fa-4659-8043-12aa4e470825,squash/squash_powdery_mildew.txt,BỆNH PHẤN TRẮNG TRÊN CÂY BÍ > LUÂN CANH CÂY TRỒNG,6887,7254,137,95,466,True,True,1,1
C,20c05b88-79cc-4f01-add8-4f7c3b7ab7dc,squash/squash_powdery_mildew.txt,BỆNH PHẤN TRẮNG TRÊN CÂY BÍ > QUẢN LÝ MẬT ĐỘ TRỒNG,7282,7573,126,82,391,True,True,1,1
C,1d6ba605-9eb1-4e4d-8461-428cb86b25e4,squash/squash_powdery_mildew.txt,BỆNH PHẤN TRẮNG TRÊN CÂY BÍ > HẠN CHẾ BÓNG RÂM,7597,7773,94,51,272,True,True,1,1
C,bb5f7fb0-45f7-46be-9601-c36a5b0f1a09,squash/squash_powdery_mildew.txt,BỆNH PHẤN TRẮNG TRÊN CÂY BÍ > THEO DÕI RUỘNG,7795,8220,158,117,519,True,True,1,1
C,b0b87025-1f7f-4091-8102-2999105a19c9,squash/squash_powdery_mildew.txt,BỆNH PHẤN TRẮNG TRÊN CÂY BÍ > YÊU CẦU BAO PHỦ KHI PHUN THUỐC,8258,8515,122,71,367,True,True,1,1
C,2e841848-2723-45f3-8427-b62fb9e201ee,squash/squash_powdery_mildew.txt,BỆNH PHẤN TRẮNG TRÊN CÂY BÍ > CÁC NHÓM THUỐC ĐƯỢC NGUỒN ĐỀ CẬP,8555,9186,231,177,743,True,True,1,1
C,3b26be48-85e4-472a-b1d4-5d0b71519edf,squash/squash_powdery_mildew.txt,BỆNH PHẤN TRẮNG TRÊN CÂY BÍ > CÁC NHÓM THUỐC ĐƯỢC NGUỒN ĐỀ CẬP > BICARBONATE,9206,9449,117,58,369,True,True,1,1
C,33e0b93e-a840-4e79-b052-bb1c08c84df4,squash/squash_powdery_mildew.txt,BỆNH PHẤN TRẮNG TRÊN CÂY BÍ > CÁC NHÓM THUỐC ĐƯỢC NGUỒN ĐỀ CẬP > SẢN PHẨM CHỨA ĐỒNG,9476,9717,125,60,374,True,True,1,1
C,1c30e1da-ab9f-4ba3-906f-9034089a7007,squash/squash_powdery_mildew.txt,BỆNH PHẤN TRẮNG TRÊN CÂY BÍ > CÁC NHÓM THUỐC ĐƯỢC NGUỒN ĐỀ CẬP > NHÓM FRAC 3,9737,9970,121,60,359,True,True,1,1
C,73134f05-a9fb-4976-bacf-0c5366213e13,squash/squash_powdery_mildew.txt,BỆNH PHẤN TRẮNG TRÊN CÂY BÍ > CÁC NHÓM THUỐC ĐƯỢC NGUỒN ĐỀ CẬP > NHÓM FRAC 7,9990,10140,98,37,276,True,True,1,1
C,a5fecd6e-b554-4881-bc90-09bb68c5418d,squash/squash_powdery_mildew.txt,BỆNH PHẤN TRẮNG TRÊN CÂY BÍ > CÁC NHÓM THUỐC ĐƯỢC NGUỒN ĐỀ CẬP > NHÓM FRAC 11,10161,10428,129,68,394,True,True,1,1
C,281a371a-ccc1-4194-9f1e-5b1c1334fc6c,squash/squash_powdery_mildew.txt,BỆNH PHẤN TRẮNG TRÊN CÂY BÍ > CÁC NHÓM THUỐC ĐƯỢC NGUỒN ĐỀ CẬP > DẦU,10440,10877,170,112,555,True,True,1,1
C,0ade03ef-38e5-41b4-be68-df7625844ecb,squash/squash_powdery_mildew.txt,BỆNH PHẤN TRẮNG TRÊN CÂY BÍ > CÁC NHÓM THUỐC ĐƯỢC NGUỒN ĐỀ CẬP > PHỐI HỢP NHIỀU CƠ CHẾ TÁC ĐỘNG,10916,11215,152,80,444,True,True,1,1
C,b5c2d4aa-603b-4892-918f-357f33aa1c6c,squash/squash_powdery_mildew.txt,BỆNH PHẤN TRẮNG TRÊN CÂY BÍ > QUẢN LÝ KHÁNG THUỐC,11242,11870,201,158,727,True,True,1,1
C,122aadba-3db1-4574-8295-2cb54cbd5ff7,squash/squash_powdery_mildew.txt,BỆNH PHẤN TRẮNG TRÊN CÂY BÍ > BIỆN PHÁP SINH HỌC,11896,12378,167,128,580,True,True,1,1
C,8b402915-f256-4624-8b90-b9aaef122e06,squash/squash_powdery_mildew.txt,BỆNH PHẤN TRẮNG TRÊN CÂY BÍ > BỔ SUNG: CÁCH KIỂM TRA NHANH NGOÀI RUỘNG,12426,13030,223,171,724,True,True,1,1
C,47c6c6a1-e5f4-4a73-a68d-4b401fa7d1e7,squash/squash_powdery_mildew.txt,BỆNH PHẤN TRẮNG TRÊN CÂY BÍ > PHÂN BIỆT VỚI CẶN THUỐC HOẶC BỤI TRÊN LÁ,13078,13477,166,108,519,True,True,1,1
C,e721b2cc-6bf2-4546-8430-7e7f5610b26c,squash/squash_powdery_mildew.txt,BỆNH PHẤN TRẮNG TRÊN CÂY BÍ > LƯU Ý KHI SỬ DỤNG THUỐC BẢO VỆ THỰC VẬT,13524,14207,235,179,802,True,True,1,1
C,f8e2a011-736d-452c-9081-eaf451955777,squash/squash_powdery_mildew.txt,BỆNH PHẤN TRẮNG TRÊN CÂY BÍ > TÓM TẮT CÁCH NHẬN BIẾT VÀ QUẢN LÝ,14248,15507,393,342,1372,True,True,1,1
C,276b27be-302f-44da-95b1-37eec0e432b1,squash/squash_powdery_mildew.txt,BỆNH PHẤN TRẮNG TRÊN CÂY BÍ > TÓM TẮT CÁCH NHẬN BIẾT VÀ QUẢN LÝ,15367,15663,131,80,409,False,True,1,1
C,dfe7bc24-d593-4b00-8718-325a59fef04f,strawberry/strawberry_leaf_scorch.txt,BỆNH CHÁY LÁ TRÊN CÂY DÂU TÂY,33,618,200,168,662,True,True,1,1
C,e328334c-82ed-4008-86a7-78d8714d9295,strawberry/strawberry_leaf_scorch.txt,BỆNH CHÁY LÁ TRÊN CÂY DÂU TÂY > TÁC NHÂN GÂY BỆNH,643,1044,148,106,501,True,True,1,1
C,e3d85f2f-568f-4c84-9694-66fc51ee3781,strawberry/strawberry_leaf_scorch.txt,BỆNH CHÁY LÁ TRÊN CÂY DÂU TÂY > CÁCH NHẬN BIẾT BỆNH CHÁY LÁ > Triệu chứng ban đầu trên lá,1112,1443,160,103,471,True,True,1,1
C,e40ecf54-9f0b-45f1-978c-29eff1c1aa62,strawberry/strawberry_leaf_scorch.txt,BỆNH CHÁY LÁ TRÊN CÂY DÂU TÂY > CÁCH NHẬN BIẾT BỆNH CHÁY LÁ > Triệu chứng khi bệnh phát triển mạnh,1488,1909,185,127,570,True,True,1,1
C,6854edb3-edd7-440b-aee6-572a6e8a8473,strawberry/strawberry_leaf_scorch.txt,BỆNH CHÁY LÁ TRÊN CÂY DÂU TÂY > CÁCH NHẬN BIẾT BỆNH CHÁY LÁ > Dấu hiệu “cháy lá”,1936,2199,138,78,394,True,True,1,1
C,774b1465-5fb0-47d5-8f6b-75bad371c90b,strawberry/strawberry_leaf_scorch.txt,BỆNH CHÁY LÁ TRÊN CÂY DÂU TÂY > TRIỆU CHỨNG TRÊN QUẢ,2227,2626,147,103,502,True,True,1,1
C,dbba4386-4130-4beb-9ef0-98289a7ecb28,strawberry/strawberry_leaf_scorch.txt,BỆNH CHÁY LÁ TRÊN CÂY DÂU TÂY > TRIỆU CHỨNG TRÊN CÁC BỘ PHẬN KHÁC,2667,2842,104,53,291,True,True,1,1
C,d2497827-779a-4824-870b-d534db3fb764,strawberry/strawberry_leaf_scorch.txt,BỆNH CHÁY LÁ TRÊN CÂY DÂU TÂY > PHÂN BIỆT VỚI BỆNH ĐỐM LÁ THÔNG THƯỜNG,2888,3487,216,163,720,True,True,1,1
C,9a489a9c-2a9f-461f-b413-a1ab7fdaf00c,strawberry/strawberry_leaf_scorch.txt,BỆNH CHÁY LÁ TRÊN CÂY DÂU TÂY > CHU KỲ BỆNH,3506,3734,105,64,322,True,True,1,1
C,ff76f06d-3c63-47cc-92cb-802faf2b1b7c,strawberry/strawberry_leaf_scorch.txt,BỆNH CHÁY LÁ TRÊN CÂY DÂU TÂY > CHU KỲ BỆNH > Nguồn bệnh vào mùa xuân,3766,3957,114,67,311,True,True,1,1
C,4f161d52-4fce-440c-a0cb-fbc452f09416,strawberry/strawberry_leaf_scorch.txt,BỆNH CHÁY LÁ TRÊN CÂY DÂU TÂY > CHU KỲ BỆNH > Lây lan trong mùa,3983,4218,108,61,349,True,True,1,1
C,07baf44c-cd14-40f3-8458-f24c08bbc805,strawberry/strawberry_leaf_scorch.txt,BỆNH CHÁY LÁ TRÊN CÂY DÂU TÂY > ĐIỀU KIỆN THUẬN LỢI CHO BỆNH PHÁT TRIỂN,4265,4529,135,79,386,True,True,1,1
C,f853c31a-b26b-4492-ba18-15f2535a13f0,strawberry/strawberry_leaf_scorch.txt,BỆNH CHÁY LÁ TRÊN CÂY DÂU TÂY > VAI TRÒ CỦA TƯỚI PHUN,4558,4801,117,74,347,True,True,1,1
C,f015a54f-8e47-40ad-9480-0a3ce01f73da,strawberry/strawberry_leaf_scorch.txt,BỆNH CHÁY LÁ TRÊN CÂY DÂU TÂY > MỨC ĐỘ GÂY HẠI,4823,5086,116,72,360,True,True,1,1
C,750ed9ed-ad2b-49af-89dd-d286721a1414,strawberry/strawberry_leaf_scorch.txt,BỆNH CHÁY LÁ TRÊN CÂY DÂU TÂY > ẢNH HƯỞNG ĐẾN NĂNG SUẤT VÀ CHẤT LƯỢNG QUẢ,5135,5396,132,72,385,True,True,1,1
C,6822e2eb-bba2-4e7d-ad91-6ae85bb05303,strawberry/strawberry_leaf_scorch.txt,BỆNH CHÁY LÁ TRÊN CÂY DÂU TÂY > CÁCH QUẢN LÝ BỆNH CHÁY LÁ,5429,5731,134,87,410,True,True,1,1
C,5fd5ef3e-6cb8-40ab-9d0f-5a179b5b7a1f,strawberry/strawberry_leaf_scorch.txt,BỆNH CHÁY LÁ TRÊN CÂY DÂU TÂY > CÁCH QUẢN LÝ BỆNH CHÁY LÁ > SỬ DỤNG GIỐNG KHÁNG,5759,6098,148,91,469,True,True,1,1
C,a9b8b557-7e8c-488e-8909-aa9610f9b3ad,strawberry/strawberry_leaf_scorch.txt,BỆNH CHÁY LÁ TRÊN CÂY DÂU TÂY > CÁCH QUẢN LÝ BỆNH CHÁY LÁ > TRỒNG DÂU TÂY THEO HỆ THỐNG HÀNG NĂM,6143,6481,151,84,485,True,True,1,1
C,6ac2eeb6-e82d-41d8-b179-acfac37d19f3,strawberry/strawberry_leaf_scorch.txt,BỆNH CHÁY LÁ TRÊN CÂY DÂU TÂY > CÁCH QUẢN LÝ BỆNH CHÁY LÁ > LỰA CHỌN VỊ TRÍ TRỒNG,6511,6795,143,82,416,True,True,1,1
C,fc7cd6bc-5834-4a94-97d7-6de81dae5129,strawberry/strawberry_leaf_scorch.txt,BỆNH CHÁY LÁ TRÊN CÂY DÂU TÂY > CÁCH QUẢN LÝ BỆNH CHÁY LÁ > QUẢN LÝ MẬT ĐỘ TRỒNG,6824,7057,127,68,364,True,True,1,1
C,00331b85-012a-40a6-ba9e-4ea70629836b,strawberry/strawberry_leaf_scorch.txt,BỆNH CHÁY LÁ TRÊN CÂY DÂU TÂY > CÁCH QUẢN LÝ BỆNH CHÁY LÁ > QUẢN LÝ TÀN DƯ CÂY BỆNH,7089,7367,133,73,412,True,True,1,1
C,336c9d74-bfc2-4fad-aaf5-135d0f076e10,strawberry/strawberry_leaf_scorch.txt,BỆNH CHÁY LÁ TRÊN CÂY DÂU TÂY > CÁCH QUẢN LÝ BỆNH CHÁY LÁ > QUẢN LÝ NƯỚC TƯỚI,7393,7563,109,53,298,True,True,1,1
C,5b9acd99-d075-48aa-a2f9-b7756440dd60,strawberry/strawberry_leaf_scorch.txt,BỆNH CHÁY LÁ TRÊN CÂY DÂU TÂY > CÁCH QUẢN LÝ BỆNH CHÁY LÁ > THỜI ĐIỂM TƯỚI,7586,7870,132,74,409,True,True,1,1
C,a767946e-acac-4498-8070-505694de5da9,strawberry/strawberry_leaf_scorch.txt,BỆNH CHÁY LÁ TRÊN CÂY DÂU TÂY > CÁCH QUẢN LÝ BỆNH CHÁY LÁ > CÁC BIỆN PHÁP CANH TÁC QUAN TRỌNG,7912,8303,174,114,535,True,True,1,1
C,c8046450-9ea7-48f6-b470-622049022678,strawberry/strawberry_leaf_scorch.txt,BỆNH CHÁY LÁ TRÊN CÂY DÂU TÂY > CÁCH QUẢN LÝ BỆNH CHÁY LÁ > SỬ DỤNG THUỐC DIỆT NẤM,8334,8799,181,120,598,True,True,1,1
C,58ab1005-9461-4929-9aa8-7b461d7f580a,strawberry/strawberry_leaf_scorch.txt,BỆNH CHÁY LÁ TRÊN CÂY DÂU TÂY > CÁCH QUẢN LÝ BỆNH CHÁY LÁ > THUỐC KHÔNG THAY THẾ BIỆN PHÁP CANH TÁC,8847,9136,146,82,439,True,True,1,1
C,7d3b8a7a-6071-4f4a-a7f6-5fc7777f13a2,strawberry/strawberry_leaf_scorch.txt,BỆNH CHÁY LÁ TRÊN CÂY DÂU TÂY > BỔ SUNG: CÁCH KIỂM TRA NHANH NGOÀI VƯỜN,9183,9819,242,188,758,True,True,1,1
C,40141a2d-2665-4937-82b9-11178cfd4e45,strawberry/strawberry_leaf_scorch.txt,BỆNH CHÁY LÁ TRÊN CÂY DÂU TÂY > PHÂN BIỆT KHÁI QUÁT VỚI BỆNH ĐỐM LÁ THÔNG THƯỜNG,9875,10189,150,92,445,True,True,1,1
C,519c05a7-7cc7-4462-a9b6-35f89b18890a,strawberry/strawberry_leaf_scorch.txt,BỆNH CHÁY LÁ TRÊN CÂY DÂU TÂY > LƯU Ý KHI SỬ DỤNG THUỐC BẢO VỆ THỰC VẬT,10236,10690,178,121,576,True,True,1,1
C,b7c0bf3b-3d65-4eca-a4aa-ff55a7f1c5a0,strawberry/strawberry_leaf_scorch.txt,BỆNH CHÁY LÁ TRÊN CÂY DÂU TÂY > TÓM TẮT CÁCH NHẬN BIẾT VÀ QUẢN LÝ,10731,11885,386,334,1270,True,True,1,1
C,cba32b6d-81da-49a5-8495-e741ec5e91e2,strawberry/strawberry_leaf_scorch.txt,BỆNH CHÁY LÁ TRÊN CÂY DÂU TÂY > TÓM TẮT CÁCH NHẬN BIẾT VÀ QUẢN LÝ,11772,12053,134,82,397,True,True,1,1
C,df773471-3b5c-430b-8e25-40b1b451bbe9,tomato/tomato_bacterial_spot.txt,BỆNH ĐỐM VI KHUẨN TRÊN CÂY CÀ CHUA > TỔNG QUAN,154,704,181,143,646,True,True,1,1
C,6b8332e0-3d06-4251-a1f6-8257cbbe0547,tomato/tomato_bacterial_spot.txt,BỆNH ĐỐM VI KHUẨN TRÊN CÂY CÀ CHUA > TÁC NHÂN GÂY BỆNH,727,1222,174,132,599,True,True,1,1
C,1c9f645e-5a46-41c2-93c2-b3d07584e0bd,tomato/tomato_bacterial_spot.txt,BỆNH ĐỐM VI KHUẨN TRÊN CÂY CÀ CHUA > TRIỆU CHỨNG > Triệu chứng trên lá,1263,1622,154,109,479,True,True,1,1
C,7b9b24aa-77bb-4162-9053-320588068c5e,tomato/tomato_bacterial_spot.txt,BỆNH ĐỐM VI KHUẨN TRÊN CÂY CÀ CHUA > TRIỆU CHỨNG > Vết bệnh dạng góc cạnh,1651,1860,104,57,332,True,True,1,1
C,8e29185d-a920-4e07-a3c4-080fcf63bd96,tomato/tomato_bacterial_spot.txt,BỆNH ĐỐM VI KHUẨN TRÊN CÂY CÀ CHUA > TRIỆU CHỨNG > Triệu chứng khi bệnh nặng,1892,2090,104,58,324,True,True,1,1
C,9dea1551-8692-4b1f-bf8d-3da6cb1e64ce,tomato/tomato_bacterial_spot.txt,BỆNH ĐỐM VI KHUẨN TRÊN CÂY CÀ CHUA > TRIỆU CHỨNG > Trên quả,2105,2706,222,179,710,True,True,1,1
C,0446a9ea-90b7-4ed0-92b8-a3ede701502d,tomato/tomato_bacterial_spot.txt,BỆNH ĐỐM VI KHUẨN TRÊN CÂY CÀ CHUA > TRIỆU CHỨNG > Trên thân và cuống,2731,2943,104,58,331,True,True,1,1
C,b26d9b7d-d04c-44c5-850e-ed13e88983f1,tomato/tomato_bacterial_spot.txt,BỆNH ĐỐM VI KHUẨN TRÊN CÂY CÀ CHUA > ẢNH HƯỞNG ĐẾN GIÁ TRỊ THƯƠNG PHẨM,2982,3385,153,101,523,True,True,1,1
C,cfe26963-66c9-47ed-8b1f-56c9a21ca1aa,tomato/tomato_bacterial_spot.txt,BỆNH ĐỐM VI KHUẨN TRÊN CÂY CÀ CHUA > PHÂN BIỆT VỚI BỆNH ĐỐM NHỎ VI KHUẨN,3426,3814,165,110,510,True,True,1,1
C,15447c2b-db45-42ae-9d15-252fd85b55bc,tomato/tomato_bacterial_spot.txt,BỆNH ĐỐM VI KHUẨN TRÊN CÂY CÀ CHUA > CHU KỲ BỆNH VÀ CƠ CHẾ LÂY LAN > VI KHUẨN XÂM NHẬP VÀO CÂY NHƯ THẾ NÀO,3891,4232,175,103,497,True,True,1,1
C,b8a5819f-6bb9-4cd0-b6c9-25954843e2da,tomato/tomato_bacterial_spot.txt,BỆNH ĐỐM VI KHUẨN TRÊN CÂY CÀ CHUA > CHU KỲ BỆNH VÀ CƠ CHẾ LÂY LAN > NGUỒN BỆNH,4249,4548,132,75,428,True,True,1,1
C,50841250-6815-4691-a77d-954398ebc7b2,tomato/tomato_bacterial_spot.txt,BỆNH ĐỐM VI KHUẨN TRÊN CÂY CÀ CHUA > CHU KỲ BỆNH VÀ CƠ CHẾ LÂY LAN > VAI TRÒ CỦA TÀN DƯ CÂY BỆNH,4582,4801,121,58,365,True,True,1,1
C,3530d0a0-bfcc-45d8-ba90-7adf6080bdf2,tomato/tomato_bacterial_spot.txt,BỆNH ĐỐM VI KHUẨN TRÊN CÂY CÀ CHUA > ĐIỀU KIỆN THUẬN LỢI VÀ YẾU TỐ LÂY LAN > ĐIỀU KIỆN THUẬN LỢI CHO BỆNH,4877,5139,143,69,417,True,True,1,1
C,5fa4a33c-0005-4c71-adb8-b08c66d4681f,tomato/tomato_bacterial_spot.txt,BỆNH ĐỐM VI KHUẨN TRÊN CÂY CÀ CHUA > ĐIỀU KIỆN THUẬN LỢI VÀ YẾU TỐ LÂY LAN > ẢNH HƯỞNG CỦA MƯA,5163,5437,150,82,418,True,True,1,1
C,be419c32-8929-43f7-9b63-80ce9742d826,tomato/tomato_bacterial_spot.txt,BỆNH ĐỐM VI KHUẨN TRÊN CÂY CÀ CHUA > XỬ LÝ KHI CÂY ĐÃ BỊ BỆNH > CÁCH QUẢN LÝ CÂY ĐÃ BỊ BỆNH,5499,5895,160,96,537,True,True,1,1
C,54aae105-9c9b-488f-bd98-570615a4687c,tomato/tomato_bacterial_spot.txt,BỆNH ĐỐM VI KHUẨN TRÊN CÂY CÀ CHUA > XỬ LÝ KHI CÂY ĐÃ BỊ BỆNH > XỬ LÝ CÂY BỆNH,5916,6151,121,62,363,True,True,1,1
C,0d72fea4-3319-4ca7-a588-d60487c11ee3,tomato/tomato_bacterial_spot.txt,BỆNH ĐỐM VI KHUẨN TRÊN CÂY CÀ CHUA > XỬ LÝ KHI CÂY ĐÃ BỊ BỆNH > CÁCH GIẢM NGUY CƠ LÂY LAN KHI PHÁT HIỆN CÂY BỆNH,6206,6526,165,91,482,True,True,1,1
C,71c0e85a-df0c-46dc-bcc2-30cf1fe38938,tomato/tomato_bacterial_spot.txt,BỆNH ĐỐM VI KHUẨN TRÊN CÂY CÀ CHUA > PHÒNG NGỪA > PHÒNG BỆNH TỪ HẠT GIỐNG VÀ CÂY CON,6581,6840,127,68,393,True,True,1,1
C,19897b72-daf8-45d9-b273-c2438b46f0fd,tomato/tomato_bacterial_spot.txt,BỆNH ĐỐM VI KHUẨN TRÊN CÂY CÀ CHUA > PHÒNG NGỪA > XỬ LÝ HẠT BẰNG NƯỚC NÓNG,6871,7299,164,108,552,True,True,1,1
C,12ab6da7-92db-41d0-a2b1-5b5f9cc4dccf,tomato/tomato_bacterial_spot.txt,BỆNH ĐỐM VI KHUẨN TRÊN CÂY CÀ CHUA > PHÒNG NGỪA > QUẢN LÝ NƯỚC TƯỚI,7323,7640,145,96,434,True,True,1,1
C,54aebb23-13a4-4bd2-ad9e-206b64e04acf,tomato/tomato_bacterial_spot.txt,BỆNH ĐỐM VI KHUẨN TRÊN CÂY CÀ CHUA > PHÒNG NGỪA > KHÔNG THAO TÁC KHI CÂY ĐANG ƯỚT,7678,7926,127,71,379,True,True,1,1
C,f42d784b-9cd9-4fc4-9510-2d1a9c7b779e,tomato/tomato_bacterial_spot.txt,BỆNH ĐỐM VI KHUẨN TRÊN CÂY CÀ CHUA > PHÒNG NGỪA > VỆ SINH DỤNG CỤ,7948,8299,134,86,466,True,True,1,1
C,218534aa-95c5-4a77-8b9d-f0138a83dbac,tomato/tomato_bacterial_spot.txt,BỆNH ĐỐM VI KHUẨN TRÊN CÂY CÀ CHUA > PHÒNG NGỪA > QUẢN LÝ TÀN DƯ CUỐI VỤ,8328,8538,113,60,332,True,True,1,1
C,9e259253-072a-4929-b97f-914ad4c8be0a,tomato/tomato_bacterial_spot.txt,BỆNH ĐỐM VI KHUẨN TRÊN CÂY CÀ CHUA > PHÒNG NGỪA > LUÂN CANH,8554,8874,121,76,429,True,True,1,1
C,93f1973a-8ce9-466c-91ca-431eaebccefb,tomato/tomato_bacterial_spot.txt,BỆNH ĐỐM VI KHUẨN TRÊN CÂY CÀ CHUA > PHÒNG NGỪA > LOẠI BỎ CÂY CÀ CHUA MỌC TỰ NHIÊN,8913,9074,102,43,293,True,True,1,1
C,3179ab31-7323-432c-88b1-97146edc3c69,tomato/tomato_bacterial_spot.txt,BỆNH ĐỐM VI KHUẨN TRÊN CÂY CÀ CHUA > PHÒNG NGỪA > QUẢN LÝ TRONG NHÀ KÍNH,9103,9444,154,104,463,True,True,1,1
C,028d7e2a-5640-4211-97db-b8d2d8c49fda,tomato/tomato_bacterial_spot.txt,BỆNH ĐỐM VI KHUẨN TRÊN CÂY CÀ CHUA > QUẢN LÝ BẰNG THUỐC VÀ AN TOÀN > SỬ DỤNG ĐỒNG,9496,9957,173,118,592,True,True,1,1
C,c77e6c2b-3aaf-4d53-829f-31037fb3a7a6,tomato/tomato_bacterial_spot.txt,BỆNH ĐỐM VI KHUẨN TRÊN CÂY CÀ CHUA > QUẢN LÝ BẰNG THUỐC VÀ AN TOÀN > THUỐC PHÒNG KHÔNG CHỮA ĐƯỢC CÂY BỆNH,10000,10246,138,69,401,True,True,1,1
C,7b8cc852-8de7-4c9d-96f2-db1c8b25250a,tomato/tomato_bacterial_spot.txt,BỆNH ĐỐM VI KHUẨN TRÊN CÂY CÀ CHUA > QUẢN LÝ BẰNG THUỐC VÀ AN TOÀN > LƯU Ý KHI SỬ DỤNG THUỐC BẢO VỆ THỰC VẬT,10292,10760,196,124,626,True,True,1,1
C,9ff4fd54-3283-4911-ac6f-52dd6c467885,tomato/tomato_bacterial_spot.txt,BỆNH ĐỐM VI KHUẨN TRÊN CÂY CÀ CHUA > KIỂM TRA NHANH NGOÀI VƯỜN,10791,11499,255,208,820,True,True,1,1
C,97270950-4224-4709-b110-10f3927d520d,tomato/tomato_bacterial_spot.txt,BỆNH ĐỐM VI KHUẨN TRÊN CÂY CÀ CHUA > TÓM TẮT CÁCH NHẬN BIẾT VÀ QUẢN LÝ,11538,12757,393,341,1339,True,True,1,1
C,6a90d97b-0eaf-4275-9624-b1348b728b2d,tomato/tomato_bacterial_spot.txt,BỆNH ĐỐM VI KHUẨN TRÊN CÂY CÀ CHUA > TÓM TẮT CÁCH NHẬN BIẾT VÀ QUẢN LÝ,12603,13042,169,117,559,True,True,1,1
C,0e835314-636d-4d89-94a4-7a4c7a98e418,tomato/tomato_bacterial_spot.txt,BỆNH ĐỐM VI KHUẨN TRÊN CÂY CÀ CHUA > NGUỒN THAM KHẢO,13063,13171,78,36,210,True,True,1,1
C,24db4bd2-73dd-4804-9225-90e7e7e9a9d9,tomato/tomato_early_blight.txt,BỆNH CHÁY SỚM TRÊN CÂY CÀ CHUA > TỔNG QUAN,144,598,149,112,544,True,True,1,1
C,8fa99f64-64e0-427e-9ab0-f282c3288817,tomato/tomato_early_blight.txt,BỆNH CHÁY SỚM TRÊN CÂY CÀ CHUA > TÁC NHÂN GÂY BỆNH,621,882,116,75,359,True,True,1,1
C,30cc6d2a-766f-4ba0-a768-90e72dc7afad,tomato/tomato_early_blight.txt,BỆNH CHÁY SỚM TRÊN CÂY CÀ CHUA > TRIỆU CHỨNG > Triệu chứng trên lá,924,1383,163,119,573,True,True,1,1
C,198355ff-ded8-4931-9afb-436e477679c5,tomato/tomato_early_blight.txt,BỆNH CHÁY SỚM TRÊN CÂY CÀ CHUA > TRIỆU CHỨNG > Vết bệnh phát triển và liên kết,1423,1742,136,88,445,True,True,1,1
C,33ef17d6-666e-442f-a784-821075d77276,tomato/tomato_early_blight.txt,BỆNH CHÁY SỚM TRÊN CÂY CÀ CHUA > TRIỆU CHỨNG > Triệu chứng trên thân,1772,1999,101,57,343,True,True,1,1
C,556e5117-a7ae-428a-b783-8dfa1da735ff,tomato/tomato_early_blight.txt,BỆNH CHÁY SỚM TRÊN CÂY CÀ CHUA > ĐẶC ĐIỂM KHỞI PHÁT TRÊN CÂY,2032,2403,148,99,479,True,True,1,1
C,1cfd14d6-bb83-4aca-8567-7f97444d2f6f,tomato/tomato_early_blight.txt,BỆNH CHÁY SỚM TRÊN CÂY CÀ CHUA > CHU KỲ BỆNH VÀ NGUỒN BỆNH,2434,2841,160,112,513,True,True,1,1
C,eea010f9-19f2-4754-ad16-9f1d5f8cd04f,tomato/tomato_early_blight.txt,BỆNH CHÁY SỚM TRÊN CÂY CÀ CHUA > ĐIỀU KIỆN THUẬN LỢI CHO BỆNH > ĐIỀU KIỆN THUẬN LỢI CHO BỆNH,2908,3178,143,75,410,True,True,1,1
C,ec782d16-1fba-479d-bf26-24c23848054b,tomato/tomato_early_blight.txt,BỆNH CHÁY SỚM TRÊN CÂY CÀ CHUA > ĐIỀU KIỆN THUẬN LỢI CHO BỆNH > ẢNH HƯỞNG CỦA TÁN CÂY DÀY,3210,3525,156,90,452,True,True,1,1
C,cac048d3-86a1-44b5-8211-af859bbaa9cd,tomato/tomato_early_blight.txt,BỆNH CHÁY SỚM TRÊN CÂY CÀ CHUA > P-DAY VÀ DỰ ĐOÁN NGUY CƠ BỆNH,3560,3927,148,98,477,True,True,1,1
C,015a9211-012b-472e-b248-f627a9ce72c6,tomato/tomato_early_blight.txt,BỆNH CHÁY SỚM TRÊN CÂY CÀ CHUA > P-DAY VÀ DỰ ĐOÁN NGUY CƠ BỆNH > Cách sử dụng P-Day,3954,4562,213,156,739,True,True,1,1
C,898605a8-7bed-40f7-8a72-3239f708ee78,tomato/tomato_early_blight.txt,BỆNH CHÁY SỚM TRÊN CÂY CÀ CHUA > XỬ LÝ KHI CÂY ĐÃ BỊ BỆNH,4592,4773,93,45,286,True,True,1,1
C,1f25d076-9ea0-4b4e-9118-d462f58878d0,tomato/tomato_early_blight.txt,BỆNH CHÁY SỚM TRÊN CÂY CÀ CHUA > XỬ LÝ KHI CÂY ĐÃ BỊ BỆNH > TỈA BỚT CÂY HOẶC CÀNH,4803,5055,139,76,381,True,True,1,1
C,05fb8bf6-535d-4514-997f-15a316b15ec4,tomato/tomato_early_blight.txt,BỆNH CHÁY SỚM TRÊN CÂY CÀ CHUA > XỬ LÝ KHI CÂY ĐÃ BỊ BỆNH > LOẠI BỎ MÔ BỆNH,5079,5334,137,78,378,True,True,1,1
C,b56fad21-1ba9-4393-9060-2ba8859ed4cf,tomato/tomato_early_blight.txt,BỆNH CHÁY SỚM TRÊN CÂY CÀ CHUA > XỬ LÝ KHI CÂY ĐÃ BỊ BỆNH > SỬ DỤNG THUỐC DIỆT NẤM,5365,5656,132,70,421,True,True,1,1
C,7141d280-0add-4363-9fba-6028027c2db9,tomato/tomato_early_blight.txt,BỆNH CHÁY SỚM TRÊN CÂY CÀ CHUA > XỬ LÝ KHI CÂY ĐÃ BỊ BỆNH > THUỐC CÓ TÁC DỤNG PHÒNG TỐT HƠN CHỮA,5701,5943,136,66,386,True,True,1,1
C,48880540-4493-4723-9342-0e6e9868ef52,tomato/tomato_early_blight.txt,BỆNH CHÁY SỚM TRÊN CÂY CÀ CHUA > PHÒNG NGỪA CHO CÁC VỤ SAU,5974,6249,123,78,381,True,True,1,1
C,95433b7c-6102-468a-abe4-040b33136de2,tomato/tomato_early_blight.txt,BỆNH CHÁY SỚM TRÊN CÂY CÀ CHUA > PHÒNG NGỪA CHO CÁC VỤ SAU > XỬ LÝ CÂY BỆNH VÀ TÀN DƯ,6282,6506,118,58,357,True,True,1,1
C,fbff4748-003d-477a-ae07-0ab6dcf0321c,tomato/tomato_early_blight.txt,BỆNH CHÁY SỚM TRÊN CÂY CÀ CHUA > PHÒNG NGỪA CHO CÁC VỤ SAU > LUÂN CANH,6524,6855,132,82,449,True,True,1,1
C,f42259d1-a2df-4422-a375-4fe5813319d1,tomato/tomato_early_blight.txt,BỆNH CHÁY SỚM TRÊN CÂY CÀ CHUA > PHÒNG NGỪA CHO CÁC VỤ SAU > SỬ DỤNG GIỐNG KHÁNG HOẶC ÍT MẪN CẢM,6899,7185,145,79,430,True,True,1,1
C,5da99a27-ea10-4661-9b54-0a786f73e507,tomato/tomato_early_blight.txt,BỆNH CHÁY SỚM TRÊN CÂY CÀ CHUA > PHÒNG NGỪA CHO CÁC VỤ SAU > TĂNG KHOẢNG CÁCH GIỮA CÁC CÂY,7223,7461,126,65,376,True,True,1,1
C,592cbc8e-c0e7-4f74-b9b8-2c4e84eca74b,tomato/tomato_early_blight.txt,BỆNH CHÁY SỚM TRÊN CÂY CÀ CHUA > PHÒNG NGỪA CHO CÁC VỤ SAU > SỬ DỤNG LỚP PHỦ ĐẤT,7489,7764,132,75,403,True,True,1,1
C,35313482-0cbb-44bd-91c4-15249b6b839a,tomato/tomato_early_blight.txt,BỆNH CHÁY SỚM TRÊN CÂY CÀ CHUA > PHÒNG NGỪA CHO CÁC VỤ SAU > KHÔNG PHỦ ĐẤT QUÁ DÀY,7794,8002,124,67,338,True,True,1,1
C,6eb04a2d-5b96-4f7f-9de3-bf33f02588a4,tomato/tomato_early_blight.txt,BỆNH CHÁY SỚM TRÊN CÂY CÀ CHUA > PHÒNG NGỪA CHO CÁC VỤ SAU > QUẢN LÝ TÁN CÂY,8026,8251,124,71,349,True,True,1,1
C,dceca189-5131-4d63-94bc-3b9402cd0ed3,tomato/tomato_early_blight.txt,BỆNH CHÁY SỚM TRÊN CÂY CÀ CHUA > PHÒNG NGỪA CHO CÁC VỤ SAU > THEO DÕI CÂY THƯỜNG XUYÊN,8285,8521,130,73,370,True,True,1,1
C,3bc1e45c-aa41-49de-94c7-141391e95db1,tomato/tomato_early_blight.txt,BỆNH CHÁY SỚM TRÊN CÂY CÀ CHUA > KIỂM TRA VÀ PHÂN BIỆT NGOÀI VƯỜN > CÁCH KIỂM TRA NHANH NGOÀI VƯỜN,8594,9189,237,172,741,True,True,1,1
C,510ea317-aa42-435e-b4c0-2bb1fc2eeaa7,tomato/tomato_early_blight.txt,BỆNH CHÁY SỚM TRÊN CÂY CÀ CHUA > KIỂM TRA VÀ PHÂN BIỆT NGOÀI VƯỜN > LƯU Ý VỀ PHÂN BIỆT VỚI CÁC BỆNH ĐỐM LÁ KHÁC,9239,9529,158,83,449,True,True,1,1
C,f329663f-08d3-4e01-9b71-7cdffe2bc4c9,tomato/tomato_early_blight.txt,BỆNH CHÁY SỚM TRÊN CÂY CÀ CHUA > LƯU Ý KHI SỬ DỤNG THUỐC BẢO VỆ THỰC VẬT,9574,10122,194,138,668,True,True,1,1
C,3771cb43-8a6b-4794-951a-30d872369f12,tomato/tomato_early_blight.txt,BỆNH CHÁY SỚM TRÊN CÂY CÀ CHUA > TÓM TẮT CÁCH NHẬN BIẾT VÀ QUẢN LÝ,10161,11377,386,335,1330,True,True,1,1
C,21212120-f600-4cc1-8142-0e682825bb49,tomato/tomato_early_blight.txt,BỆNH CHÁY SỚM TRÊN CÂY CÀ CHUA > TÓM TẮT CÁCH NHẬN BIẾT VÀ QUẢN LÝ,11244,11446,106,55,316,False,True,1,1
C,cdea083b-a46c-4aae-ad6d-6e72be3d77f6,tomato/tomato_early_blight.txt,BỆNH CHÁY SỚM TRÊN CÂY CÀ CHUA > NGUỒN THAM KHẢO,11467,11577,78,37,206,True,True,1,1
C,7f1fd97c-9e59-4856-87e0-1571c91d56ba,tomato/tomato_late_blight.txt,BỆNH MỐC SƯƠNG MUỘN TRÊN CÂY CÀ CHUA > TỔNG QUAN,155,778,212,174,718,True,True,1,1
C,5c3f0c9b-02f1-4211-91a7-e3cd4e6fac3a,tomato/tomato_late_blight.txt,BỆNH MỐC SƯƠNG MUỘN TRÊN CÂY CÀ CHUA > TÁC NHÂN GÂY BỆNH,801,1141,139,97,443,True,True,1,1
C,f570e0c9-51ed-414f-9fce-ab72736ce5dc,tomato/tomato_late_blight.txt,BỆNH MỐC SƯƠNG MUỘN TRÊN CÂY CÀ CHUA > TRIỆU CHỨNG > Triệu chứng trên lá,1183,1595,163,118,531,True,True,1,1
C,cb647e62-15c7-491c-8a32-9664f6081a93,tomato/tomato_late_blight.txt,BỆNH MỐC SƯƠNG MUỘN TRÊN CÂY CÀ CHUA > TRIỆU CHỨNG > LỚP NẤM TRẮNG DƯỚI LÁ,1625,2036,173,117,532,True,True,1,1
C,e0093619-9039-4cff-9c8f-1bbb477f6124,tomato/tomato_late_blight.txt,BỆNH MỐC SƯƠNG MUỘN TRÊN CÂY CÀ CHUA > TRIỆU CHỨNG > TRIỆU CHỨNG TRÊN THÂN VÀ CUỐNG LÁ,2078,2355,134,77,410,True,True,1,1
C,347bf550-1b3b-4bf0-a11f-f070d70de81f,tomato/tomato_late_blight.txt,BỆNH MỐC SƯƠNG MUỘN TRÊN CÂY CÀ CHUA > TRIỆU CHỨNG > TRIỆU CHỨNG TRÊN HOA,2384,2553,98,47,289,True,True,1,1
C,71cc37b2-8b06-4c65-921e-673e617d6532,tomato/tomato_late_blight.txt,BỆNH MỐC SƯƠNG MUỘN TRÊN CÂY CÀ CHUA > TRIỆU CHỨNG > TRIỆU CHỨNG TRÊN QUẢ,2582,2967,161,110,505,True,True,1,1
C,216978e5-e7f2-47d7-aed7-0f07dfc462b3,tomato/tomato_late_blight.txt,BỆNH MỐC SƯƠNG MUỘN TRÊN CÂY CÀ CHUA > PHÂN BIỆT VỚI BỆNH CHÁY SỚM,3000,3484,187,136,597,True,True,1,1
C,84aa4b10-b48a-416f-a7b1-198b49c2db90,tomato/tomato_late_blight.txt,BỆNH MỐC SƯƠNG MUỘN TRÊN CÂY CÀ CHUA > CHU KỲ BỆNH VÀ CƠ CHẾ LÂY LAN > NGUỒN BỆNH VÀ SỰ TỒN TẠI,3548,3961,171,107,555,True,True,1,1
C,fadfd900-fb83-4dbf-bd50-1a74ba3a8bb9,tomato/tomato_late_blight.txt,BỆNH MỐC SƯƠNG MUỘN TRÊN CÂY CÀ CHUA > CHU KỲ BỆNH VÀ CƠ CHẾ LÂY LAN > CÁC DẠNG BÀO TỬ PHÁT TÁN,3992,4407,183,120,557,True,True,1,1
C,2b11cb7e-b868-44a5-a869-db6e8452972b,tomato/tomato_late_blight.txt,BỆNH MỐC SƯƠNG MUỘN TRÊN CÂY CÀ CHUA > CHU KỲ BỆNH VÀ CƠ CHẾ LÂY LAN > CHU KỲ BỆNH,4425,4726,144,87,430,True,True,1,1
C,3fe65a38-3ca8-42c8-9415-89f9fa22ee88,tomato/tomato_late_blight.txt,BỆNH MỐC SƯƠNG MUỘN TRÊN CÂY CÀ CHUA > CHU KỲ BỆNH VÀ CƠ CHẾ LÂY LAN > THỜI GIAN TỪ NHIỄM ĐẾN TẠO BÀO TỬ MỚI,4770,5048,151,78,433,True,True,1,1
C,c90ef118-c9cc-46aa-9ff3-0ef9e022b508,tomato/tomato_late_blight.txt,BỆNH MỐC SƯƠNG MUỘN TRÊN CÂY CÀ CHUA > CHU KỲ BỆNH VÀ CƠ CHẾ LÂY LAN > TẠI SAO BỆNH CÓ THỂ BÙNG PHÁT RẤT NHANH,5094,5484,176,105,547,True,True,1,1
C,f2e0b2c3-5da0-4db0-829e-eeb6a5e1d974,tomato/tomato_late_blight.txt,BỆNH MỐC SƯƠNG MUỘN TRÊN CÂY CÀ CHUA > ĐIỀU KIỆN THUẬN LỢI CHO BỆNH > ĐIỀU KIỆN THUẬN LỢI CHO TẠO BÀO TỬ,5557,5786,139,65,380,True,True,1,1
C,aa7717c2-8254-45a0-9eea-ba64d403dd7d,tomato/tomato_late_blight.txt,BỆNH MỐC SƯƠNG MUỘN TRÊN CÂY CÀ CHUA > ĐIỀU KIỆN THUẬN LỢI CHO BỆNH > NHIỆT ĐỘ NẢY MẦM CỦA SPORANGIA,5823,6022,128,60,346,True,True,1,1
C,8f29acee-53b6-477c-ae4e-aac6446d892c,tomato/tomato_late_blight.txt,BỆNH MỐC SƯƠNG MUỘN TRÊN CÂY CÀ CHUA > ĐIỀU KIỆN THUẬN LỢI CHO BỆNH > NHIỆT ĐỘ GIẢI PHÓNG ZOOSPORE,6057,6335,143,75,423,True,True,1,1
C,613a54f0-18c1-4aec-876b-63f77c5f59e3,tomato/tomato_late_blight.txt,BỆNH MỐC SƯƠNG MUỘN TRÊN CÂY CÀ CHUA > ĐIỀU KIỆN THUẬN LỢI CHO BỆNH > NHIỆT ĐỘ TỐI ƯU CHO SỢI NẤM,6369,6567,129,58,342,True,True,1,1
C,5e7cdc7c-0500-45b2-b368-b1940189ed3f,tomato/tomato_late_blight.txt,BỆNH MỐC SƯƠNG MUỘN TRÊN CÂY CÀ CHUA > ĐIỀU KIỆN THUẬN LỢI CHO BỆNH > CÁC YẾU TỐ LÀM TĂNG NGUY CƠ BỆNH,6606,6877,158,86,420,True,True,1,1
C,5e680c13-74d0-47e2-bb71-ca65bd2f89a5,tomato/tomato_late_blight.txt,BỆNH MỐC SƯƠNG MUỘN TRÊN CÂY CÀ CHUA > PHÒNG NGỪA,6893,7197,119,79,400,True,True,1,1
C,5fb4c7ea-368d-4262-89b9-5135580cc36a,tomato/tomato_late_blight.txt,BỆNH MỐC SƯƠNG MUỘN TRÊN CÂY CÀ CHUA > PHÒNG NGỪA > SỬ DỤNG GIỐNG KHÁNG,7225,7537,129,79,430,True,True,1,1
C,53f66993-e36e-4b34-b100-8389ac739ff9,tomato/tomato_late_blight.txt,BỆNH MỐC SƯƠNG MUỘN TRÊN CÂY CÀ CHUA > PHÒNG NGỪA > LOẠI BỎ CÂY CÀ CHUA MỌC TỰ NHIÊN,7578,7820,125,66,373,True,True,1,1
C,8c96f74d-bda6-426e-b6f4-80fa1470cdd3,tomato/tomato_late_blight.txt,BỆNH MỐC SƯƠNG MUỘN TRÊN CÂY CÀ CHUA > PHÒNG NGỪA > QUẢN LÝ KHOẢNG CÁCH VÀ TÁN CÂY,7859,8075,117,62,345,True,True,1,1
C,956c79db-da4b-4254-a901-44cbaaedc7c4,tomato/tomato_late_blight.txt,BỆNH MỐC SƯƠNG MUỘN TRÊN CÂY CÀ CHUA > PHÒNG NGỪA > SỬ DỤNG THUỐC DIỆT NẤM,8106,8467,139,85,482,True,True,1,1
C,03beef64-e4dc-4c28-8b32-ca84190deabf,tomato/tomato_late_blight.txt,BỆNH MỐC SƯƠNG MUỘN TRÊN CÂY CÀ CHUA > PHÒNG NGỪA > TẠI SAO PHUN PHÒNG QUAN TRỌNG?,8506,8868,148,94,491,True,True,1,1
C,9a712a23-0517-4038-9eab-74448b41719b,tomato/tomato_late_blight.txt,BỆNH MỐC SƯƠNG MUỘN TRÊN CÂY CÀ CHUA > BLITECAST VÀ DỰ BÁO NGUY CƠ BỆNH,8906,9292,144,94,504,True,True,1,1
C,aee76f7a-9257-4c73-860a-78373e6cc39d,tomato/tomato_late_blight.txt,BỆNH MỐC SƯƠNG MUỘN TRÊN CÂY CÀ CHUA > BLITECAST VÀ DỰ BÁO NGUY CƠ BỆNH > MÔ HÌNH DỰ BÁO BỆNH,9320,9610,144,82,430,True,True,1,1
C,8b61369e-3be3-4b36-ae9f-f7daaaf15a8e,tomato/tomato_late_blight.txt,BỆNH MỐC SƯƠNG MUỘN TRÊN CÂY CÀ CHUA > BLITECAST VÀ DỰ BÁO NGUY CƠ BỆNH > DISEASE SEVERITY VALUES – DSV,9648,9923,146,83,425,True,True,1,1
C,db89e259-dfba-4ed9-937b-09902561e7d9,tomato/tomato_late_blight.txt,BỆNH MỐC SƯƠNG MUỘN TRÊN CÂY CÀ CHUA > BLITECAST VÀ DỰ BÁO NGUY CƠ BỆNH > THỜI ĐIỂM BẮT ĐẦU MÔ HÌNH,9957,10187,135,66,376,True,True,1,1
C,1b84ffae-1649-417f-8855-65696014ddc3,tomato/tomato_late_blight.txt,BỆNH MỐC SƯƠNG MUỘN TRÊN CÂY CÀ CHUA > BLITECAST VÀ DỰ BÁO NGUY CƠ BỆNH > ÁP DỤNG MÔ HÌNH NGOÀI WISCONSIN,10227,10615,170,105,540,True,True,1,1
C,9319a52c-f6df-4512-8656-bcf02c4df37d,tomato/tomato_late_blight.txt,BỆNH MỐC SƯƠNG MUỘN TRÊN CÂY CÀ CHUA > XỬ LÝ KHI PHÁT HIỆN BỆNH,10645,11061,156,109,526,True,True,1,1
C,d8b7a947-6167-4aef-a46b-898c477b9c64,tomato/tomato_late_blight.txt,BỆNH MỐC SƯƠNG MUỘN TRÊN CÂY CÀ CHUA > KIỂM TRA VÀ NHẬN BIẾT NGOÀI VƯỜN > CÁCH KIỂM TRA NHANH NGOÀI VƯỜN,11134,11937,293,226,954,True,True,1,1
C,5f745535-dfd6-4f26-8dd9-212a0ee816be,tomato/tomato_late_blight.txt,BỆNH MỐC SƯƠNG MUỘN TRÊN CÂY CÀ CHUA > KIỂM TRA VÀ NHẬN BIẾT NGOÀI VƯỜN > PHÂN BIỆT VẾT BỆNH MỚI VÀ VẾT BỆNH GIÀ,11982,12274,163,90,451,True,True,1,1
C,a79c648e-2068-4418-a4cc-be60bcc10112,tomato/tomato_late_blight.txt,BỆNH MỐC SƯƠNG MUỘN TRÊN CÂY CÀ CHUA > LƯU Ý KHI SỬ DỤNG THUỐC BẢO VỆ THỰC VẬT,12319,12863,198,141,669,True,True,1,1
C,7fd04610-a606-4711-89e0-56889f96ab17,tomato/tomato_late_blight.txt,BỆNH MỐC SƯƠNG MUỘN TRÊN CÂY CÀ CHUA > TÓM TẮT CÁCH NHẬN BIẾT VÀ QUẢN LÝ,12902,14107,397,345,1324,True,True,1,1
C,504f377c-496d-4013-a2b2-61c6a84250c7,tomato/tomato_late_blight.txt,BỆNH MỐC SƯƠNG MUỘN TRÊN CÂY CÀ CHUA > TÓM TẮT CÁCH NHẬN BIẾT VÀ QUẢN LÝ,13962,14433,176,124,590,True,True,1,1
C,5bff4aad-12c1-438f-9727-f17cf8aa19f5,tomato/tomato_late_blight.txt,BỆNH MỐC SƯƠNG MUỘN TRÊN CÂY CÀ CHUA > NGUỒN THAM KHẢO,14454,14563,78,36,210,True,True,1,1
C,8aa2ef50-5e5c-441c-9213-8cc6500dc3db,tomato/tomato_leaf_mold.txt,BỆNH MỐC LÁ TRÊN CÂY CÀ CHUA > TỔNG QUAN,137,673,182,147,621,True,True,1,1
C,8749fd4c-692a-4204-8897-66aa926334f2,tomato/tomato_leaf_mold.txt,BỆNH MỐC LÁ TRÊN CÂY CÀ CHUA > TÁC NHÂN GÂY BỆNH,696,1084,140,101,481,True,True,1,1
C,0927d658-d6cd-4fd6-ad0b-c2e55d27c6f9,tomato/tomato_leaf_mold.txt,BỆNH MỐC LÁ TRÊN CÂY CÀ CHUA > ĐIỀU KIỆN THUẬN LỢI CHO BỆNH > MÔI TRƯỜNG DỄ XUẤT HIỆN BỆNH,1151,1365,127,62,349,True,True,1,1
C,1d0e9289-c189-4466-8de8-a7e2bbc6a01f,tomato/tomato_leaf_mold.txt,BỆNH MỐC LÁ TRÊN CÂY CÀ CHUA > ĐIỀU KIỆN THUẬN LỢI CHO BỆNH > ĐỘ ẨM LÀ YẾU TỐ QUAN TRỌNG NHẤT,1403,1780,181,115,515,True,True,1,1
C,5747bb26-b508-45e5-8157-04396399ef75,tomato/tomato_leaf_mold.txt,BỆNH MỐC LÁ TRÊN CÂY CÀ CHUA > ĐIỀU KIỆN THUẬN LỢI CHO BỆNH > NHIỆT ĐỘ THUẬN LỢI,1805,2227,183,121,547,True,True,1,1
C,0b97308e-5495-42df-a7fe-0c9c1e14b26e,tomato/tomato_leaf_mold.txt,BỆNH MỐC LÁ TRÊN CÂY CÀ CHUA > TRIỆU CHỨNG > Triệu chứng trên mặt trên của lá,2282,2535,118,73,375,True,True,1,1
C,6421f2c4-904c-4f91-8f5a-aaa5e30270a3,tomato/tomato_leaf_mold.txt,BỆNH MỐC LÁ TRÊN CÂY CÀ CHUA > TRIỆU CHỨNG > Triệu chứng trên mặt dưới của lá,2576,2849,143,98,395,True,True,1,1
C,845c29ef-fe19-4163-b5f2-89d503aec753,tomato/tomato_leaf_mold.txt,BỆNH MỐC LÁ TRÊN CÂY CÀ CHUA > TRIỆU CHỨNG > MỐI LIÊN HỆ GIỮA HAI MẶT LÁ,2885,3166,136,82,398,True,True,1,1
C,489ae7b8-eff6-44c3-96c2-4009121592de,tomato/tomato_leaf_mold.txt,BỆNH MỐC LÁ TRÊN CÂY CÀ CHUA > TRIỆU CHỨNG > TRIỆU CHỨNG KHI BỆNH PHÁT TRIỂN NẶNG,3211,3500,139,82,415,True,True,1,1
C,fee00b7f-9b03-4d91-818d-ba614b659bbb,tomato/tomato_leaf_mold.txt,BỆNH MỐC LÁ TRÊN CÂY CÀ CHUA > TRIỆU CHỨNG > TRIỆU CHỨNG TRÊN HOA,3529,3699,96,48,280,True,True,1,1
C,f8a554be-a7dc-459a-b8c4-2addeaa06eaf,tomato/tomato_leaf_mold.txt,BỆNH MỐC LÁ TRÊN CÂY CÀ CHUA > TRIỆU CHỨNG > TRIỆU CHỨNG TRÊN QUẢ,3728,4089,150,102,471,True,True,1,1
C,9ed815f4-6f3f-4ab8-bb58-ae12e40fa730,tomato/tomato_leaf_mold.txt,BỆNH MỐC LÁ TRÊN CÂY CÀ CHUA > PHÂN BIỆT VỚI CÁC VẤN ĐỀ KHÁC,4124,4418,141,93,399,True,True,1,1
C,548db5ef-5daa-4268-8998-33ea19b79fa8,tomato/tomato_leaf_mold.txt,BỆNH MỐC LÁ TRÊN CÂY CÀ CHUA > CHU KỲ BỆNH VÀ CƠ CHẾ LÂY LAN > SINH HỌC VÀ KHẢ NĂNG TỒN TẠI CỦA NẤM,4494,4813,143,79,463,True,True,1,1
C,31147d0b-514d-4afe-bd2b-e03484dd0143,tomato/tomato_leaf_mold.txt,BỆNH MỐC LÁ TRÊN CÂY CÀ CHUA > CHU KỲ BỆNH VÀ CƠ CHẾ LÂY LAN > CẤU TRÚC NGHỈ CỦA NẤM,4841,5167,151,91,455,True,True,1,1
C,d540e6f9-975c-42c3-8112-073271274a5b,tomato/tomato_leaf_mold.txt,BỆNH MỐC LÁ TRÊN CÂY CÀ CHUA > CHU KỲ BỆNH VÀ CƠ CHẾ LÂY LAN > VAI TRÒ CỦA HẠT GIỐNG,5195,5454,128,71,388,True,True,1,1
C,f56a01d5-2b8d-40fd-abed-0d7b256b66f3,tomato/tomato_leaf_mold.txt,BỆNH MỐC LÁ TRÊN CÂY CÀ CHUA > CHU KỲ BỆNH VÀ CƠ CHẾ LÂY LAN > CHU KỲ LÂY NHIỄM,5477,5813,152,95,460,True,True,1,1
C,19c0c32d-c164-4162-889d-e3675fa40fe0,tomato/tomato_leaf_mold.txt,BỆNH MỐC LÁ TRÊN CÂY CÀ CHUA > CHU KỲ BỆNH VÀ CƠ CHẾ LÂY LAN > NHIỀU THẾ HỆ TRONG MỘT VỤ,5845,6078,130,68,366,True,True,1,1
C,ffcacf7c-f9da-46d1-966c-5305e3d18324,tomato/tomato_leaf_mold.txt,BỆNH MỐC LÁ TRÊN CÂY CÀ CHUA > CHU KỲ BỆNH VÀ CƠ CHẾ LÂY LAN > CÁCH BỆNH LÂY LAN,6102,6381,143,88,404,True,True,1,1
C,400c7cf0-0c7c-4e7f-b977-5063ca3cc6fe,tomato/tomato_leaf_mold.txt,BỆNH MỐC LÁ TRÊN CÂY CÀ CHUA > THEO DÕI BỆNH TRÊN RUỘNG VÀ NHÀ KÍNH,6423,6916,187,138,605,True,True,1,1
C,b7d33d82-6d46-46bc-9fb0-b9b0c4e4ebc5,tomato/tomato_leaf_mold.txt,BỆNH MỐC LÁ TRÊN CÂY CÀ CHUA > PHÒNG NGỪA > SỬ DỤNG GIỐNG KHÁNG,6956,7804,303,256,956,True,True,1,1
C,b47f9f34-187c-4e93-bb6c-db3347ce87c8,tomato/tomato_leaf_mold.txt,BỆNH MỐC LÁ TRÊN CÂY CÀ CHUA > PHÒNG NGỪA > QUẢN LÝ NƯỚC TƯỚI,7828,8003,105,59,281,True,True,1,1
C,b291f2d5-142d-4d2c-988e-5284e5c6a08d,tomato/tomato_leaf_mold.txt,BỆNH MỐC LÁ TRÊN CÂY CÀ CHUA > PHÒNG NGỪA > QUẢN LÝ KHOẢNG CÁCH CÂY,8033,8225,108,59,304,True,True,1,1
C,b083bdf0-3cdd-4259-97dd-35c3e8716cb3,tomato/tomato_leaf_mold.txt,BỆNH MỐC LÁ TRÊN CÂY CÀ CHUA > PHÒNG NGỪA > TẠO TÁN THÔNG THOÁNG,8252,8480,115,67,337,True,True,1,1
C,8913125f-ad1c-452a-8b90-3fa29c242ad5,tomato/tomato_leaf_mold.txt,BỆNH MỐC LÁ TRÊN CÂY CÀ CHUA > PHÒNG NGỪA > THÔNG GIÓ NHÀ KÍNH VÀ HIGH TUNNEL,8520,8707,111,60,309,True,True,1,1
C,f9153998-eb42-48b7-9111-495cf8331100,tomato/tomato_leaf_mold.txt,BỆNH MỐC LÁ TRÊN CÂY CÀ CHUA > PHÒNG NGỪA > HẠN CHẾ SƯƠNG ĐỌNG TRÊN LÁ,8740,8939,104,53,314,True,True,1,1
C,1540bdee-6bb9-4d8e-a4ad-a78cecb37f09,tomato/tomato_leaf_mold.txt,"BỆNH MỐC LÁ TRÊN CÂY CÀ CHUA > PHÒNG NGỪA > VỆ SINH CỌC, DÂY VÀ GIÀN",8970,9238,128,77,381,True,True,1,1
C,948a7d1e-929d-4281-82aa-ec3efa7a8a0f,tomato/tomato_leaf_mold.txt,BỆNH MỐC LÁ TRÊN CÂY CÀ CHUA > PHÒNG NGỪA > VỆ SINH NHÀ KÍNH CUỐI VỤ,9269,9513,118,67,357,True,True,1,1
C,85c547fc-61c0-4d50-98a5-744d3774c4bd,tomato/tomato_leaf_mold.txt,BỆNH MỐC LÁ TRÊN CÂY CÀ CHUA > PHÒNG NGỪA > QUẢN LÝ TÀN DƯ CÂY BỆNH,9543,9796,120,70,365,True,True,1,1
C,fcc6a42b-3c4e-4009-8a6e-3151c8d9cb1f,tomato/tomato_leaf_mold.txt,BỆNH MỐC LÁ TRÊN CÂY CÀ CHUA > PHÒNG NGỪA > ƯU TIÊN QUẢN LÝ ĐỘ ẨM TRƯỚC THUỐC,9836,10162,152,95,448,True,True,1,1
C,f57ff505-a232-4278-8c80-5f2da09dbd87,tomato/tomato_leaf_mold.txt,BỆNH MỐC LÁ TRÊN CÂY CÀ CHUA > QUẢN LÝ BẰNG THUỐC DIỆT NẤM,10195,10434,101,54,342,True,True,1,1
C,41dfd1d1-9d2c-4781-abc3-12ad956df64b,tomato/tomato_leaf_mold.txt,BỆNH MỐC LÁ TRÊN CÂY CÀ CHUA > QUẢN LÝ BẰNG THUỐC DIỆT NẤM > LẶP LẠI XỬ LÝ THEO NHÃN,10466,10633,108,45,296,True,True,1,1
C,adf3a00d-9efe-4ab8-a1a3-701e5b44a111,tomato/tomato_leaf_mold.txt,BỆNH MỐC LÁ TRÊN CÂY CÀ CHUA > QUẢN LÝ BẰNG THUỐC DIỆT NẤM > LUÂN PHIÊN NHÓM THUỐC,10663,10887,118,59,351,True,True,1,1
C,c418f793-a7d4-460e-b519-6a0d0ad85154,tomato/tomato_leaf_mold.txt,BỆNH MỐC LÁ TRÊN CÂY CÀ CHUA > QUẢN LÝ BẰNG THUỐC DIỆT NẤM > THÔNG TIN VỀ ĐỒNG TRONG CANH TÁC HỮU CƠ,10935,11470,195,130,680,True,True,1,1
C,d55b1ee2-8938-4e94-ae89-2bd45667ab72,tomato/tomato_leaf_mold.txt,BỆNH MỐC LÁ TRÊN CÂY CÀ CHUA > QUẢN LÝ BẰNG THUỐC DIỆT NẤM > HIGH TUNNEL VÀ QUY ĐỊNH THUỐC TẠI MINNESOTA,11522,12097,202,135,724,True,True,1,1
C,bf69f005-ceaf-49c3-943c-79bce234e05b,tomato/tomato_leaf_mold.txt,BỆNH MỐC LÁ TRÊN CÂY CÀ CHUA > KIỂM TRA NHANH TRONG NHÀ KÍNH HOẶC HIGH TUNNEL,12149,12811,246,194,784,True,True,1,1
C,1c8b227d-20fe-4423-aa4b-92d17bc870ad,tomato/tomato_leaf_mold.txt,BỆNH MỐC LÁ TRÊN CÂY CÀ CHUA > LƯU Ý KHI SỬ DỤNG THUỐC BẢO VỆ THỰC VẬT,12856,13301,171,117,560,True,True,1,1
C,817b473e-bc1b-44df-81e1-24726cf1cdb7,tomato/tomato_leaf_mold.txt,BỆNH MỐC LÁ TRÊN CÂY CÀ CHUA > TÓM TẮT CÁCH NHẬN BIẾT VÀ QUẢN LÝ,13340,14544,398,349,1313,True,True,1,1
C,8e75bbe8-0961-409d-a0a9-a14d18caead2,tomato/tomato_leaf_mold.txt,BỆNH MỐC LÁ TRÊN CÂY CÀ CHUA > TÓM TẮT CÁCH NHẬN BIẾT VÀ QUẢN LÝ,14400,14971,203,154,680,False,True,1,1
C,0ee71150-7e1d-4a81-884c-54d8c390740d,tomato/tomato_leaf_mold.txt,BỆNH MỐC LÁ TRÊN CÂY CÀ CHUA > NGUỒN THAM KHẢO,14992,15133,84,45,232,True,True,1,1
C,5b9a7bb1-5922-47b8-9286-622161e66d16,tomato/tomato_mosaic_virus.txt,VIRUS KHẢM CÀ CHUA – TOMATO MOSAIC VIRUS (ToMV) > TỔNG QUAN,156,743,194,153,694,True,True,1,1
C,a9687a17-d2bd-4b4c-a578-1ec5869abd20,tomato/tomato_mosaic_virus.txt,VIRUS KHẢM CÀ CHUA – TOMATO MOSAIC VIRUS (ToMV) > CÂY KÝ CHỦ,759,1059,124,82,408,True,True,1,1
C,dabbce93-9767-4d4d-9098-4a8f69017e29,tomato/tomato_mosaic_virus.txt,VIRUS KHẢM CÀ CHUA – TOMATO MOSAIC VIRUS (ToMV) > CƠ CHẾ LÂY TRUYỀN,1082,1273,104,57,306,True,True,1,1
C,a7ac920a-e196-429f-91e2-a9fe1c8e610a,tomato/tomato_mosaic_virus.txt,VIRUS KHẢM CÀ CHUA – TOMATO MOSAIC VIRUS (ToMV) > CƠ CHẾ LÂY TRUYỀN > LÂY QUA NHỰA CÂY,1298,1563,141,84,399,True,True,1,1
C,e466c1d2-f707-4048-aa9c-084b79013f40,tomato/tomato_mosaic_virus.txt,VIRUS KHẢM CÀ CHUA – TOMATO MOSAIC VIRUS (ToMV) > CƠ CHẾ LÂY TRUYỀN > LÂY QUA HẠT GIỐNG,1589,1862,134,76,408,True,True,1,1
C,5446e750-d04c-41e8-8da0-57960d881c4e,tomato/tomato_mosaic_virus.txt,VIRUS KHẢM CÀ CHUA – TOMATO MOSAIC VIRUS (ToMV) > CƠ CHẾ LÂY TRUYỀN > LÂY QUA TAY NGƯỜI,1888,2173,147,92,420,True,True,1,1
C,b2495d40-32f5-4bf8-8ecb-c90af6335912,tomato/tomato_mosaic_virus.txt,VIRUS KHẢM CÀ CHUA – TOMATO MOSAIC VIRUS (ToMV) > CƠ CHẾ LÂY TRUYỀN > LÂY QUA DỤNG CỤ,2197,2517,150,95,453,True,True,1,1
C,61948255-99f6-46b3-bbc4-df19d9fd0e4a,tomato/tomato_mosaic_virus.txt,VIRUS KHẢM CÀ CHUA – TOMATO MOSAIC VIRUS (ToMV) > CƠ CHẾ LÂY TRUYỀN > SẢN PHẨM THUỐC LÁ,2543,2916,156,98,508,True,True,1,1
C,acbcb424-0e64-4645-b890-066d3d1bb9ae,tomato/tomato_mosaic_virus.txt,VIRUS KHẢM CÀ CHUA – TOMATO MOSAIC VIRUS (ToMV) > CƠ CHẾ LÂY TRUYỀN > LÂY QUA GHÉP,2937,3133,109,54,326,True,True,1,1
C,a61ae852-427d-4a62-9fd0-50baac21ac9e,tomato/tomato_mosaic_virus.txt,VIRUS KHẢM CÀ CHUA – TOMATO MOSAIC VIRUS (ToMV) > TRIỆU CHỨNG > Trên lá,3162,4128,366,320,1085,True,True,1,1
C,125ea270-ffb0-48d9-9bf8-c622d99d4743,tomato/tomato_mosaic_virus.txt,VIRUS KHẢM CÀ CHUA – TOMATO MOSAIC VIRUS (ToMV) > TRIỆU CHỨNG > Trên lá,4006,4422,174,128,535,False,True,1,1
C,69839101-948f-4e92-9588-cb8b53463503,tomato/tomato_mosaic_virus.txt,VIRUS KHẢM CÀ CHUA – TOMATO MOSAIC VIRUS (ToMV) > TRIỆU CHỨNG > Trên hoa và quả,4444,5073,236,188,756,True,True,1,1
C,cf624575-79b1-49e6-a14d-b36afdce003c,tomato/tomato_mosaic_virus.txt,VIRUS KHẢM CÀ CHUA – TOMATO MOSAIC VIRUS (ToMV) > TRIỆU CHỨNG > Ảnh hưởng đến sinh trưởng và năng suất,5118,5618,206,154,650,True,True,1,1
C,bcc581b2-24f6-4e30-990f-fefde9464549,tomato/tomato_mosaic_virus.txt,VIRUS KHẢM CÀ CHUA – TOMATO MOSAIC VIRUS (ToMV) > CHẨN ĐOÁN > CHẨN ĐOÁN BẰNG TRIỆU CHỨNG,5664,5948,148,89,420,True,True,1,1
C,8a4bf06e-31e0-45f7-929e-a68982156751,tomato/tomato_mosaic_virus.txt,VIRUS KHẢM CÀ CHUA – TOMATO MOSAIC VIRUS (ToMV) > CHẨN ĐOÁN > TẠI SAO CẦN XÁC NHẬN BẰNG XÉT NGHIỆM,5991,6270,136,72,425,True,True,1,1
C,18796469-e6a5-495b-9c55-e52039040739,tomato/tomato_mosaic_virus.txt,VIRUS KHẢM CÀ CHUA – TOMATO MOSAIC VIRUS (ToMV) > CHẨN ĐOÁN > CHẨN ĐOÁN BẰNG ELISA,6297,6474,99,44,307,True,True,1,1
C,a3bec8d6-9461-4917-a4ca-cb9e4d166339,tomato/tomato_mosaic_virus.txt,VIRUS KHẢM CÀ CHUA – TOMATO MOSAIC VIRUS (ToMV) > CHẨN ĐOÁN > CHẨN ĐOÁN BẰNG PHƯƠNG PHÁP PHÂN TỬ,6515,6816,141,81,445,True,True,1,1
C,438efa37-d6a0-4c65-bfc1-0efe5a4d272b,tomato/tomato_mosaic_virus.txt,VIRUS KHẢM CÀ CHUA – TOMATO MOSAIC VIRUS (ToMV) > NGUYÊN TẮC QUẢN LÝ,6840,7113,123,78,389,True,True,1,1
C,2d10e25b-f12e-4ee5-baa9-5714e3ab6ede,tomato/tomato_mosaic_virus.txt,VIRUS KHẢM CÀ CHUA – TOMATO MOSAIC VIRUS (ToMV) > PHÒNG NGỪA VÀ HẠN CHẾ LÂY LAN > KHÁNG DI TRUYỀN,7168,8177,338,278,1154,True,True,1,1
C,fe63bff5-6610-4146-a2b7-343e15cba253,tomato/tomato_mosaic_virus.txt,VIRUS KHẢM CÀ CHUA – TOMATO MOSAIC VIRUS (ToMV) > PHÒNG NGỪA VÀ HẠN CHẾ LÂY LAN > VỆ SINH VÀ LOẠI CÂY BỆNH,8208,9243,364,299,1189,True,True,1,1
C,bfe77c56-42aa-421c-b2fa-31c3ca7b5b70,tomato/tomato_mosaic_virus.txt,VIRUS KHẢM CÀ CHUA – TOMATO MOSAIC VIRUS (ToMV) > PHÒNG NGỪA VÀ HẠN CHẾ LÂY LAN > VỆ SINH VÀ LOẠI CÂY BỆNH,9111,10122,364,299,1165,False,True,1,1
C,31dd93f9-d044-4bb4-a617-c7c5156cd95a,tomato/tomato_mosaic_virus.txt,VIRUS KHẢM CÀ CHUA – TOMATO MOSAIC VIRUS (ToMV) > PHÒNG NGỪA VÀ HẠN CHẾ LÂY LAN > KHÔNG CÓ THUỐC CHỮA VIRUS TRÊN CÂY ĐÃ NHIỄM,10172,10410,135,61,411,True,True,1,1
C,3adb333f-b17e-4140-a365-db213bcd8de5,tomato/tomato_mosaic_virus.txt,VIRUS KHẢM CÀ CHUA – TOMATO MOSAIC VIRUS (ToMV) > PHÒNG NGỪA VÀ HẠN CHẾ LÂY LAN > ƯU TIÊN QUẢN LÝ,10432,10725,150,90,438,True,True,1,1
C,7d9eebb6-2c01-4a6d-9367-5b5abe57383e,tomato/tomato_mosaic_virus.txt,VIRUS KHẢM CÀ CHUA – TOMATO MOSAIC VIRUS (ToMV) > CROSS PROTECTION,10747,11152,138,96,519,True,True,1,1
C,54443310-5c8a-4619-a1f0-e2a852f8fb96,tomato/tomato_mosaic_virus.txt,VIRUS KHẢM CÀ CHUA – TOMATO MOSAIC VIRUS (ToMV) > KIỂM TRA VÀ PHÂN BIỆT > CÁCH KIỂM TRA NHANH NGOÀI VƯỜN HOẶC NHÀ KÍNH,11228,11862,254,184,800,True,True,1,1
C,bb5c7693-2273-4cb3-b656-e159b6c1189c,tomato/tomato_mosaic_virus.txt,VIRUS KHẢM CÀ CHUA – TOMATO MOSAIC VIRUS (ToMV) > KIỂM TRA VÀ PHÂN BIỆT > PHÂN BIỆT KHÁI QUÁT VỚI TYLCV,11898,12343,206,142,596,True,True,1,1
C,774d4fb4-da8c-449b-94fc-406fff341dba,tomato/tomato_mosaic_virus.txt,VIRUS KHẢM CÀ CHUA – TOMATO MOSAIC VIRUS (ToMV) > KIỂM TRA VÀ PHÂN BIỆT > PHÂN BIỆT VỚI THIẾU DINH DƯỠNG,12380,12678,156,90,450,True,True,1,1
C,274ec558-098b-48ca-a0fe-919abd473ce1,tomato/tomato_mosaic_virus.txt,VIRUS KHẢM CÀ CHUA – TOMATO MOSAIC VIRUS (ToMV) > LƯU Ý VỀ CHẨN ĐOÁN PHÂN TỬ,12710,13022,138,86,436,True,True,1,1
C,0261053c-e3c1-45b1-a486-cc9f43e7aebc,tomato/tomato_mosaic_virus.txt,VIRUS KHẢM CÀ CHUA – TOMATO MOSAIC VIRUS (ToMV) > TÓM TẮT CÁCH NHẬN BIẾT VÀ QUẢN LÝ,13061,14294,388,333,1364,True,True,1,1
C,7a673316-afd4-42a8-b422-395db5cffcdb,tomato/tomato_mosaic_virus.txt,VIRUS KHẢM CÀ CHUA – TOMATO MOSAIC VIRUS (ToMV) > TÓM TẮT CÁCH NHẬN BIẾT VÀ QUẢN LÝ,14129,14351,110,55,353,False,True,1,1
C,ad4d8c9f-0a54-46ba-b662-22a332d0fdf6,tomato/tomato_mosaic_virus.txt,VIRUS KHẢM CÀ CHUA – TOMATO MOSAIC VIRUS (ToMV) > NGUỒN THAM KHẢO,14372,14633,133,88,374,True,True,1,1
C,16082975-4c5b-4ef0-b754-11bd1432aca0,tomato/tomato_septoria_leaf_spot.txt,BỆNH ĐỐM LÁ SEPTORIA TRÊN CÂY CÀ CHUA > TỔNG QUAN,157,608,155,117,554,True,True,1,1
C,79d7f1c2-9828-4c51-adbf-3c6f48462e63,tomato/tomato_septoria_leaf_spot.txt,BỆNH ĐỐM LÁ SEPTORIA TRÊN CÂY CÀ CHUA > TÁC NHÂN GÂY BỆNH,631,903,122,80,383,True,True,1,1
C,f25fda5d-4fad-4644-a172-a735366df55e,tomato/tomato_septoria_leaf_spot.txt,BỆNH ĐỐM LÁ SEPTORIA TRÊN CÂY CÀ CHUA > BỘ PHẬN CÂY BỊ ẢNH HƯỞNG,933,1169,113,63,354,True,True,1,1
C,1ca1af18-519c-4f1c-a610-6e243887b5db,tomato/tomato_septoria_leaf_spot.txt,BỆNH ĐỐM LÁ SEPTORIA TRÊN CÂY CÀ CHUA > TRIỆU CHỨNG > Triệu chứng ban đầu trên lá,1219,1432,109,62,348,True,True,1,1
C,e5749205-92f3-4fb1-b037-68ccfaa5cb62,tomato/tomato_septoria_leaf_spot.txt,BỆNH ĐỐM LÁ SEPTORIA TRÊN CÂY CÀ CHUA > TRIỆU CHỨNG > VIỀN NÂU SẪM VÀ QUẦNG VÀNG,1467,1728,131,75,395,True,True,1,1
C,029b517d-da2c-40dc-8731-4a8c463e76e0,tomato/tomato_septoria_leaf_spot.txt,BỆNH ĐỐM LÁ SEPTORIA TRÊN CÂY CÀ CHUA > TRIỆU CHỨNG > PYCNIDIA – DẤU HIỆU QUAN TRỌNG,1767,2036,129,72,407,True,True,1,1
C,bb8d5d15-db0c-4dd6-a684-267f4d55c688,tomato/tomato_septoria_leaf_spot.txt,BỆNH ĐỐM LÁ SEPTORIA TRÊN CÂY CÀ CHUA > TRIỆU CHỨNG > TRIỆU CHỨNG Ở MẶT DƯỚI LÁ,2070,2231,107,50,294,True,True,1,1
C,34a58af2-85b8-4251-be2b-feba3bca2997,tomato/tomato_septoria_leaf_spot.txt,BỆNH ĐỐM LÁ SEPTORIA TRÊN CÂY CÀ CHUA > TRIỆU CHỨNG > KHI BỆNH PHÁT TRIỂN NẶNG,2264,2548,133,79,416,True,True,1,1
C,d174f4c3-d388-4cc3-9a25-63e68325f18e,tomato/tomato_septoria_leaf_spot.txt,"BỆNH ĐỐM LÁ SEPTORIA TRÊN CÂY CÀ CHUA > TRIỆU CHỨNG > TRIỆU CHỨNG TRÊN THÂN, CUỐNG VÀ ĐÀI QUẢ",2596,2823,127,67,374,True,True,1,1
C,512f9865-9705-4fdb-b10e-4453d3b0a824,tomato/tomato_septoria_leaf_spot.txt,BỆNH ĐỐM LÁ SEPTORIA TRÊN CÂY CÀ CHUA > PHÂN BIỆT VỚI BỆNH KHÁC > PHÂN BIỆT VỚI BỆNH CHÁY SỚM,2884,3347,202,136,610,True,True,1,1
C,292c0d14-899b-4450-a093-3ad1340ed6c4,tomato/tomato_septoria_leaf_spot.txt,BỆNH ĐỐM LÁ SEPTORIA TRÊN CÂY CÀ CHUA > PHÂN BIỆT VỚI BỆNH KHÁC > PHÂN BIỆT VỚI BỆNH ĐỐM XÁM LÁ,3383,3916,224,157,682,True,True,1,1
C,f094e71c-2cfe-489c-98b0-8dbdb7342e64,tomato/tomato_septoria_leaf_spot.txt,BỆNH ĐỐM LÁ SEPTORIA TRÊN CÂY CÀ CHUA > PHÂN BIỆT VỚI BỆNH KHÁC > CÓ THỂ CÓ NHIỀU BỆNH CÙNG LÚC,3952,4258,151,83,455,True,True,1,1
C,a3b2d636-11ed-4cab-9e39-5c8a4e83d717,tomato/tomato_septoria_leaf_spot.txt,BỆNH ĐỐM LÁ SEPTORIA TRÊN CÂY CÀ CHUA > PHÂN BIỆT VỚI BỆNH KHÁC > SO SÁNH NHANH VỚI CHÁY SỚM,4291,4597,164,99,452,True,True,1,1
C,df5315f9-7101-4e22-bb95-36ad788f09e6,tomato/tomato_septoria_leaf_spot.txt,BỆNH ĐỐM LÁ SEPTORIA TRÊN CÂY CÀ CHUA > ĐIỀU KIỆN THUẬN LỢI CHO BỆNH,4631,4838,113,62,329,True,True,1,1
C,4bc67fb0-373e-4c69-9b6f-ff589eb0c9e1,tomato/tomato_septoria_leaf_spot.txt,BỆNH ĐỐM LÁ SEPTORIA TRÊN CÂY CÀ CHUA > CHU KỲ BỆNH VÀ CƠ CHẾ LÂY LAN > CÁCH NẤM TỒN TẠI QUA VỤ,4901,5084,119,56,332,True,True,1,1
C,ac2b2bd3-2f5d-498c-92d4-325afdbb3506,tomato/tomato_septoria_leaf_spot.txt,BỆNH ĐỐM LÁ SEPTORIA TRÊN CÂY CÀ CHUA > CHU KỲ BỆNH VÀ CƠ CHẾ LÂY LAN > CÁCH BÀO TỬ LÂY LAN,5110,5404,140,80,439,True,True,1,1
C,fede3101-c932-46fd-98e6-af39e3a6f134,tomato/tomato_septoria_leaf_spot.txt,BỆNH ĐỐM LÁ SEPTORIA TRÊN CÂY CÀ CHUA > CHU KỲ BỆNH VÀ CƠ CHẾ LÂY LAN > VÌ SAO KHÔNG NÊN LÀM VIỆC KHI CÂY ĐANG ƯỚT,5453,5680,150,77,395,True,True,1,1
C,48fe258a-3379-4067-a450-e1dad2fcc3d1,tomato/tomato_septoria_leaf_spot.txt,BỆNH ĐỐM LÁ SEPTORIA TRÊN CÂY CÀ CHUA > PHÒNG NGỪA VÀ QUẢN LÝ CANH TÁC,5716,6051,152,104,459,True,True,1,1
C,509f851a-aee7-4428-a4c2-725adb721271,tomato/tomato_septoria_leaf_spot.txt,BỆNH ĐỐM LÁ SEPTORIA TRÊN CÂY CÀ CHUA > PHÒNG NGỪA VÀ QUẢN LÝ CANH TÁC > LUÂN CANH,6067,6262,105,52,331,True,True,1,1
C,7ea8d489-123d-47a1-87b3-ae9a7c4d1936,tomato/tomato_septoria_leaf_spot.txt,BỆNH ĐỐM LÁ SEPTORIA TRÊN CÂY CÀ CHUA > PHÒNG NGỪA VÀ QUẢN LÝ CANH TÁC > QUẢN LÝ CỎ DẠI,6283,6491,122,65,349,True,True,1,1
C,31fec837-c085-4567-ab7f-42f40760d750,tomato/tomato_septoria_leaf_spot.txt,BỆNH ĐỐM LÁ SEPTORIA TRÊN CÂY CÀ CHUA > PHÒNG NGỪA VÀ QUẢN LÝ CANH TÁC > QUẢN LÝ TÀN DƯ,6512,6710,112,56,339,True,True,1,1
C,606706d3-3513-4bd6-b91b-9eb50122bddb,tomato/tomato_septoria_leaf_spot.txt,BỆNH ĐỐM LÁ SEPTORIA TRÊN CÂY CÀ CHUA > PHÒNG NGỪA VÀ QUẢN LÝ CANH TÁC > GIẢM THỜI GIAN LÁ BỊ ƯỚT,6741,6975,134,69,385,True,True,1,1
C,2851ddf5-4741-4dc7-b586-c6e0a303943d,tomato/tomato_septoria_leaf_spot.txt,BỆNH ĐỐM LÁ SEPTORIA TRÊN CÂY CÀ CHUA > PHÒNG NGỪA VÀ QUẢN LÝ CANH TÁC > LÀM GIÀN HOẶC CẮM CỌC,7003,7138,109,46,283,True,True,1,1
C,0532d306-6dd5-47b5-84c5-753af96af560,tomato/tomato_septoria_leaf_spot.txt,BỆNH ĐỐM LÁ SEPTORIA TRÊN CÂY CÀ CHUA > PHÒNG NGỪA VÀ QUẢN LÝ CANH TÁC > PHỦ ĐẤT,7152,7327,111,57,309,True,True,1,1
C,c4ad819c-8c90-4b6d-bf11-65a4c3edebb9,tomato/tomato_septoria_leaf_spot.txt,BỆNH ĐỐM LÁ SEPTORIA TRÊN CÂY CÀ CHUA > PHÒNG NGỪA VÀ QUẢN LÝ CANH TÁC > THEO DÕI CÂY THƯỜNG XUYÊN,7359,7606,144,84,399,True,True,1,1
C,b97e6719-780e-4d33-9d0d-61447759b6e4,tomato/tomato_septoria_leaf_spot.txt,BỆNH ĐỐM LÁ SEPTORIA TRÊN CÂY CÀ CHUA > PHÒNG NGỪA VÀ QUẢN LÝ CANH TÁC > LOẠI BỎ LÁ HOẶC CÂY BỆNH,7637,7923,142,78,437,True,True,1,1
C,3dfd6a7f-aa14-47da-82ca-99a1f2bd8ab4,tomato/tomato_septoria_leaf_spot.txt,BỆNH ĐỐM LÁ SEPTORIA TRÊN CÂY CÀ CHUA > PHÒNG NGỪA VÀ QUẢN LÝ CANH TÁC > VỆ SINH DỤNG CỤ,7945,8109,106,50,306,True,True,1,1
C,67d8d5a1-fd6f-4ecc-af0e-cb9cfedf8336,tomato/tomato_septoria_leaf_spot.txt,BỆNH ĐỐM LÁ SEPTORIA TRÊN CÂY CÀ CHUA > PHÒNG NGỪA VÀ QUẢN LÝ CANH TÁC > QUẢN LÝ CHO VƯỜN GIA ĐÌNH,8141,8529,164,102,540,True,True,1,1
C,599e3f5b-8577-4251-b2d4-47bc4460240b,tomato/tomato_septoria_leaf_spot.txt,BỆNH ĐỐM LÁ SEPTORIA TRÊN CÂY CÀ CHUA > QUẢN LÝ BẰNG THUỐC VÀ KHÁNG THUỐC > SỬ DỤNG THUỐC DIỆT NẤM,8595,9216,271,205,773,True,True,1,1
C,4b25971d-deeb-438d-89cd-c3cd310c5a40,tomato/tomato_septoria_leaf_spot.txt,BỆNH ĐỐM LÁ SEPTORIA TRÊN CÂY CÀ CHUA > QUẢN LÝ BẰNG THUỐC VÀ KHÁNG THUỐC > QUẢN LÝ KHÁNG THUỐC,9242,9546,144,81,453,True,True,1,1
C,53cf2a5e-b68a-47d3-bfd3-f16d5f540ad5,tomato/tomato_septoria_leaf_spot.txt,BỆNH ĐỐM LÁ SEPTORIA TRÊN CÂY CÀ CHUA > QUẢN LÝ BẰNG THUỐC VÀ KHÁNG THUỐC > CANH TÁC HỮU CƠ,9568,9910,146,84,487,True,True,1,1
C,70c1dc97-fe0c-4171-94bb-e6897ab9f021,tomato/tomato_septoria_leaf_spot.txt,BỆNH ĐỐM LÁ SEPTORIA TRÊN CÂY CÀ CHUA > QUẢN LÝ BẰNG THUỐC VÀ KHÁNG THUỐC > THUỐC CHỈ CÓ TÁC DỤNG PHÒNG NGỪA TỐT NHẤT,9958,10438,203,129,651,True,True,1,1
C,28655283-af9b-481b-9ba2-abc213e8afde,tomato/tomato_septoria_leaf_spot.txt,BỆNH ĐỐM LÁ SEPTORIA TRÊN CÂY CÀ CHUA > QUẢN LÝ BẰNG THUỐC VÀ KHÁNG THUỐC > LƯU Ý VỀ DANH SÁCH THUỐC TRONG NGUỒN,10481,10775,150,77,460,True,True,1,1
C,2e8afc02-b23e-4f77-9409-3df9ef135194,tomato/tomato_septoria_leaf_spot.txt,BỆNH ĐỐM LÁ SEPTORIA TRÊN CÂY CÀ CHUA > KIỂM TRA VÀ CHẨN ĐOÁN NGOÀI RUỘNG > CÁCH KIỂM TRA NHANH NGOÀI RUỘNG,10850,11459,244,179,770,True,True,1,1
C,b1aba37c-2c13-48b9-a611-fea6ba0592b2,tomato/tomato_septoria_leaf_spot.txt,BỆNH ĐỐM LÁ SEPTORIA TRÊN CÂY CÀ CHUA > KIỂM TRA VÀ CHẨN ĐOÁN NGOÀI RUỘNG > KHI NÀO CẦN CHẨN ĐOÁN CHUYÊN MÔN,11498,11845,162,93,509,True,True,1,1
C,a1b3e223-582d-4f55-906b-ac38c5536538,tomato/tomato_septoria_leaf_spot.txt,BỆNH ĐỐM LÁ SEPTORIA TRÊN CÂY CÀ CHUA > TÓM TẮT CÁCH NHẬN BIẾT VÀ QUẢN LÝ,11884,13030,393,341,1273,True,True,1,1
C,856e1bb4-d0fe-4884-a51a-fdcc83de9e11,tomato/tomato_septoria_leaf_spot.txt,BỆNH ĐỐM LÁ SEPTORIA TRÊN CÂY CÀ CHUA > TÓM TẮT CÁCH NHẬN BIẾT VÀ QUẢN LÝ,12915,13366,180,128,578,False,True,1,1
C,ce432f7f-e631-497a-a857-79b6efb7ed5e,tomato/tomato_septoria_leaf_spot.txt,BỆNH ĐỐM LÁ SEPTORIA TRÊN CÂY CÀ CHUA > NGUỒN THAM KHẢO,13387,13486,72,30,208,True,True,1,1
C,ecdaa147-869c-473d-a05b-7d95c9c8717c,tomato/tomato_spider_mites.txt,NHỆN ĐỎ HAI CHẤM TRÊN CÀ CHUA VÀ CÁC CÂY KÝ CHỦ KHÁC > ĐỐI TƯỢNG GÂY HẠI,152,190,67,17,158,True,True,1,1
C,732fdde7-da37-479a-83be-7c18ffca9e82,tomato/tomato_spider_mites.txt,NHỆN ĐỎ HAI CHẤM TRÊN CÀ CHUA VÀ CÁC CÂY KÝ CHỦ KHÁC > TỔNG QUAN,205,804,212,169,711,True,True,1,1
C,7fa712a6-5ade-438b-8a25-88203bfcb1c0,tomato/tomato_spider_mites.txt,NHỆN ĐỎ HAI CHẤM TRÊN CÀ CHUA VÀ CÁC CÂY KÝ CHỦ KHÁC > CÁCH NHẬN BIẾT NHỆN ĐỎ HAI CHẤM,841,1062,113,57,355,True,True,1,1
C,752de97a-5347-411a-9493-f7bbc2d1be7e,tomato/tomato_spider_mites.txt,NHỆN ĐỎ HAI CHẤM TRÊN CÀ CHUA VÀ CÁC CÂY KÝ CHỦ KHÁC > CÁCH NHẬN BIẾT NHỆN ĐỎ HAI CHẤM > MÀU SẮC VÀ HÌNH DẠNG,1091,1336,155,85,402,True,True,1,1
C,aa3ec606-3ba6-4e41-9fe3-991b6a9db4ed,tomato/tomato_spider_mites.txt,NHỆN ĐỎ HAI CHẤM TRÊN CÀ CHUA VÀ CÁC CÂY KÝ CHỦ KHÁC > CÁCH NHẬN BIẾT NHỆN ĐỎ HAI CHẤM > SỐ CHÂN,1352,1506,107,46,298,True,True,1,1
C,f7a75590-e30c-40ea-9fcb-851de7e2597f,tomato/tomato_spider_mites.txt,NHỆN ĐỎ HAI CHẤM TRÊN CÀ CHUA VÀ CÁC CÂY KÝ CHỦ KHÁC > CÁCH NHẬN BIẾT NHỆN ĐỎ HAI CHẤM > TƠ NHỆN,1522,1777,142,80,399,True,True,1,1
C,993889cb-183c-4dbb-bb39-365b83d1572a,tomato/tomato_spider_mites.txt,NHỆN ĐỎ HAI CHẤM TRÊN CÀ CHUA VÀ CÁC CÂY KÝ CHỦ KHÁC > CÂY KÝ CHỦ,1793,1929,77,33,249,True,True,1,1
C,c3254bb4-b034-491e-b861-3d7dd237fa8e,tomato/tomato_spider_mites.txt,NHỆN ĐỎ HAI CHẤM TRÊN CÀ CHUA VÀ CÁC CÂY KÝ CHỦ KHÁC > CÂY KÝ CHỦ > Một số cây ăn quả,1955,1993,71,21,171,True,True,1,1
C,60e66d26-475a-4d61-87e9-10277aeca58d,tomato/tomato_spider_mites.txt,NHỆN ĐỎ HAI CHẤM TRÊN CÀ CHUA VÀ CÁC CÂY KÝ CHỦ KHÁC > CÂY KÝ CHỦ > Một số cây rau,2016,2077,79,30,191,True,True,1,1
C,bed54517-6eb8-49d9-9ad5-c842a135c061,tomato/tomato_spider_mites.txt,NHỆN ĐỎ HAI CHẤM TRÊN CÀ CHUA VÀ CÁC CÂY KÝ CHỦ KHÁC > CÂY KÝ CHỦ > Một số cây hoa và cây cảnh,2112,2180,79,27,210,True,True,1,1
C,da81896c-7862-45c7-b48a-13aee5e84c4e,tomato/tomato_spider_mites.txt,NHỆN ĐỎ HAI CHẤM TRÊN CÀ CHUA VÀ CÁC CÂY KÝ CHỦ KHÁC > CÂY KÝ CHỦ > Một số cây thân gỗ và cây bụi,2218,2414,111,58,341,True,True,1,1
C,ca01ddf7-8e81-4cee-875b-010927c80068,tomato/tomato_spider_mites.txt,NHỆN ĐỎ HAI CHẤM TRÊN CÀ CHUA VÀ CÁC CÂY KÝ CHỦ KHÁC > SINH HỌC CỦA NHỆN ĐỎ HAI CHẤM,2449,2578,87,35,261,True,True,1,1
C,c1f281b2-0907-4e6b-8b9f-b30c32ec1130,tomato/tomato_spider_mites.txt,NHỆN ĐỎ HAI CHẤM TRÊN CÀ CHUA VÀ CÁC CÂY KÝ CHỦ KHÁC > SINH HỌC CỦA NHỆN ĐỎ HAI CHẤM > TỒN TẠI QUA MÙA ĐÔNG,2607,2803,112,47,351,True,True,1,1
C,9ef4940c-c15b-4360-9fdf-f0fd2ef07695,tomato/tomato_spider_mites.txt,NHỆN ĐỎ HAI CHẤM TRÊN CÀ CHUA VÀ CÁC CÂY KÝ CHỦ KHÁC > SINH HỌC CỦA NHỆN ĐỎ HAI CHẤM > THỜI GIAN PHÁT TRIỂN,2832,2982,104,41,305,True,True,1,1
C,afe953a6-74d9-4e65-9a43-17826cebfbc2,tomato/tomato_spider_mites.txt,NHỆN ĐỎ HAI CHẤM TRÊN CÀ CHUA VÀ CÁC CÂY KÝ CHỦ KHÁC > SINH HỌC CỦA NHỆN ĐỎ HAI CHẤM > ẢNH HƯỞNG CỦA NHIỆT ĐỘ CAO,3017,3221,130,61,365,True,True,1,1
C,14687395-388c-4011-bfa0-5cecf58f7650,tomato/tomato_spider_mites.txt,NHỆN ĐỎ HAI CHẤM TRÊN CÀ CHUA VÀ CÁC CÂY KÝ CHỦ KHÁC > SINH HỌC CỦA NHỆN ĐỎ HAI CHẤM > VỊ TRÍ SINH SỐNG TRÊN CÂY,3255,3447,123,57,352,True,True,1,1
C,bd1a1234-ec96-4f6f-96f6-3dc733959dee,tomato/tomato_spider_mites.txt,NHỆN ĐỎ HAI CHẤM TRÊN CÀ CHUA VÀ CÁC CÂY KÝ CHỦ KHÁC > TRIỆU CHỨNG VÀ TÁC HẠI,3475,3599,88,37,249,True,True,1,1
C,f4142b80-b7e5-4d14-9b5c-8471fdef9f0f,tomato/tomato_spider_mites.txt,NHỆN ĐỎ HAI CHẤM TRÊN CÀ CHUA VÀ CÁC CÂY KÝ CHỦ KHÁC > TRIỆU CHỨNG VÀ TÁC HẠI > TRIỆU CHỨNG BAN ĐẦU,3627,3883,144,82,403,True,True,1,1
C,c230083c-ffad-466b-815d-e5d8b8f354ee,tomato/tomato_spider_mites.txt,NHỆN ĐỎ HAI CHẤM TRÊN CÀ CHUA VÀ CÁC CÂY KÝ CHỦ KHÁC > TRIỆU CHỨNG VÀ TÁC HẠI > TRIỆU CHỨNG KHI BỆNH HẠI NẶNG,3921,4128,134,65,364,True,True,1,1
C,73dbdc41-5bc6-4427-84a5-4ef3feb981b0,tomato/tomato_spider_mites.txt,NHỆN ĐỎ HAI CHẤM TRÊN CÀ CHUA VÀ CÁC CÂY KÝ CHỦ KHÁC > TRIỆU CHỨNG VÀ TÁC HẠI > MÀU ĐỒNG HOẶC BẠC TRÊN LÁ,4162,4371,129,61,362,True,True,1,1
C,4517c225-f453-421c-b551-8fce697da203,tomato/tomato_spider_mites.txt,NHỆN ĐỎ HAI CHẤM TRÊN CÀ CHUA VÀ CÁC CÂY KÝ CHỦ KHÁC > TRIỆU CHỨNG VÀ TÁC HẠI > ẢNH HƯỞNG ĐẾN SINH TRƯỞNG,4405,4611,129,61,359,True,True,1,1
C,79881a89-47fe-4cb1-bbf1-87a2642ff7ca,tomato/tomato_spider_mites.txt,NHỆN ĐỎ HAI CHẤM TRÊN CÀ CHUA VÀ CÁC CÂY KÝ CHỦ KHÁC > TRIỆU CHỨNG VÀ TÁC HẠI > DỄ NHẦM VỚI STRESS KHÔ HẠN,4646,4918,153,87,426,True,True,1,1
C,f2c73f43-e539-4254-beab-e5a8040fad7b,tomato/tomato_spider_mites.txt,NHỆN ĐỎ HAI CHẤM TRÊN CÀ CHUA VÀ CÁC CÂY KÝ CHỦ KHÁC > KIỂM TRA VÀ PHÂN BIỆT > CÁCH KIỂM TRA NHỆN ĐỎ TRÊN CÂY,4980,5827,330,265,1004,True,True,1,1
C,2d8f87bc-0f4d-4324-87e0-76910eef017b,tomato/tomato_spider_mites.txt,NHỆN ĐỎ HAI CHẤM TRÊN CÀ CHUA VÀ CÁC CÂY KÝ CHỦ KHÁC > KIỂM TRA VÀ PHÂN BIỆT > CÁCH KIỂM TRA NHANH NGOÀI VƯỜN,5864,6417,234,169,710,True,True,1,1
C,050273e0-60a3-4213-ae15-7a9562bf88af,tomato/tomato_spider_mites.txt,NHỆN ĐỎ HAI CHẤM TRÊN CÀ CHUA VÀ CÁC CÂY KÝ CHỦ KHÁC > KIỂM TRA VÀ PHÂN BIỆT > PHÂN BIỆT VỚI THIẾU NƯỚC,6448,6749,163,99,452,True,True,1,1
C,8e41744f-17e9-48ea-adf3-2ab9bb98d979,tomato/tomato_spider_mites.txt,NHỆN ĐỎ HAI CHẤM TRÊN CÀ CHUA VÀ CÁC CÂY KÝ CHỦ KHÁC > PHÒNG NGỪA VÀ DUY TRÌ CÂY KHỎE,6785,6882,82,27,230,True,True,1,1
C,1281e28b-cfd1-4270-b6b9-e758bf1827bc,tomato/tomato_spider_mites.txt,NHỆN ĐỎ HAI CHẤM TRÊN CÀ CHUA VÀ CÁC CÂY KÝ CHỦ KHÁC > PHÒNG NGỪA VÀ DUY TRÌ CÂY KHỎE > TƯỚI NƯỚC ĐẦY ĐỦ,6907,7235,148,82,480,True,True,1,1
C,faf2f727-fa39-437a-bd15-70d1e8d2fa67,tomato/tomato_spider_mites.txt,NHỆN ĐỎ HAI CHẤM TRÊN CÀ CHUA VÀ CÁC CÂY KÝ CHỦ KHÁC > PHÒNG NGỪA VÀ DUY TRÌ CÂY KHỎE > PHỦ ĐẤT GIỮ ẨM,7258,7411,115,49,303,True,True,1,1
C,c36ed3c7-eef2-4cc9-8516-dfea5dca4658,tomato/tomato_spider_mites.txt,NHỆN ĐỎ HAI CHẤM TRÊN CÀ CHUA VÀ CÁC CÂY KÝ CHỦ KHÁC > PHÒNG NGỪA VÀ DUY TRÌ CÂY KHỎE > CHỌN CÂY CHỊU HẠN,7437,7581,106,40,297,True,True,1,1
C,01b707d4-bec3-4799-9599-4cfd2d01a2f8,tomato/tomato_spider_mites.txt,NHỆN ĐỎ HAI CHẤM TRÊN CÀ CHUA VÀ CÁC CÂY KÝ CHỦ KHÁC > PHÒNG NGỪA VÀ DUY TRÌ CÂY KHỎE > KHÔNG BÓN PHÂN TRONG THỜI KỲ KHÔ HẠN NGHIÊM TRỌNG,7639,7851,132,53,397,True,True,1,1
C,ff5bcacb-5908-46ce-aca3-eb544b6068f8,tomato/tomato_spider_mites.txt,NHỆN ĐỎ HAI CHẤM TRÊN CÀ CHUA VÀ CÁC CÂY KÝ CHỦ KHÁC > PHÒNG NGỪA VÀ DUY TRÌ CÂY KHỎE > KHÔNG TƯỚI QUÁ NHIỀU,7880,8074,133,67,350,True,True,1,1
C,1160d043-c67e-43db-84b5-2704c48002fc,tomato/tomato_spider_mites.txt,NHỆN ĐỎ HAI CHẤM TRÊN CÀ CHUA VÀ CÁC CÂY KÝ CHỦ KHÁC > XỬ LÝ KHI MẬT SỐ NHỆN TĂNG > LOẠI BỎ NHỆN ĐỎ BẰNG NƯỚC,8136,8600,218,146,621,True,True,1,1
C,bf0612d3-b2b3-4ba9-9791-001189518b74,tomato/tomato_spider_mites.txt,NHỆN ĐỎ HAI CHẤM TRÊN CÀ CHUA VÀ CÁC CÂY KÝ CHỦ KHÁC > XỬ LÝ KHI MẬT SỐ NHỆN TĂNG > THIÊN ĐỊCH CỦA NHỆN ĐỎ,8629,9507,339,271,1032,True,True,1,1
C,13f43d1f-3524-4c8e-8ec1-a4726cd9c417,tomato/tomato_spider_mites.txt,NHỆN ĐỎ HAI CHẤM TRÊN CÀ CHUA VÀ CÁC CÂY KÝ CHỦ KHÁC > XỬ LÝ KHI MẬT SỐ NHỆN TĂNG > SỬ DỤNG XÀ PHÒNG DIỆT CÔN TRÙNG,9545,10498,389,315,1116,True,True,1,1
C,c81a0400-29ce-45bc-8688-e2ee4f0dbd70,tomato/tomato_spider_mites.txt,NHỆN ĐỎ HAI CHẤM TRÊN CÀ CHUA VÀ CÁC CÂY KÝ CHỦ KHÁC > XỬ LÝ KHI MẬT SỐ NHỆN TĂNG > SỬ DỤNG XÀ PHÒNG DIỆT CÔN TRÙNG,10358,11328,368,294,1133,False,True,1,1
C,c14fc6f0-3cad-4520-b51a-1bea947f7b42,tomato/tomato_spider_mites.txt,NHỆN ĐỎ HAI CHẤM TRÊN CÀ CHUA VÀ CÁC CÂY KÝ CHỦ KHÁC > XỬ LÝ KHI MẬT SỐ NHỆN TĂNG > TẠI SAO MỘT SỐ THUỐC CÔN TRÙNG CÓ THỂ LÀM NHỆN ĐỎ NẶNG HƠN,11393,11691,180,87,488,True,True,1,1
C,d5d27eba-dbca-4bd5-814b-c1100428644a,tomato/tomato_spider_mites.txt,NHỆN ĐỎ HAI CHẤM TRÊN CÀ CHUA VÀ CÁC CÂY KÝ CHỦ KHÁC > XỬ LÝ KHI MẬT SỐ NHỆN TĂNG > THỜI ĐIỂM PHUN THUỐC,11718,11875,115,45,309,True,True,1,1
C,7c4ec153-fcc0-427e-b237-a80907305d18,tomato/tomato_spider_mites.txt,NHỆN ĐỎ HAI CHẤM TRÊN CÀ CHUA VÀ CÁC CÂY KÝ CHỦ KHÁC > XỬ LÝ KHI MẬT SỐ NHỆN TĂNG > KHÔNG PHUN KHI CÂY ĐANG KHÔ HẠN,11913,12108,123,53,358,True,True,1,1
C,888c724d-d0f8-466c-b0d8-dd1485436273,tomato/tomato_spider_mites.txt,NHỆN ĐỎ HAI CHẤM TRÊN CÀ CHUA VÀ CÁC CÂY KÝ CHỦ KHÁC > XỬ LÝ KHI MẬT SỐ NHỆN TĂNG > TRÌNH TỰ QUẢN LÝ ƯU TIÊN,12139,12569,192,122,586,True,True,1,1
C,eb337003-926d-4c87-8f9b-721bc9817e2c,tomato/tomato_spider_mites.txt,NHỆN ĐỎ HAI CHẤM TRÊN CÀ CHUA VÀ CÁC CÂY KÝ CHỦ KHÁC > LƯU Ý KHI SỬ DỤNG THUỐC BẢO VỆ THỰC VẬT,12614,13197,228,166,725,True,True,1,1
C,0a388fdf-0aba-466b-af14-6abe4b891c5c,tomato/tomato_spider_mites.txt,NHỆN ĐỎ HAI CHẤM TRÊN CÀ CHUA VÀ CÁC CÂY KÝ CHỦ KHÁC > KHI NÀO NÊN TÌM HỖ TRỢ CHUYÊN MÔN?,13237,13543,146,87,443,True,True,1,1
C,20662c86-b5e5-4d83-9403-0967b8c0a764,tomato/tomato_spider_mites.txt,NHỆN ĐỎ HAI CHẤM TRÊN CÀ CHUA VÀ CÁC CÂY KÝ CHỦ KHÁC > TÓM TẮT CÁCH NHẬN BIẾT VÀ QUẢN LÝ,13582,14722,387,330,1276,True,True,1,1
C,551a7b9c-3556-431e-8c62-5c69865cee82,tomato/tomato_spider_mites.txt,NHỆN ĐỎ HAI CHẤM TRÊN CÀ CHUA VÀ CÁC CÂY KÝ CHỦ KHÁC > TÓM TẮT CÁCH NHẬN BIẾT VÀ QUẢN LÝ,14595,15115,205,148,656,False,True,1,1
C,0032d4c2-75a6-4606-b6ca-2c66cba7b50d,tomato/tomato_spider_mites.txt,NHỆN ĐỎ HAI CHẤM TRÊN CÀ CHUA VÀ CÁC CÂY KÝ CHỦ KHÁC > NGUỒN THAM KHẢO,15136,15264,93,46,246,True,True,1,1
C,114dd556-efec-4ea9-8c28-c2a27bff3d16,tomato/tomato_target_spot.txt,BỆNH ĐỐM MỤC TIÊU TRÊN CÂY CÀ CHUA > TỔNG QUAN,151,759,208,171,701,True,True,1,1
C,69fb648c-0549-4225-b0ea-e718a22975b3,tomato/tomato_target_spot.txt,BỆNH ĐỐM MỤC TIÊU TRÊN CÂY CÀ CHUA > TÁC NHÂN GÂY BỆNH,782,1062,121,80,381,True,True,1,1
C,e28678a9-224e-4999-95ad-8502f3d8f03d,tomato/tomato_target_spot.txt,BỆNH ĐỐM MỤC TIÊU TRÊN CÂY CÀ CHUA > ĐẶC ĐIỂM SINH HỌC CỦA NẤM,1093,1463,151,104,479,True,True,1,1
C,f3d3a478-1224-4a18-a556-84b754dbecd9,tomato/tomato_target_spot.txt,BỆNH ĐỐM MỤC TIÊU TRÊN CÂY CÀ CHUA > TÁC HẠI VÀ BỘ PHẬN CÂY BỊ ẢNH HƯỞNG,1504,2230,263,208,845,True,True,1,1
C,111318f1-b17a-47d2-a9eb-817c7634d5d2,tomato/tomato_target_spot.txt,BỆNH ĐỐM MỤC TIÊU TRÊN CÂY CÀ CHUA > TRIỆU CHỨNG > Triệu chứng ban đầu trên lá,2280,2588,137,91,433,True,True,1,1
C,037fd578-1388-4b19-b7fc-fa2c6b8d0de5,tomato/tomato_target_spot.txt,BỆNH ĐỐM MỤC TIÊU TRÊN CÂY CÀ CHUA > TRIỆU CHỨNG > TRIỆU CHỨNG KHI VẾT BỆNH LỚN DẦN,2629,2937,141,82,438,True,True,1,1
C,4d7b4efd-4ff4-4f76-b57f-68676aedefc2,tomato/tomato_target_spot.txt,BỆNH ĐỐM MỤC TIÊU TRÊN CÂY CÀ CHUA > TRIỆU CHỨNG > VÒNG ĐỒNG TÂM,2959,3228,127,78,380,True,True,1,1
C,ad6948f8-e935-47e2-bf9c-ff5e19395a11,tomato/tomato_target_spot.txt,BỆNH ĐỐM MỤC TIÊU TRÊN CÂY CÀ CHUA > TRIỆU CHỨNG > QUẦNG VÀNG,3247,3427,93,48,288,True,True,1,1
C,e26beebb-1db3-4d45-bae7-9e64497288a5,tomato/tomato_target_spot.txt,BỆNH ĐỐM MỤC TIÊU TRÊN CÂY CÀ CHUA > TRIỆU CHỨNG > VẾT BỆNH LIÊN KẾT,3453,3676,112,61,338,True,True,1,1
C,cc0958e1-1f0a-4c84-a437-0df21a598a1b,tomato/tomato_target_spot.txt,BỆNH ĐỐM MỤC TIÊU TRÊN CÂY CÀ CHUA > TRIỆU CHỨNG > HIỆN TƯỢNG “MELTING-OUT”,3709,4052,142,91,465,True,True,1,1
C,5d1952e7-7328-4931-b7d1-58f29ba4aca9,tomato/tomato_target_spot.txt,BỆNH ĐỐM MỤC TIÊU TRÊN CÂY CÀ CHUA > TRIỆU CHỨNG > Trên thân và cuống lá,4080,4431,151,105,470,True,True,1,1
C,5d5d6768-8693-483d-bbc7-7829f55972c2,tomato/tomato_target_spot.txt,BỆNH ĐỐM MỤC TIÊU TRÊN CÂY CÀ CHUA > TRIỆU CHỨNG > Trên quả,4446,5277,295,253,937,True,True,1,1
C,beae9e55-fbcd-47f3-8091-3d52544bf27c,tomato/tomato_target_spot.txt,BỆNH ĐỐM MỤC TIÊU TRÊN CÂY CÀ CHUA > PHÂN BIỆT VỚI BỆNH KHÁC > PHÂN BIỆT VỚI BỆNH ĐỐM VI KHUẨN,5342,5678,161,94,477,True,True,1,1
C,e304346b-7e56-4c78-8971-7bff6729d739,tomato/tomato_target_spot.txt,BỆNH ĐỐM MỤC TIÊU TRÊN CÂY CÀ CHUA > PHÂN BIỆT VỚI BỆNH KHÁC > PHÂN BIỆT VỚI BỆNH CHÁY SỚM,5712,6163,203,138,588,True,True,1,1
C,bc1620e5-b47d-44ec-b02d-d8c0b8ed71f0,tomato/tomato_target_spot.txt,BỆNH ĐỐM MỤC TIÊU TRÊN CÂY CÀ CHUA > PHÂN BIỆT VỚI BỆNH KHÁC > PHÂN BIỆT NHANH VỚI EARLY BLIGHT,6202,6633,191,127,573,True,True,1,1
C,2b8c4367-0cd8-4a56-87e2-44035c1f5f1d,tomato/tomato_target_spot.txt,BỆNH ĐỐM MỤC TIÊU TRÊN CÂY CÀ CHUA > CHU KỲ BỆNH VÀ CƠ CHẾ LÂY LAN,6668,6823,100,52,268,True,True,1,1
C,5c30473d-d92d-4dd2-ace4-6ff38f3d9150,tomato/tomato_target_spot.txt,BỆNH ĐỐM MỤC TIÊU TRÊN CÂY CÀ CHUA > CHU KỲ BỆNH VÀ CƠ CHẾ LÂY LAN > SẢN SINH VÀ PHÁT TÁN BÀO TỬ,6859,7027,120,58,311,True,True,1,1
C,38f719cd-59df-4737-bf14-36104f2bc034,tomato/tomato_target_spot.txt,BỆNH ĐỐM MỤC TIÊU TRÊN CÂY CÀ CHUA > CHU KỲ BỆNH VÀ CƠ CHẾ LÂY LAN > VAI TRÒ CỦA CỎ DẠI,7054,7245,112,54,325,True,True,1,1
C,f21a3ae9-5c57-4d87-a5c4-16cd0200056c,tomato/tomato_target_spot.txt,BỆNH ĐỐM MỤC TIÊU TRÊN CÂY CÀ CHUA > ĐIỀU KIỆN THUẬN LỢI CHO NHIỄM BỆNH,7285,7506,120,66,339,True,True,1,1
C,569cc8d8-b745-4333-97e8-53fa565e6de3,tomato/tomato_target_spot.txt,BỆNH ĐỐM MỤC TIÊU TRÊN CÂY CÀ CHUA > ĐIỀU KIỆN THUẬN LỢI CHO NHIỄM BỆNH > NHIỆT ĐỘ TỐI ƯU,7530,7701,118,51,307,True,True,1,1
C,ae374396-5724-49cd-a48c-80b52ed876b2,tomato/tomato_target_spot.txt,BỆNH ĐỐM MỤC TIÊU TRÊN CÂY CÀ CHUA > ĐIỀU KIỆN THUẬN LỢI CHO NHIỄM BỆNH > TÁN CÂY RẬM LÀM BỆNH NẶNG HƠN,7739,7955,141,67,366,True,True,1,1
C,afc3bde9-0b3e-4bf5-b9b8-0b3044c2b3b4,tomato/tomato_target_spot.txt,BỆNH ĐỐM MỤC TIÊU TRÊN CÂY CÀ CHUA > ĐIỀU KIỆN THUẬN LỢI CHO NHIỄM BỆNH > VẾT THƯƠNG TRÊN QUẢ LÀM TĂNG NGUY CƠ,8000,8142,121,46,299,True,True,1,1
C,64017574-160f-4217-94e7-6e72912e470d,tomato/tomato_target_spot.txt,BỆNH ĐỐM MỤC TIÊU TRÊN CÂY CÀ CHUA > PHÒNG NGỪA VÀ QUẢN LÝ CANH TÁC,8178,8416,131,84,352,True,True,1,1
C,d9ff79f0-5bfa-41a4-b05c-91e7165734db,tomato/tomato_target_spot.txt,BỆNH ĐỐM MỤC TIÊU TRÊN CÂY CÀ CHUA > PHÒNG NGỪA VÀ QUẢN LÝ CANH TÁC > TĂNG THÔNG THOÁNG TÁN,8444,8666,132,74,360,True,True,1,1
C,c130ccc2-5495-43c4-b10f-46438d1e1f94,tomato/tomato_target_spot.txt,BỆNH ĐỐM MỤC TIÊU TRÊN CÂY CÀ CHUA > PHÒNG NGỪA VÀ QUẢN LÝ CANH TÁC > TRÁNH BÓN QUÁ NHIỀU ĐẠM,8696,8883,122,60,327,True,True,1,1
C,57a79631-d380-4f2f-a69e-ad4207499e2e,tomato/tomato_target_spot.txt,BỆNH ĐỐM MỤC TIÊU TRÊN CÂY CÀ CHUA > PHÒNG NGỪA VÀ QUẢN LÝ CANH TÁC > TỈA CHỒI NÁCH VÀ LÁ GIÀ,8913,9131,132,70,358,True,True,1,1
C,5ff06fe1-37ae-4d1b-8acc-eb09dfdaa8d6,tomato/tomato_target_spot.txt,BỆNH ĐỐM MỤC TIÊU TRÊN CÂY CÀ CHUA > PHÒNG NGỪA VÀ QUẢN LÝ CANH TÁC > KIỂM TRA CÂY CON TRƯỚC KHI TRỒNG,9170,9373,122,60,352,True,True,1,1
C,bc8d1f9f-aec2-4c8a-9c14-0aadd34a2765,tomato/tomato_target_spot.txt,BỆNH ĐỐM MỤC TIÊU TRÊN CÂY CÀ CHUA > PHÒNG NGỪA VÀ QUẢN LÝ CANH TÁC > TRÁNH TRỒNG GẦN RUỘNG CÀ CHUA CŨ,9412,9608,118,53,345,True,True,1,1
C,83b5fdce-ae02-4b0f-aec8-4efb49346747,tomato/tomato_target_spot.txt,BỆNH ĐỐM MỤC TIÊU TRÊN CÂY CÀ CHUA > PHÒNG NGỪA VÀ QUẢN LÝ CANH TÁC > QUẢN LÝ CỎ DẠI,9629,9823,120,64,325,True,True,1,1
C,1d584be5-d8e5-46ed-bc7a-cbd4130d8972,tomato/tomato_target_spot.txt,BỆNH ĐỐM MỤC TIÊU TRÊN CÂY CÀ CHUA > PHÒNG NGỪA VÀ QUẢN LÝ CANH TÁC > TRÁNH TƯỚI PHUN TRÊN TÁN,9854,10025,112,52,312,True,True,1,1
C,a6b7940e-3e5e-4a5a-953d-099847b94c0f,tomato/tomato_target_spot.txt,BỆNH ĐỐM MỤC TIÊU TRÊN CÂY CÀ CHUA > PHÒNG NGỪA VÀ QUẢN LÝ CANH TÁC > XỬ LÝ TÀN DƯ SAU THU HOẠCH,10058,10231,113,50,316,True,True,1,1
C,8cad3c62-b2b3-4051-978f-92287fe6b1d5,tomato/tomato_target_spot.txt,BỆNH ĐỐM MỤC TIÊU TRÊN CÂY CÀ CHUA > PHÒNG NGỪA VÀ QUẢN LÝ CANH TÁC > LUÂN CANH,10247,10418,103,51,297,True,True,1,1
C,64ff14b0-dae0-40f7-b9da-49945a22ebb5,tomato/tomato_target_spot.txt,BỆNH ĐỐM MỤC TIÊU TRÊN CÂY CÀ CHUA > PHÒNG NGỪA VÀ QUẢN LÝ CANH TÁC > GIỐNG KHÁNG,10436,10686,116,62,378,True,True,1,1
C,d9d16a33-3a4c-4eac-b90c-22932d217aaa,tomato/tomato_target_spot.txt,BỆNH ĐỐM MỤC TIÊU TRÊN CÂY CÀ CHUA > QUẢN LÝ BẰNG THUỐC VÀ KHÁNG THUỐC > SỬ DỤNG THUỐC DIỆT NẤM,10752,11024,129,64,414,True,True,1,1
C,78a52d76-d22a-481c-863f-4920123e56e8,tomato/tomato_target_spot.txt,BỆNH ĐỐM MỤC TIÊU TRÊN CÂY CÀ CHUA > QUẢN LÝ BẰNG THUỐC VÀ KHÁNG THUỐC > KHOẢNG CÁCH PHUN,11047,11309,136,76,398,True,True,1,1
C,dadf2b74-76f7-43d0-9985-b5b111e40cf8,tomato/tomato_target_spot.txt,BỆNH ĐỐM MỤC TIÊU TRÊN CÂY CÀ CHUA > QUẢN LÝ BẰNG THUỐC VÀ KHÁNG THUỐC > YÊU CẦU BAO PHỦ,11331,11520,123,61,324,True,True,1,1
C,fc12bd1e-fb62-4582-8863-256a370478a6,tomato/tomato_target_spot.txt,BỆNH ĐỐM MỤC TIÊU TRÊN CÂY CÀ CHUA > QUẢN LÝ BẰNG THUỐC VÀ KHÁNG THUỐC > MỘT SỐ HOẠT CHẤT ĐƯỢC NGUỒN ĐỀ CẬP,11561,11927,186,110,520,True,True,1,1
C,b3a7dc55-e8db-4a79-a666-d20b49e6d2e8,tomato/tomato_target_spot.txt,BỆNH ĐỐM MỤC TIÊU TRÊN CÂY CÀ CHUA > QUẢN LÝ BẰNG THUỐC VÀ KHÁNG THUỐC > QUẢN LÝ KHÁNG THUỐC,11953,12139,112,50,325,True,True,1,1
C,968539fe-c793-45c0-915b-02d8423ba17e,tomato/tomato_target_spot.txt,BỆNH ĐỐM MỤC TIÊU TRÊN CÂY CÀ CHUA > QUẢN LÝ BẰNG THUỐC VÀ KHÁNG THUỐC > NGUY CƠ KHÁNG STROBILURIN,12171,12423,138,74,397,True,True,1,1
C,4db35993-e822-4807-9e8c-046fa273f3b6,tomato/tomato_target_spot.txt,BỆNH ĐỐM MỤC TIÊU TRÊN CÂY CÀ CHUA > QUẢN LÝ BẰNG THUỐC VÀ KHÁNG THUỐC > NGUYÊN TẮC LUÂN PHIÊN,12451,12765,144,83,455,True,True,1,1
C,6159408f-a9fa-4288-ba8f-3021e6370153,tomato/tomato_target_spot.txt,BỆNH ĐỐM MỤC TIÊU TRÊN CÂY CÀ CHUA > QUẢN LÝ BẰNG THUỐC VÀ KHÁNG THUỐC > QUẢN LÝ TỔNG HỢP,12788,13040,143,82,388,True,True,1,1
C,efaff599-256a-48fb-8dc5-ab0da74a7812,tomato/tomato_target_spot.txt,BỆNH ĐỐM MỤC TIÊU TRÊN CÂY CÀ CHUA > KIỂM TRA NHANH NGOÀI RUỘNG,13072,13780,258,213,818,True,True,1,1
C,72e47e8c-d853-4dcc-be3b-868690fb4dd3,tomato/tomato_target_spot.txt,BỆNH ĐỐM MỤC TIÊU TRÊN CÂY CÀ CHUA > LƯU Ý KHI SỬ DỤNG THUỐC BẢO VỆ THỰC VẬT,13825,14211,162,106,509,True,True,1,1
C,ef5f149c-d28f-40fd-888b-545dfe9a53f0,tomato/tomato_target_spot.txt,BỆNH ĐỐM MỤC TIÊU TRÊN CÂY CÀ CHUA > TÓM TẮT CÁCH NHẬN BIẾT VÀ QUẢN LÝ,14250,15400,399,348,1267,True,True,1,1
C,af73c612-b45b-405d-85ca-d5b85e79a88e,tomato/tomato_target_spot.txt,BỆNH ĐỐM MỤC TIÊU TRÊN CÂY CÀ CHUA > TÓM TẮT CÁCH NHẬN BIẾT VÀ QUẢN LÝ,15276,15839,212,161,680,False,True,1,1
C,a27c0066-5ed8-4fec-bfe8-d5d28eda593d,tomato/tomato_target_spot.txt,BỆNH ĐỐM MỤC TIÊU TRÊN CÂY CÀ CHUA > NGUỒN THAM KHẢO,15860,16120,128,87,359,True,True,1,1
C,798f4af0-3c80-4bd7-ae7d-ece78a935746,tomato/tomato_yellow_leaf_curl_virus.txt,VIRUS XOĂN VÀNG LÁ CÀ CHUA > TỔNG QUAN,154,677,180,145,619,True,True,1,1
C,9c0defe1-529c-4e72-9018-89414649d730,tomato/tomato_yellow_leaf_curl_virus.txt,VIRUS XOĂN VÀNG LÁ CÀ CHUA > TÁC NHÂN GÂY BỆNH,700,936,108,69,340,True,True,1,1
C,f9abb7d2-9c0d-4f70-8019-e6e4592ffc65,tomato/tomato_yellow_leaf_curl_virus.txt,VIRUS XOĂN VÀNG LÁ CÀ CHUA > CÂY KÝ CHỦ,952,1123,81,45,268,True,True,1,1
C,eb3c4fc8-361f-41cf-acd3-663f62b21f91,tomato/tomato_yellow_leaf_curl_virus.txt,VIRUS XOĂN VÀNG LÁ CÀ CHUA > VECTOR VÀ CƠ CHẾ TRUYỀN BỆNH,1157,1401,118,72,359,True,True,1,1
C,18f0a10d-5d26-4a59-ac26-bb51336f98a2,tomato/tomato_yellow_leaf_curl_virus.txt,VIRUS XOĂN VÀNG LÁ CÀ CHUA > VECTOR VÀ CƠ CHẾ TRUYỀN BỆNH > VAI TRÒ CỦA BỌ PHẤN TRẮNG,1435,1707,133,74,415,True,True,1,1
C,c629cec8-1af1-4fb9-8cb3-0f0a0ebfa2b9,tomato/tomato_yellow_leaf_curl_virus.txt,VIRUS XOĂN VÀNG LÁ CÀ CHUA > VECTOR VÀ CƠ CHẾ TRUYỀN BỆNH > KIỂU TRUYỀN VIRUS,1733,2035,137,81,437,True,True,1,1
C,afd8ec10-4b7c-4558-86b5-02c3fc46c28f,tomato/tomato_yellow_leaf_curl_virus.txt,VIRUS XOĂN VÀNG LÁ CÀ CHUA > VECTOR VÀ CƠ CHẾ TRUYỀN BỆNH > THỜI GIAN THU NHẬN VIRUS,2068,2220,98,39,294,True,True,1,1
C,bf7a0a2a-9f0d-4db8-8e7c-a3c0c2a72bde,tomato/tomato_yellow_leaf_curl_virus.txt,VIRUS XOĂN VÀNG LÁ CÀ CHUA > VECTOR VÀ CƠ CHẾ TRUYỀN BỆNH > THỜI GIAN TIỀM ẨN TRONG VECTOR,2259,2414,105,42,303,True,True,1,1
C,166d8b6b-c72d-44fd-9433-dffa3c4c60a1,tomato/tomato_yellow_leaf_curl_virus.txt,VIRUS XOĂN VÀNG LÁ CÀ CHUA > VECTOR VÀ CƠ CHẾ TRUYỀN BỆNH > GIỚI TÍNH CỦA VECTOR VÀ KHẢ NĂNG TRUYỀN,2462,2825,168,101,520,True,True,1,1
C,2f0fa082-a5be-4705-959c-3778f71b66b2,tomato/tomato_yellow_leaf_curl_virus.txt,VIRUS XOĂN VÀNG LÁ CÀ CHUA > CẤU TRÚC BỘ GEN,2846,2960,87,47,216,True,True,1,1
C,4a0de315-a4b6-4bae-b661-26e76805e88c,tomato/tomato_yellow_leaf_curl_virus.txt,VIRUS XOĂN VÀNG LÁ CÀ CHUA > CẤU TRÚC BỘ GEN > V1,2971,3171,98,55,307,True,True,1,1
C,24347a83-071b-447f-b26c-4cb1d7099d57,tomato/tomato_yellow_leaf_curl_virus.txt,VIRUS XOĂN VÀNG LÁ CÀ CHUA > CẤU TRÚC BỘ GEN > V2,3182,3340,84,41,265,True,True,1,1
C,c766b2bf-ec4d-4ce0-af5e-fd784b6e7f33,tomato/tomato_yellow_leaf_curl_virus.txt,VIRUS XOĂN VÀNG LÁ CÀ CHUA > CẤU TRÚC BỘ GEN > C1,3351,3473,74,31,229,True,True,1,1
C,8645aae3-30a8-437d-8285-484542bde122,tomato/tomato_yellow_leaf_curl_virus.txt,"VIRUS XOĂN VÀNG LÁ CÀ CHUA > CẤU TRÚC BỘ GEN > C2, C3 VÀ C4",3494,3775,125,76,398,True,True,1,1
C,2dda2c34-290c-43b5-a8b0-4e5dac68de17,tomato/tomato_yellow_leaf_curl_virus.txt,VIRUS XOĂN VÀNG LÁ CÀ CHUA > TRIỆU CHỨNG,3792,3949,93,56,255,True,True,1,1
C,35c83d96-7078-4e24-a7ed-90c015189564,tomato/tomato_yellow_leaf_curl_virus.txt,VIRUS XOĂN VÀNG LÁ CÀ CHUA > TRIỆU CHỨNG > CÒI CỌC,3965,4193,112,68,336,True,True,1,1
C,68ef4bd8-9db7-4530-86e8-9641868284ec,tomato/tomato_yellow_leaf_curl_virus.txt,VIRUS XOĂN VÀNG LÁ CÀ CHUA > TRIỆU CHỨNG > LÁ NHỎ,4208,4364,89,47,263,True,True,1,1
C,4139ace6-6172-4f26-b65e-2e2acf8853af,tomato/tomato_yellow_leaf_curl_virus.txt,VIRUS XOĂN VÀNG LÁ CÀ CHUA > TRIỆU CHỨNG > XOĂN VÀ CUỘN LÁ,4388,4522,94,46,250,True,True,1,1
C,4f135394-e1d5-4d50-8711-a804129e7377,tomato/tomato_yellow_leaf_curl_virus.txt,VIRUS XOĂN VÀNG LÁ CÀ CHUA > TRIỆU CHỨNG > VÀNG LÁ,4538,4702,88,46,272,True,True,1,1
C,59871af4-783c-4b81-bdeb-4af8f02e1ed9,tomato/tomato_yellow_leaf_curl_virus.txt,VIRUS XOĂN VÀNG LÁ CÀ CHUA > TRIỆU CHỨNG > TRIỆU CHỨNG TRÊN HOA,4731,4899,93,45,289,True,True,1,1
C,57961dc1-1b6f-4042-af47-17848333076a,tomato/tomato_yellow_leaf_curl_virus.txt,VIRUS XOĂN VÀNG LÁ CÀ CHUA > TRIỆU CHỨNG > ẢNH HƯỞNG ĐẾN NĂNG SUẤT,4931,5235,138,84,428,True,True,1,1
C,81327092-0078-404d-b2c6-113d7a431704,tomato/tomato_yellow_leaf_curl_virus.txt,VIRUS XOĂN VÀNG LÁ CÀ CHUA > TRIỆU CHỨNG > TẠI SAO NHIỄM SỚM NGUY HIỂM?,5272,5517,125,70,374,True,True,1,1
C,9308d982-7b62-4cb2-85d6-2d93a5b257bd,tomato/tomato_yellow_leaf_curl_virus.txt,VIRUS XOĂN VÀNG LÁ CÀ CHUA > DỊCH TỄ HỌC VÀ CƠ CHẾ LÂY LAN > PHÂN BỐ VÀ TẦM QUAN TRỌNG,5582,5876,143,85,438,True,True,1,1
C,35a5049f-6a18-4162-a87e-27e0bb81bb88,tomato/tomato_yellow_leaf_curl_virus.txt,VIRUS XOĂN VÀNG LÁ CÀ CHUA > DỊCH TỄ HỌC VÀ CƠ CHẾ LÂY LAN > LỊCH SỬ PHÁT HIỆN,5900,6182,127,72,418,True,True,1,1
C,d85e9e7c-5a4f-4872-b9d1-3c81ac25b4e8,tomato/tomato_yellow_leaf_curl_virus.txt,VIRUS XOĂN VÀNG LÁ CÀ CHUA > DỊCH TỄ HỌC VÀ CƠ CHẾ LÂY LAN > DỊCH TỄ HỌC,6200,6481,132,80,411,True,True,1,1
C,743d59cf-9063-455e-9f1a-60bfab563fce,tomato/tomato_yellow_leaf_curl_virus.txt,VIRUS XOĂN VÀNG LÁ CÀ CHUA > DỊCH TỄ HỌC VÀ CƠ CHẾ LÂY LAN > CƠ CHẾ LÂY LAN TRONG RUỘNG,6514,6876,165,107,507,True,True,1,1
C,d75824d6-74e2-456f-9ed8-b0d3f240f3bc,tomato/tomato_yellow_leaf_curl_virus.txt,VIRUS XOĂN VÀNG LÁ CÀ CHUA > KHÔNG CÓ THUỐC CHỮA VIRUS TRÊN CÂY ĐÃ NHIỄM,6925,7186,119,66,391,True,True,1,1
C,3aa90bca-741e-45f5-a29e-290c1070936c,tomato/tomato_yellow_leaf_curl_virus.txt,VIRUS XOĂN VÀNG LÁ CÀ CHUA > PHÒNG NGỪA VÀ QUẢN LÝ VECTOR,7220,7424,101,57,319,True,True,1,1
C,b5d70808-45b5-4a68-8dcd-8023c84dc688,tomato/tomato_yellow_leaf_curl_virus.txt,VIRUS XOĂN VÀNG LÁ CÀ CHUA > PHÒNG NGỪA VÀ QUẢN LÝ VECTOR > SỬ DỤNG GIỐNG KHÁNG HOẶC CHỊU BỆNH,7467,7765,145,82,450,True,True,1,1
C,54a2adcc-cc52-4468-a9c5-1b499e85b3c7,tomato/tomato_yellow_leaf_curl_virus.txt,VIRUS XOĂN VÀNG LÁ CÀ CHUA > PHÒNG NGỪA VÀ QUẢN LÝ VECTOR > QUẢN LÝ BỌ PHẤN TRẮNG,7795,8029,120,64,373,True,True,1,1
C,c779ffd4-b6d0-4855-b200-be37a7c0380d,tomato/tomato_yellow_leaf_curl_virus.txt,VIRUS XOĂN VÀNG LÁ CÀ CHUA > PHÒNG NGỪA VÀ QUẢN LÝ VECTOR > HẠN CHẾ CỦA THUỐC TRỪ CÔN TRÙNG,8069,8283,117,55,363,True,True,1,1
C,e20d9125-1714-4e96-985a-1eade3656475,tomato/tomato_yellow_leaf_curl_virus.txt,VIRUS XOĂN VÀNG LÁ CÀ CHUA > PHÒNG NGỪA VÀ QUẢN LÝ VECTOR > QUẢN LÝ KHÁNG THUỐC Ở BỌ PHẤN,8321,8667,153,92,493,True,True,1,1
C,ca0dd5b5-bacd-42ac-94e0-dc174e665644,tomato/tomato_yellow_leaf_curl_virus.txt,VIRUS XOĂN VÀNG LÁ CÀ CHUA > PHÒNG NGỪA VÀ QUẢN LÝ VECTOR > LUÂN CANH,8685,8918,117,68,360,True,True,1,1
C,49220fcb-5655-4e47-9ffe-23fd4bb44360,tomato/tomato_yellow_leaf_curl_virus.txt,VIRUS XOĂN VÀNG LÁ CÀ CHUA > PHÒNG NGỪA VÀ QUẢN LÝ VECTOR > NHÀ KÍNH,8935,9318,153,104,509,True,True,1,1
C,cdcfecbc-b4ba-4638-96b6-a20979ee386f,tomato/tomato_yellow_leaf_curl_virus.txt,VIRUS XOĂN VÀNG LÁ CÀ CHUA > XỬ LÝ VÀ HẠN CHẾ NGUỒN LÂY > XỬ LÝ CÂY NGHI NHIỄM,9375,9801,174,115,562,True,True,1,1
C,790cc84f-3e7d-4213-bf61-b61e6e0d0be9,tomato/tomato_yellow_leaf_curl_virus.txt,VIRUS XOĂN VÀNG LÁ CÀ CHUA > XỬ LÝ VÀ HẠN CHẾ NGUỒN LÂY > QUẢN LÝ CÂY GIỐNG,9825,10093,133,78,401,True,True,1,1
C,ab878270-8f18-48ab-9ecd-0f639cf4bdbd,tomato/tomato_yellow_leaf_curl_virus.txt,VIRUS XOĂN VÀNG LÁ CÀ CHUA > XỬ LÝ VÀ HẠN CHẾ NGUỒN LÂY > QUẢN LÝ CỎ DẠI VÀ CÂY KÝ CHỦ PHỤ,10132,10367,127,64,383,True,True,1,1
C,17e9e559-3a56-48f1-8e54-648679cdf378,tomato/tomato_yellow_leaf_curl_virus.txt,VIRUS XOĂN VÀNG LÁ CÀ CHUA > KIỂM TRA VÀ PHÂN BIỆT > CÁCH KIỂM TRA NHANH NGOÀI RUỘNG,10430,10930,208,152,642,True,True,1,1
C,7c1efdd7-b42c-4ff1-bd6a-ec33e50027d0,tomato/tomato_yellow_leaf_curl_virus.txt,VIRUS XOĂN VÀNG LÁ CÀ CHUA > KIỂM TRA VÀ PHÂN BIỆT > PHÂN BIỆT VỚI THIẾU DINH DƯỠNG,10967,11235,138,78,409,True,True,1,1
C,b0261109-246b-4edf-8c4f-81c0b62a4b05,tomato/tomato_yellow_leaf_curl_virus.txt,VIRUS XOĂN VÀNG LÁ CÀ CHUA > KIỂM TRA VÀ PHÂN BIỆT > PHÂN BIỆT VỚI TỔN THƯƠNG THUỐC DIỆT CỎ,11280,11608,165,101,477,True,True,1,1
C,cc927850-f669-40be-ae68-0e99db88383d,tomato/tomato_yellow_leaf_curl_virus.txt,VIRUS XOĂN VÀNG LÁ CÀ CHUA > KIỂM TRA VÀ PHÂN BIỆT > CHẨN ĐOÁN TYLCV,11630,12014,151,100,510,True,True,1,1
C,bd4c5f42-0a32-4434-81d7-cc1bf0ca2686,tomato/tomato_yellow_leaf_curl_virus.txt,VIRUS XOĂN VÀNG LÁ CÀ CHUA > LƯU Ý VỀ THUỐC BẢO VỆ THỰC VẬT,12050,12457,155,105,524,True,True,1,1
C,9711ad70-0092-4b11-9ec0-e61e3402171b,tomato/tomato_yellow_leaf_curl_virus.txt,VIRUS XOĂN VÀNG LÁ CÀ CHUA > TÓM TẮT CÁCH NHẬN BIẾT VÀ QUẢN LÝ,12496,13700,394,345,1324,True,True,1,1
C,400f8ad7-dc3f-424d-b03b-398f4b052c31,tomato/tomato_yellow_leaf_curl_virus.txt,VIRUS XOĂN VÀNG LÁ CÀ CHUA > TÓM TẮT CÁCH NHẬN BIẾT VÀ QUẢN LÝ,13558,13957,162,113,519,False,True,1,1
C,c7a7e042-44b7-427a-9c94-eec2e458dd99,tomato/tomato_yellow_leaf_curl_virus.txt,VIRUS XOĂN VÀNG LÁ CÀ CHUA > NGUỒN THAM KHẢO,13978,14218,117,78,342,True,True,1,1
