config,mode,id,split,category,evidence_count,latency_ms,hit_at_1,rr_at_10,first_full_rank,recall_at_1,coverage_at_1,recall_at_2,coverage_at_2,recall_at_3,coverage_at_3,recall_at_4,coverage_at_4,recall_at_5,coverage_at_5,recall_at_6,coverage_at_6,recall_at_8,coverage_at_8,recall_at_10,coverage_at_10,ndcg_at_4,ndcg_at_10,precision_at_4,evidence_density_at_4,doc_hit_at_1,doc_recall_at_4,doc_precision_at_4,wrong_section_at_4,context_tokens_at_4,required_context_recall_at_4,recall_budget_256,coverage_budget_256,chunks_budget_256,recall_budget_512,coverage_budget_512,chunks_budget_512,recall_budget_768,coverage_budget_768,chunks_budget_768,recall_budget_1024,coverage_budget_1024,chunks_budget_1024,recall_budget_1536,coverage_budget_1536,chunks_budget_1536,recall_budget_2048,coverage_budget_2048,chunks_budget_2048,recall_budget_3072,coverage_budget_3072,chunks_budget_3072
A,hybrid,q001,dev,exact_topic,1,25.090100010856986,0,0.5,2,0.0,0.0,1.0,1.0,1.0,1.0,1.0,1.0,1.0,1.0,1.0,1.0,1.0,1.0,1.0,1.0,0.6309297535714575,0.6309297535714575,0.25,0.10119250425894379,1,1,0.75,2,1403,,0.0,0.0,0,0.0,0.0,1,1.0,1.0,2,1.0,1.0,3,1.0,1.0,4,1.0,1.0,5,1.0,1.0,9
A,hybrid,q002,dev,symptom_only,1,26.29130001878366,1,1.0,1,1.0,1.0,1.0,1.0,1.0,1.0,1.0,1.0,1.0,1.0,1.0,1.0,1.0,1.0,1.0,1.0,1.0,1.0,0.25,0.04322668481960518,1,1,0.25,0,1475,,0.0,0.0,0,1.0,1.0,1,1.0,1.0,2,1.0,1.0,2,1.0,1.0,4,1.0,1.0,5,1.0,1.0,8
A,hybrid,q003,dev,qualifier,1,26.33839996997267,1,1.0,1,1.0,1.0,1.0,1.0,1.0,1.0,1.0,1.0,1.0,1.0,1.0,1.0,1.0,1.0,1.0,1.0,1.0,1.0,0.5,0.11973018549747048,1,1,1.0,2,1321,1.0,0.0,0.0,0,1.0,1.0,1,1.0,1.0,2,1.0,1.0,3,1.0,1.0,4,1.0,1.0,6,1.0,1.0,9
A,hybrid,q004,dev,exact_topic,1,24.812899995595217,1,1.0,1,1.0,1.0,1.0,1.0,1.0,1.0,1.0,1.0,1.0,1.0,1.0,1.0,1.0,1.0,1.0,1.0,1.0,1.0,0.25,0.04932228915662651,1,1,0.75,2,1363,,0.0,0.0,0,1.0,1.0,1,1.0,1.0,2,1.0,1.0,2,1.0,1.0,4,1.0,1.0,5,1.0,1.0,8
A,hybrid,q005,dev,mixed_language,1,25.745499995537102,1,1.0,1,1.0,1.0,1.0,1.0,1.0,1.0,1.0,1.0,1.0,1.0,1.0,1.0,1.0,1.0,1.0,1.0,1.0,1.0,0.25,0.11543810848400557,1,1,1.0,3,1078,,0.0,0.0,0,1.0,1.0,2,1.0,1.0,3,1.0,1.0,3,1.0,1.0,5,1.0,1.0,7,1.0,1.0,10
A,hybrid,q006,dev,qualifier,1,25.774399982765317,1,1.0,1,1.0,1.0,1.0,1.0,1.0,1.0,1.0,1.0,1.0,1.0,1.0,1.0,1.0,1.0,1.0,1.0,1.0,1.0,0.25,0.12174680194089105,1,1,0.75,2,1125,1.0,0.0,0.0,0,1.0,1.0,1,1.0,1.0,2,1.0,1.0,3,1.0,1.0,5,1.0,1.0,6,1.0,1.0,9
A,hybrid,q007,dev,mixed_language,1,25.16969997668639,1,1.0,1,1.0,1.0,1.0,1.0,1.0,1.0,1.0,1.0,1.0,1.0,1.0,1.0,1.0,1.0,1.0,1.0,1.0,1.0,0.25,0.047276464542651594,1,1,0.75,2,1470,,0.0,0.0,0,1.0,1.0,1,1.0,1.0,2,1.0,1.0,2,1.0,1.0,4,1.0,1.0,5,1.0,1.0,8
A,hybrid,q008,dev,qualifier,1,25.709499954245985,1,1.0,1,1.0,1.0,1.0,1.0,1.0,1.0,1.0,1.0,1.0,1.0,1.0,1.0,1.0,1.0,1.0,1.0,1.0,1.0,0.25,0.09597971749366171,1,1,1.0,3,1406,,0.0,0.0,0,1.0,1.0,1,1.0,1.0,2,1.0,1.0,2,1.0,1.0,4,1.0,1.0,5,1.0,1.0,8
A,hybrid,q009,dev,exact_topic,1,23.44799996353686,0,0.5,2,0.0,0.0,1.0,1.0,1.0,1.0,1.0,1.0,1.0,1.0,1.0,1.0,1.0,1.0,1.0,1.0,0.6309297535714575,0.6309297535714575,0.25,0.05849965588437715,1,1,1.0,3,1375,,0.0,0.0,0,0.0,0.0,1,1.0,1.0,2,1.0,1.0,2,1.0,1.0,4,1.0,1.0,5,1.0,1.0,8
A,hybrid,q010,dev,mixed_language,1,28.91210000962019,1,1.0,1,1.0,1.0,1.0,1.0,1.0,1.0,1.0,1.0,1.0,1.0,1.0,1.0,1.0,1.0,1.0,1.0,1.0,1.0,0.25,0.056564964004113816,1,1,0.75,2,1400,,0.0,0.0,0,1.0,1.0,1,1.0,1.0,2,1.0,1.0,2,1.0,1.0,4,1.0,1.0,5,1.0,1.0,8
A,hybrid,q011,dev,exact_topic,1,26.22910001082346,0,0.5,2,0.0,0.0,1.0,1.0,1.0,1.0,1.0,1.0,1.0,1.0,1.0,1.0,1.0,1.0,1.0,1.0,0.6309297535714575,0.6309297535714575,0.25,0.07253711201079623,1,1,1.0,3,1480,,0.0,0.0,0,0.0,0.0,1,1.0,1.0,2,1.0,1.0,2,1.0,1.0,4,1.0,1.0,5,1.0,1.0,8
A,hybrid,q012,dev,paraphrase,1,25.912199984304607,0,0.5,2,0.0,0.0,1.0,1.0,1.0,1.0,1.0,1.0,1.0,1.0,1.0,1.0,1.0,1.0,1.0,1.0,0.6432468975299493,0.6432468975299493,0.5,0.04285224545766198,1,1,1.0,2,1374,,0.0,0.0,0,0.0,0.0,1,1.0,1.0,2,1.0,1.0,2,1.0,1.0,4,1.0,1.0,5,1.0,1.0,9
A,hybrid,q013,dev,no_accent,1,26.200300024356693,0,0.0,13,0.0,0.0,0.0,0.0,0.0,0.0,0.0,0.0,0.0,0.0,0.0,0.0,0.0,0.0,0.0,0.0,0.0,0.0,0.0,0.0,1,1,0.75,3,1423,,0.0,0.0,0,0.0,0.0,1,0.0,0.0,2,0.0,0.0,2,0.0,0.0,4,0.0,0.0,5,0.0,0.0,8
A,hybrid,q014,dev,exact_topic,1,24.137799977324903,0,0.0,,0.0,0.0,0.0,0.0,0.0,0.0,0.0,0.0,0.0,0.5944444444444444,0.0,0.5944444444444444,1.0,1.0,1.0,1.0,0.0,0.4172138109059841,0.0,0.0,1,1,1.0,4,1331,,0.0,0.0,0,0.0,0.0,1,0.0,0.0,2,0.0,0.0,3,0.0,0.0,4,0.0,0.5944444444444444,6,1.0,1.0,9
A,hybrid,q015,dev,paraphrase,1,22.761100030038506,0,0.16666666666666666,6,0.0,0.0,0.0,0.54,0.0,0.54,0.0,0.54,0.0,0.54,1.0,1.0,1.0,1.0,1.0,1.0,0.2541221314807854,0.5198091889521421,0.25,0.028421052631578948,1,1,1.0,3,1282,,0.0,0.0,0,0.0,0.0,1,0.0,0.54,2,0.0,0.54,3,0.0,0.54,4,1.0,1.0,6,1.0,1.0,9
A,hybrid,q016,dev,confusable,1,23.13649997813627,0,0.5,2,0.0,0.2463768115942029,1.0,1.0,1.0,1.0,1.0,1.0,1.0,1.0,1.0,1.0,1.0,1.0,1.0,1.0,0.7592792870623462,0.7592792870623462,0.5,0.07870722433460076,1,1,0.75,1,1319,,0.0,0.0,0,0.0,0.2463768115942029,1,1.0,1.0,2,1.0,1.0,2,1.0,1.0,4,1.0,1.0,6,1.0,1.0,8
A,hybrid,q017,dev,confusable,1,24.04370001750067,1,1.0,1,1.0,1.0,1.0,1.0,1.0,1.0,1.0,1.0,1.0,1.0,1.0,1.0,1.0,1.0,1.0,1.0,1.0,1.0,0.25,0.02888966237382527,1,1,1.0,3,1503,,0.0,0.0,0,1.0,1.0,1,1.0,1.0,2,1.0,1.0,2,1.0,1.0,4,1.0,1.0,5,1.0,1.0,8
A,hybrid,q018,dev,formula,1,24.567100044805557,1,1.0,1,1.0,1.0,1.0,1.0,1.0,1.0,1.0,1.0,1.0,1.0,1.0,1.0,1.0,1.0,1.0,1.0,1.0,1.0,0.25,0.08584770114942529,1,1,1.0,3,1385,,0.0,0.0,0,1.0,1.0,1,1.0,1.0,2,1.0,1.0,2,1.0,1.0,4,1.0,1.0,5,1.0,1.0,8
A,hybrid,q019,dev,qualifier,1,32.08809997886419,1,1.0,1,1.0,1.0,1.0,1.0,1.0,1.0,1.0,1.0,1.0,1.0,1.0,1.0,1.0,1.0,1.0,1.0,1.0,1.0,0.25,0.03190060443250504,1,1,1.0,3,1461,,0.0,0.0,0,1.0,1.0,1,1.0,1.0,2,1.0,1.0,2,1.0,1.0,4,1.0,1.0,5,1.0,1.0,8
A,hybrid,q020,dev,qualifier,1,26.170199969783425,1,1.0,1,1.0,1.0,1.0,1.0,1.0,1.0,1.0,1.0,1.0,1.0,1.0,1.0,1.0,1.0,1.0,1.0,1.0,1.0,0.25,0.04007220216606498,1,1,0.5,1,1398,,0.0,0.0,0,1.0,1.0,1,1.0,1.0,2,1.0,1.0,2,1.0,1.0,4,1.0,1.0,5,1.0,1.0,8
A,hybrid,q021,dev,negation,1,25.38310003001243,1,1.0,1,1.0,1.0,1.0,1.0,1.0,1.0,1.0,1.0,1.0,1.0,1.0,1.0,1.0,1.0,1.0,1.0,1.0,1.0,0.5,0.02448146888813329,1,1,1.0,2,1495,,0.0,0.0,0,1.0,1.0,1,1.0,1.0,2,1.0,1.0,2,1.0,1.0,4,1.0,1.0,5,1.0,1.0,8
A,hybrid,q022,dev,exact_topic,1,36.033399985171854,0,0.5,2,0.0,0.0,1.0,1.0,1.0,1.0,1.0,1.0,1.0,1.0,1.0,1.0,1.0,1.0,1.0,1.0,0.6309297535714575,0.6309297535714575,0.25,0.05441719852200202,0,1,0.5,1,1440,,0.0,0.0,0,0.0,0.0,1,1.0,1.0,2,1.0,1.0,2,1.0,1.0,4,1.0,1.0,5,1.0,1.0,8
A,hybrid,q023,dev,negation,1,35.08010000223294,0,0.2,5,0.0,0.0,0.0,0.0,0.0,0.0,0.0,0.0,1.0,1.0,1.0,1.0,1.0,1.0,1.0,1.0,0.0,0.3117316730577895,0.0,0.0,1,1,0.5,2,1426,,0.0,0.0,0,0.0,0.0,1,0.0,0.0,2,0.0,0.0,2,0.0,0.0,4,1.0,1.0,5,1.0,1.0,8
A,hybrid,q024,dev,qualifier,1,25.789699982851744,1,1.0,1,1.0,1.0,1.0,1.0,1.0,1.0,1.0,1.0,1.0,1.0,1.0,1.0,1.0,1.0,1.0,1.0,1.0,1.0,0.25,0.04155313351498638,1,1,0.75,2,1387,,0.0,0.0,0,1.0,1.0,1,1.0,1.0,2,1.0,1.0,2,1.0,1.0,4,1.0,1.0,6,1.0,1.0,9
A,hybrid,q025,dev,mixed_language,1,25.613599980715662,1,1.0,1,1.0,1.0,1.0,1.0,1.0,1.0,1.0,1.0,1.0,1.0,1.0,1.0,1.0,1.0,1.0,1.0,1.0,1.0,0.25,0.03350083752093802,1,1,1.0,3,1519,,0.0,0.0,0,1.0,1.0,1,1.0,1.0,2,1.0,1.0,2,1.0,1.0,4,1.0,1.0,5,1.0,1.0,8
A,hybrid,q026,dev,exact_topic,1,26.418900000862777,0,0.5,2,0.0,0.0,1.0,1.0,1.0,1.0,1.0,1.0,1.0,1.0,1.0,1.0,1.0,1.0,1.0,1.0,0.6309297535714575,0.6309297535714575,0.25,0.030547163477677074,1,1,1.0,3,1531,,0.0,0.0,0,0.0,0.0,1,0.0,0.0,1,1.0,1.0,2,1.0,1.0,4,1.0,1.0,5,1.0,1.0,8
A,hybrid,q027,dev,exact_topic,1,24.470599950291216,0,0.25,4,0.0,0.0,0.0,0.0,0.0,0.0,1.0,1.0,1.0,1.0,1.0,1.0,1.0,1.0,1.0,1.0,0.43067655807339306,0.43067655807339306,0.25,0.031932773109243695,1,1,1.0,3,1460,,0.0,0.0,0,0.0,0.0,1,0.0,0.0,2,0.0,0.0,2,1.0,1.0,4,1.0,1.0,5,1.0,1.0,8
A,hybrid,q028,dev,acronym,1,26.275300013367087,1,1.0,1,1.0,1.0,1.0,1.0,1.0,1.0,1.0,1.0,1.0,1.0,1.0,1.0,1.0,1.0,1.0,1.0,0.9435081902382101,0.9435081902382101,0.5,0.04685408299866131,1,1,1.0,2,1486,,0.0,0.0,0,1.0,1.0,1,1.0,1.0,2,1.0,1.0,2,1.0,1.0,4,1.0,1.0,5,1.0,1.0,8
A,hybrid,q029,dev,negation,1,24.07310000853613,1,1.0,1,1.0,1.0,1.0,1.0,1.0,1.0,1.0,1.0,1.0,1.0,1.0,1.0,1.0,1.0,1.0,1.0,1.0,1.0,0.25,0.05542071197411003,1,1,0.75,2,1289,,0.0,0.0,0,1.0,1.0,1,1.0,1.0,2,1.0,1.0,3,1.0,1.0,4,1.0,1.0,6,1.0,1.0,9
A,hybrid,q030,dev,exact_topic,1,26.10570000251755,1,1.0,1,1.0,1.0,1.0,1.0,1.0,1.0,1.0,1.0,1.0,1.0,1.0,1.0,1.0,1.0,1.0,1.0,1.0,1.0,0.25,0.039581777445855115,1,1,1.0,3,1431,,0.0,0.0,0,1.0,1.0,1,1.0,1.0,2,1.0,1.0,2,1.0,1.0,4,1.0,1.0,5,1.0,1.0,8
A,hybrid,q031,dev,exact_topic,1,24.68069997848943,0,0.3333333333333333,3,0.0,0.0,0.0,0.0,1.0,1.0,1.0,1.0,1.0,1.0,1.0,1.0,1.0,1.0,1.0,1.0,0.5,0.5,0.25,0.041501263081919884,1,1,1.0,3,1461,,0.0,0.0,0,0.0,0.0,1,0.0,0.0,2,0.0,0.0,2,1.0,1.0,4,1.0,1.0,5,1.0,1.0,9
A,hybrid,q032,dev,confusable,1,25.16520000062883,0,0.14285714285714285,7,0.0,0.0,0.0,0.0,0.0,0.0,0.0,0.0,0.0,0.0,0.0,0.0,1.0,1.0,1.0,1.0,0.0,0.3333333333333333,0.0,0.0,1,1,0.5,2,1512,,0.0,0.0,0,0.0,0.0,1,0.0,0.0,2,0.0,0.0,2,0.0,0.0,4,0.0,0.0,5,1.0,1.0,8
A,hybrid,q033,dev,symptom_only,1,27.331999968737364,0,0.3333333333333333,3,0.0,0.34615384615384615,0.0,0.34615384615384615,1.0,1.0,1.0,1.0,1.0,1.0,1.0,1.0,1.0,1.0,1.0,1.0,0.6944802254742825,0.6944802254742825,0.5,0.04406779661016949,1,1,1.0,2,1529,,0.0,0.0,0,0.0,0.34615384615384615,1,0.0,0.34615384615384615,2,0.0,0.34615384615384615,2,1.0,1.0,4,1.0,1.0,5,1.0,1.0,8
A,hybrid,q034,dev,paraphrase,1,28.478400025051087,0,0.2,5,0.0,0.0,0.0,0.0,0.0,0.0,0.0,0.0,1.0,1.0,1.0,1.0,1.0,1.0,1.0,1.0,0.0,0.38685280723454163,0.0,0.0,1,1,0.5,2,1536,,0.0,0.0,0,0.0,0.0,1,0.0,0.0,1,0.0,0.0,2,0.0,0.0,4,1.0,1.0,5,1.0,1.0,8
A,hybrid,q035,dev,exact_topic,1,29.38929997617379,1,1.0,1,1.0,1.0,1.0,1.0,1.0,1.0,1.0,1.0,1.0,1.0,1.0,1.0,1.0,1.0,1.0,1.0,1.0,1.0,0.25,0.04071332436069987,1,1,1.0,3,1581,,0.0,0.0,0,1.0,1.0,1,1.0,1.0,1,1.0,1.0,2,1.0,1.0,3,1.0,1.0,5,1.0,1.0,7
A,hybrid,q036,dev,exact_topic,1,29.739200021140277,1,1.0,1,1.0,1.0,1.0,1.0,1.0,1.0,1.0,1.0,1.0,1.0,1.0,1.0,1.0,1.0,1.0,1.0,1.0,1.0,0.25,0.03894344734168642,1,1,1.0,3,1483,,0.0,0.0,0,1.0,1.0,1,1.0,1.0,2,1.0,1.0,2,1.0,1.0,4,1.0,1.0,5,1.0,1.0,8
A,hybrid,q037,dev,multi_host,1,33.15379994455725,0,0.5,2,0.0,0.0,1.0,1.0,1.0,1.0,1.0,1.0,1.0,1.0,1.0,1.0,1.0,1.0,1.0,1.0,0.6387917603129731,0.6387917603129731,0.5,0.03753443526170799,1,1,1.0,2,1405,,0.0,0.0,0,0.0,0.0,1,1.0,1.0,2,1.0,1.0,2,1.0,1.0,4,1.0,1.0,5,1.0,1.0,8
A,hybrid,q038,dev,confusable,1,29.317100008483976,0,0.25,4,0.0,0.0,0.0,0.0,0.0,0.0,1.0,1.0,1.0,1.0,1.0,1.0,1.0,1.0,1.0,1.0,0.43067655807339306,0.43067655807339306,0.25,0.04153686396677051,1,1,1.0,3,1546,,0.0,0.0,0,0.0,0.0,1,0.0,0.0,1,0.0,0.0,2,0.0,0.0,3,1.0,1.0,5,1.0,1.0,8
A,hybrid,q039,dev,acronym,1,24.61999998195097,1,1.0,1,1.0,1.0,1.0,1.0,1.0,1.0,1.0,1.0,1.0,1.0,1.0,1.0,1.0,1.0,1.0,1.0,1.0,1.0,0.25,0.016740690126409292,1,1,1.0,3,1351,,0.0,0.0,0,1.0,1.0,1,1.0,1.0,2,1.0,1.0,3,1.0,1.0,4,1.0,1.0,5,1.0,1.0,9
A,hybrid,q040,dev,acronym,1,28.82040000986308,1,1.0,1,1.0,1.0,1.0,1.0,1.0,1.0,1.0,1.0,1.0,1.0,1.0,1.0,1.0,1.0,1.0,1.0,1.0,1.0,0.25,0.02399725745629071,1,1,1.0,3,1379,,0.0,0.0,0,1.0,1.0,1,1.0,1.0,2,1.0,1.0,2,1.0,1.0,4,1.0,1.0,5,1.0,1.0,8
A,hybrid,q041,heldout,no_accent,1,25.813699990976602,1,1.0,1,1.0,1.0,1.0,1.0,1.0,1.0,1.0,1.0,1.0,1.0,1.0,1.0,1.0,1.0,1.0,1.0,1.0,1.0,0.5,0.08468595624558928,1,1,0.75,1,1382,,0.0,0.0,0,1.0,1.0,1,1.0,1.0,2,1.0,1.0,2,1.0,1.0,4,1.0,1.0,5,1.0,1.0,9
A,hybrid,q042,heldout,multi_fact,1,26.1873000417836,1,1.0,1,1.0,1.0,1.0,1.0,1.0,1.0,1.0,1.0,1.0,1.0,1.0,1.0,1.0,1.0,1.0,1.0,1.0,1.0,0.25,0.08161083392729865,1,1,0.5,1,1398,,0.0,0.0,0,1.0,1.0,1,1.0,1.0,2,1.0,1.0,2,1.0,1.0,4,1.0,1.0,5,1.0,1.0,8
A,hybrid,q043,heldout,qualifier,1,28.942500008270144,1,1.0,1,1.0,1.0,1.0,1.0,1.0,1.0,1.0,1.0,1.0,1.0,1.0,1.0,1.0,1.0,1.0,1.0,1.0,1.0,0.25,0.05042613636363636,1,1,1.0,3,1423,,0.0,0.0,0,1.0,1.0,1,1.0,1.0,2,1.0,1.0,2,1.0,1.0,4,1.0,1.0,5,1.0,1.0,8
A,hybrid,q044,heldout,qualifier,1,29.63970002019778,1,1.0,1,1.0,1.0,1.0,1.0,1.0,1.0,1.0,1.0,1.0,1.0,1.0,1.0,1.0,1.0,1.0,1.0,1.0,1.0,0.25,0.13076923076923078,1,1,0.75,2,1317,,0.0,0.0,0,1.0,1.0,1,1.0,1.0,2,1.0,1.0,2,1.0,1.0,4,1.0,1.0,6,1.0,1.0,9
A,hybrid,q045,heldout,qualifier,1,29.61409999988973,1,1.0,1,1.0,1.0,1.0,1.0,1.0,1.0,1.0,1.0,1.0,1.0,1.0,1.0,1.0,1.0,1.0,1.0,1.0,1.0,0.25,0.0791465932553338,1,1,1.0,3,1418,1.0,0.0,0.0,0,1.0,1.0,1,1.0,1.0,2,1.0,1.0,2,1.0,1.0,4,1.0,1.0,5,1.0,1.0,8
A,hybrid,q046,heldout,mixed_language,1,27.006400050595403,0,0.5,2,0.0,0.0,1.0,1.0,1.0,1.0,1.0,1.0,1.0,1.0,1.0,1.0,1.0,1.0,1.0,1.0,0.6309297535714575,0.6309297535714575,0.25,0.06017881705639615,1,1,1.0,3,1392,,0.0,0.0,0,0.0,0.0,1,1.0,1.0,2,1.0,1.0,2,1.0,1.0,4,1.0,1.0,6,1.0,1.0,9
A,hybrid,q047,heldout,paraphrase,1,25.245399971026927,1,1.0,1,1.0,1.0,1.0,1.0,1.0,1.0,1.0,1.0,1.0,1.0,1.0,1.0,1.0,1.0,1.0,1.0,1.0,1.0,0.25,0.038657171922685654,1,1,1.0,3,1330,,0.0,0.0,0,1.0,1.0,1,1.0,1.0,2,1.0,1.0,3,1.0,1.0,4,1.0,1.0,6,1.0,1.0,9
A,hybrid,q048,heldout,exact_topic,1,24.885499966330826,1,1.0,1,1.0,1.0,1.0,1.0,1.0,1.0,1.0,1.0,1.0,1.0,1.0,1.0,1.0,1.0,1.0,1.0,1.0,1.0,0.25,0.03333333333333333,1,1,1.0,3,1488,,0.0,0.0,0,1.0,1.0,1,1.0,1.0,2,1.0,1.0,2,1.0,1.0,4,1.0,1.0,5,1.0,1.0,8
A,hybrid,q049,heldout,multi_fact,1,27.553999971132725,1,1.0,1,1.0,1.0,1.0,1.0,1.0,1.0,1.0,1.0,1.0,1.0,1.0,1.0,1.0,1.0,1.0,1.0,1.0,1.0,0.25,0.03793574846206425,1,1,0.75,2,1434,1.0,0.0,0.0,0,1.0,1.0,1,1.0,1.0,2,1.0,1.0,2,1.0,1.0,4,1.0,1.0,5,1.0,1.0,8
A,hybrid,q050,heldout,paraphrase,1,28.883000020869076,1,1.0,1,1.0,1.0,1.0,1.0,1.0,1.0,1.0,1.0,1.0,1.0,1.0,1.0,1.0,1.0,1.0,1.0,1.0,1.0,0.25,0.05275537634408602,1,1,1.0,3,1528,,0.0,0.0,0,1.0,1.0,1,1.0,1.0,2,1.0,1.0,2,1.0,1.0,4,1.0,1.0,5,1.0,1.0,8
A,hybrid,q051,heldout,negation,1,30.753400002140552,1,1.0,1,1.0,1.0,1.0,1.0,1.0,1.0,1.0,1.0,1.0,1.0,1.0,1.0,1.0,1.0,1.0,1.0,1.0,1.0,0.25,0.05106809078771696,1,1,0.75,2,1469,,0.0,0.0,0,1.0,1.0,1,1.0,1.0,2,1.0,1.0,2,1.0,1.0,4,1.0,1.0,5,1.0,1.0,8
A,hybrid,q052,heldout,paraphrase,1,26.66319999843836,0,0.16666666666666666,6,0.0,0.0,0.0,0.0,0.0,0.0,0.0,0.0,0.0,0.0,1.0,1.0,1.0,1.0,1.0,1.0,0.0,0.3562071871080222,0.0,0.0,1,1,1.0,4,1442,,0.0,0.0,0,0.0,0.0,1,0.0,0.0,2,0.0,0.0,2,0.0,0.0,4,0.0,0.0,5,1.0,1.0,8
A,hybrid,q053,heldout,paraphrase,1,28.80259999074042,0,0.0,,0.0,0.5426621160409556,0.0,0.5426621160409556,0.0,0.5426621160409556,0.0,0.5426621160409556,0.0,0.5426621160409556,1.0,1.0,1.0,1.0,1.0,1.0,0.6528578687482276,0.8488456493211293,0.25,0.052823920265780734,1,1,1.0,3,1481,,0.0,0.0,0,0.0,0.5426621160409556,1,0.0,0.5426621160409556,2,0.0,0.5426621160409556,2,0.0,0.5426621160409556,4,0.0,0.5426621160409556,5,1.0,1.0,8
A,hybrid,q054,heldout,qualifier,1,31.579200003761798,1,1.0,1,1.0,1.0,1.0,1.0,1.0,1.0,1.0,1.0,1.0,1.0,1.0,1.0,1.0,1.0,1.0,1.0,0.947100918977638,0.947100918977638,0.5,0.05302464525765497,1,1,1.0,2,1357,,0.0,0.0,0,1.0,1.0,1,1.0,1.0,2,1.0,1.0,2,1.0,1.0,4,1.0,1.0,6,1.0,1.0,9
A,hybrid,q055,heldout,paraphrase,1,26.969099999405444,0,0.5,2,0.0,0.0,1.0,1.0,1.0,1.0,1.0,1.0,1.0,1.0,1.0,1.0,1.0,1.0,1.0,1.0,0.6309297535714575,0.6309297535714575,0.25,0.054317548746518104,1,1,0.75,2,1413,,0.0,0.0,0,0.0,0.0,1,1.0,1.0,2,1.0,1.0,2,1.0,1.0,4,1.0,1.0,6,1.0,1.0,8
A,hybrid,q056,heldout,paraphrase,1,27.940900006797165,1,1.0,1,1.0,1.0,1.0,1.0,1.0,1.0,1.0,1.0,1.0,1.0,1.0,1.0,1.0,1.0,1.0,1.0,1.0,1.0,0.5,0.04021543985637343,1,1,1.0,2,1416,,0.0,0.0,0,1.0,1.0,1,1.0,1.0,2,1.0,1.0,2,1.0,1.0,4,1.0,1.0,6,1.0,1.0,8
A,hybrid,q057,heldout,paraphrase,1,29.32259999215603,0,0.2,5,0.0,0.0,0.0,0.0,0.0,0.0,0.0,0.0,1.0,1.0,1.0,1.0,1.0,1.0,1.0,1.0,0.0,0.38685280723454163,0.0,0.0,1,1,1.0,4,1368,,0.0,0.0,0,0.0,0.0,1,0.0,0.0,2,0.0,0.0,3,0.0,0.0,4,1.0,1.0,6,1.0,1.0,9
A,hybrid,q058,heldout,multi_source,2,34.39109999453649,0,0.3333333333333333,3,0.0,0.0,0.0,0.0,0.5,0.5,1.0,1.0,1.0,1.0,1.0,1.0,1.0,1.0,1.0,1.0,0.5706417189553201,0.5706417189553201,0.5,0.08805460750853242,1,1,1.0,2,1363,,0.0,0.0,0,0.0,0.0,1,0.0,0.0,2,0.5,0.5,3,1.0,1.0,4,1.0,1.0,6,1.0,1.0,9
A,semantic,q001,dev,exact_topic,1,18.299899995326996,1,1.0,1,1.0,1.0,1.0,1.0,1.0,1.0,1.0,1.0,1.0,1.0,1.0,1.0,1.0,1.0,1.0,1.0,1.0,1.0,0.25,0.10136518771331059,1,1,0.75,2,1363,,0.0,0.0,0,1.0,1.0,1,1.0,1.0,2,1.0,1.0,3,1.0,1.0,4,1.0,1.0,5,1.0,1.0,8
A,semantic,q002,dev,symptom_only,1,18.269099993631244,0,0.5,2,0.0,0.0,1.0,1.0,1.0,1.0,1.0,1.0,1.0,1.0,1.0,1.0,1.0,1.0,1.0,1.0,0.6309297535714575,0.6309297535714575,0.25,0.043285616905248805,0,1,0.25,0,1514,,0.0,0.0,0,0.0,0.0,1,1.0,1.0,2,1.0,1.0,2,1.0,1.0,4,1.0,1.0,5,1.0,1.0,8
A,semantic,q003,dev,qualifier,1,37.11370000382885,1,1.0,1,1.0,1.0,1.0,1.0,1.0,1.0,1.0,1.0,1.0,1.0,1.0,1.0,1.0,1.0,1.0,1.0,1.0,1.0,0.5,0.12377963737796374,1,1,0.75,1,1310,1.0,0.0,0.0,0,1.0,1.0,1,1.0,1.0,2,1.0,1.0,3,1.0,1.0,4,1.0,1.0,6,1.0,1.0,9
A,semantic,q004,dev,exact_topic,1,17.82089995685965,0,0.5,2,0.0,0.0,1.0,1.0,1.0,1.0,1.0,1.0,1.0,1.0,1.0,1.0,1.0,1.0,1.0,1.0,0.6309297535714575,0.6309297535714575,0.25,0.0447098976109215,0,1,0.5,1,1502,,0.0,0.0,0,0.0,0.0,1,1.0,1.0,2,1.0,1.0,2,1.0,1.0,4,1.0,1.0,5,1.0,1.0,8
A,semantic,q005,dev,mixed_language,1,17.581799998879433,1,1.0,1,1.0,1.0,1.0,1.0,1.0,1.0,1.0,1.0,1.0,1.0,1.0,1.0,1.0,1.0,1.0,1.0,1.0,1.0,0.25,0.11121036176864672,1,1,1.0,3,1089,,0.0,0.0,0,1.0,1.0,2,1.0,1.0,3,1.0,1.0,3,1.0,1.0,5,1.0,1.0,7,1.0,1.0,9
A,semantic,q006,dev,qualifier,1,18.547400017268956,1,1.0,1,1.0,1.0,1.0,1.0,1.0,1.0,1.0,1.0,1.0,1.0,1.0,1.0,1.0,1.0,1.0,1.0,1.0,1.0,0.25,0.11256117455138662,1,1,0.5,1,1191,1.0,0.0,0.0,0,1.0,1.0,1,1.0,1.0,2,1.0,1.0,2,1.0,1.0,5,1.0,1.0,6,1.0,1.0,9
A,semantic,q007,dev,mixed_language,1,20.513299969024956,1,1.0,1,1.0,1.0,1.0,1.0,1.0,1.0,1.0,1.0,1.0,1.0,1.0,1.0,1.0,1.0,1.0,1.0,1.0,1.0,0.25,0.04850615114235501,1,1,0.25,0,1373,,0.0,0.0,0,1.0,1.0,1,1.0,1.0,2,1.0,1.0,2,1.0,1.0,4,1.0,1.0,5,1.0,1.0,8
A,semantic,q008,dev,qualifier,1,18.58829997945577,1,1.0,1,1.0,1.0,1.0,1.0,1.0,1.0,1.0,1.0,1.0,1.0,1.0,1.0,1.0,1.0,1.0,1.0,1.0,1.0,0.25,0.09327701513551566,1,1,0.75,2,1425,,0.0,0.0,0,1.0,1.0,1,1.0,1.0,2,1.0,1.0,2,1.0,1.0,4,1.0,1.0,5,1.0,1.0,8
A,semantic,q009,dev,exact_topic,1,17.749299993738532,0,0.3333333333333333,3,0.0,0.0,0.0,0.0,1.0,1.0,1.0,1.0,1.0,1.0,1.0,1.0,1.0,1.0,1.0,1.0,0.5,0.5,0.25,0.05839917554105119,1,1,1.0,3,1377,,0.0,0.0,0,0.0,0.0,1,0.0,0.0,2,0.0,0.0,2,1.0,1.0,4,1.0,1.0,5,1.0,1.0,8
A,semantic,q010,dev,mixed_language,1,17.762100032996386,1,1.0,1,1.0,1.0,1.0,1.0,1.0,1.0,1.0,1.0,1.0,1.0,1.0,1.0,1.0,1.0,1.0,1.0,1.0,1.0,0.25,0.05646817248459959,1,1,0.75,2,1402,,0.0,0.0,0,1.0,1.0,1,1.0,1.0,2,1.0,1.0,2,1.0,1.0,4,1.0,1.0,5,1.0,1.0,8
A,semantic,q011,dev,exact_topic,1,18.848300038371235,1,1.0,1,1.0,1.0,1.0,1.0,1.0,1.0,1.0,1.0,1.0,1.0,1.0,1.0,1.0,1.0,1.0,1.0,1.0,1.0,0.25,0.07385778083132943,1,1,1.0,3,1454,,0.0,0.0,0,1.0,1.0,1,1.0,1.0,2,1.0,1.0,2,1.0,1.0,4,1.0,1.0,5,1.0,1.0,8
A,semantic,q012,dev,paraphrase,1,18.160899984650314,0,0.3333333333333333,3,0.0,0.0,0.0,0.0,1.0,1.0,1.0,1.0,1.0,1.0,1.0,1.0,1.0,1.0,1.0,1.0,0.3808243781836262,0.5269687741092012,0.25,0.042560435818862784,1,1,0.75,2,1416,,0.0,0.0,0,0.0,0.0,1,0.0,0.0,2,0.0,0.0,2,1.0,1.0,4,1.0,1.0,5,1.0,1.0,8
A,semantic,q013,dev,no_accent,1,19.577300001401454,0,0.0,,0.0,0.0,0.0,0.0,0.0,0.0,0.0,0.0,0.0,0.0,0.0,0.0,0.0,0.0,0.0,0.0,0.0,0.0,0.0,0.0,0,0,0.0,0,1454,,0.0,0.0,0,0.0,0.0,1,0.0,0.0,2,0.0,0.0,2,0.0,0.0,4,0.0,0.0,5,0.0,0.0,8
A,semantic,q014,dev,exact_topic,1,18.347400007769465,0,0.0,,0.0,0.5944444444444444,0.0,0.5944444444444444,0.0,0.5944444444444444,0.0,0.5944444444444444,0.0,0.5944444444444444,0.0,0.5944444444444444,1.0,1.0,1.0,1.0,0.5417461381210612,0.7611448856467246,0.25,0.03570236903570237,1,1,1.0,3,1367,,0.0,0.0,0,0.0,0.5944444444444444,1,0.0,0.5944444444444444,2,0.0,0.5944444444444444,3,0.0,0.5944444444444444,4,0.0,0.5944444444444444,6,1.0,1.0,9
A,semantic,q015,dev,paraphrase,1,19.825700030196458,0,0.3333333333333333,3,0.0,0.0,0.0,0.0,1.0,1.0,1.0,1.0,1.0,1.0,1.0,1.0,1.0,1.0,1.0,1.0,0.5464042753643734,0.5464042753643734,0.5,0.052576235541535225,1,1,1.0,2,1281,,0.0,0.0,0,0.0,0.0,1,0.0,0.0,2,1.0,1.0,3,1.0,1.0,4,1.0,1.0,6,1.0,1.0,9
A,semantic,q016,dev,confusable,1,17.210899968631566,0,0.1111111111111111,9,0.0,0.2463768115942029,0.0,0.2463768115942029,0.0,0.2463768115942029,0.0,0.2463768115942029,0.0,0.2463768115942029,0.0,0.2463768115942029,0.0,0.2463768115942029,1.0,1.0,0.2132308331929745,0.4737621566408608,0.25,0.01735284110241579,1,1,0.5,1,1417,,0.0,0.0,0,0.0,0.2463768115942029,1,0.0,0.2463768115942029,2,0.0,0.2463768115942029,2,0.0,0.2463768115942029,4,0.0,0.2463768115942029,6,0.0,0.2463768115942029,8
A,semantic,q017,dev,confusable,1,18.187099951319396,0,0.5,2,0.0,0.0,1.0,1.0,1.0,1.0,1.0,1.0,1.0,1.0,1.0,1.0,1.0,1.0,1.0,1.0,0.6309297535714575,0.6309297535714575,0.25,0.02888966237382527,1,1,1.0,3,1503,,0.0,0.0,0,0.0,0.0,1,1.0,1.0,2,1.0,1.0,2,1.0,1.0,4,1.0,1.0,5,1.0,1.0,8
A,semantic,q018,dev,formula,1,18.253699992783368,1,1.0,1,1.0,1.0,1.0,1.0,1.0,1.0,1.0,1.0,1.0,1.0,1.0,1.0,1.0,1.0,1.0,1.0,1.0,1.0,0.25,0.08550983899821109,1,1,1.0,3,1399,,0.0,0.0,0,1.0,1.0,1,1.0,1.0,2,1.0,1.0,2,1.0,1.0,4,1.0,1.0,5,1.0,1.0,8
A,semantic,q019,dev,qualifier,1,18.467599991708994,1,1.0,1,1.0,1.0,1.0,1.0,1.0,1.0,1.0,1.0,1.0,1.0,1.0,1.0,1.0,1.0,1.0,1.0,1.0,1.0,0.25,0.031761952524239384,1,1,1.0,3,1468,,0.0,0.0,0,1.0,1.0,1,1.0,1.0,2,1.0,1.0,2,1.0,1.0,4,1.0,1.0,5,1.0,1.0,8
A,semantic,q020,dev,qualifier,1,18.248600012157112,1,1.0,1,1.0,1.0,1.0,1.0,1.0,1.0,1.0,1.0,1.0,1.0,1.0,1.0,1.0,1.0,1.0,1.0,1.0,1.0,0.25,0.03806584362139918,1,1,0.5,1,1454,,0.0,0.0,0,1.0,1.0,1,1.0,1.0,2,1.0,1.0,2,1.0,1.0,4,1.0,1.0,5,1.0,1.0,8
A,semantic,q021,dev,negation,1,18.228999979328364,1,1.0,1,1.0,1.0,1.0,1.0,1.0,1.0,1.0,1.0,1.0,1.0,1.0,1.0,1.0,1.0,1.0,1.0,1.0,1.0,0.5,0.024649092776446422,1,1,1.0,2,1497,,0.0,0.0,0,1.0,1.0,1,1.0,1.0,2,1.0,1.0,2,1.0,1.0,4,1.0,1.0,5,1.0,1.0,8
A,semantic,q022,dev,exact_topic,1,17.327100038528442,0,0.5,2,0.0,0.0,1.0,1.0,1.0,1.0,1.0,1.0,1.0,1.0,1.0,1.0,1.0,1.0,1.0,1.0,0.6309297535714575,0.6309297535714575,0.25,0.05810616929698709,0,1,0.75,2,1373,,0.0,0.0,0,0.0,0.0,1,1.0,1.0,2,1.0,1.0,2,1.0,1.0,4,1.0,1.0,5,1.0,1.0,8
A,semantic,q023,dev,negation,1,17.641999991610646,0,0.2,5,0.0,0.0,0.0,0.0,0.0,0.0,0.0,0.0,1.0,1.0,1.0,1.0,1.0,1.0,1.0,1.0,0.0,0.3117316730577895,0.0,0.0,1,1,0.5,2,1388,,0.0,0.0,0,0.0,0.0,1,0.0,0.0,2,0.0,0.0,2,0.0,0.0,4,1.0,1.0,5,1.0,1.0,8
A,semantic,q024,dev,qualifier,1,16.75390003947541,1,1.0,1,1.0,1.0,1.0,1.0,1.0,1.0,1.0,1.0,1.0,1.0,1.0,1.0,1.0,1.0,1.0,1.0,1.0,1.0,0.25,0.04155313351498638,1,1,0.75,2,1387,,0.0,0.0,0,1.0,1.0,1,1.0,1.0,2,1.0,1.0,2,1.0,1.0,4,1.0,1.0,5,1.0,1.0,9
A,semantic,q025,dev,mixed_language,1,17.598800011910498,1,1.0,1,1.0,1.0,1.0,1.0,1.0,1.0,1.0,1.0,1.0,1.0,1.0,1.0,1.0,1.0,1.0,1.0,1.0,1.0,0.25,0.03380662609871535,1,1,1.0,3,1499,,0.0,0.0,0,1.0,1.0,1,1.0,1.0,2,1.0,1.0,2,1.0,1.0,4,1.0,1.0,5,1.0,1.0,8
A,semantic,q026,dev,exact_topic,1,18.846700026188046,0,0.25,4,0.0,0.0,0.0,0.0,0.0,0.0,1.0,1.0,1.0,1.0,1.0,1.0,1.0,1.0,1.0,1.0,0.43067655807339306,0.43067655807339306,0.25,0.030547163477677074,1,1,1.0,3,1531,,0.0,0.0,0,0.0,0.0,1,0.0,0.0,2,0.0,0.0,2,1.0,1.0,4,1.0,1.0,5,1.0,1.0,8
A,semantic,q027,dev,exact_topic,1,16.78240002365783,0,0.1111111111111111,9,0.0,0.0,0.0,0.0,0.0,0.0,0.0,0.0,0.0,0.0,0.0,0.0,0.0,0.0,1.0,1.0,0.0,0.3010299956639812,0.0,0.0,1,1,1.0,4,1529,,0.0,0.0,0,0.0,0.0,1,0.0,0.0,1,0.0,0.0,2,0.0,0.0,4,0.0,0.0,5,0.0,0.0,8
A,semantic,q028,dev,acronym,1,16.701599990483373,0,0.5,2,0.0,0.0,1.0,1.0,1.0,1.0,1.0,1.0,1.0,1.0,1.0,1.0,1.0,1.0,1.0,1.0,0.4591748462498645,0.6128663342500027,0.25,0.0461133069828722,1,1,0.5,1,1413,,0.0,0.0,0,0.0,0.0,1,1.0,1.0,2,1.0,1.0,2,1.0,1.0,4,1.0,1.0,5,1.0,1.0,8
A,semantic,q029,dev,negation,1,17.915200034622103,1,1.0,1,1.0,1.0,1.0,1.0,1.0,1.0,1.0,1.0,1.0,1.0,1.0,1.0,1.0,1.0,1.0,1.0,1.0,1.0,0.25,0.05587275693311582,1,1,1.0,3,1285,,0.0,0.0,0,1.0,1.0,1,1.0,1.0,2,1.0,1.0,3,1.0,1.0,4,1.0,1.0,6,1.0,1.0,8
A,semantic,q030,dev,exact_topic,1,17.190299986395985,0,0.3333333333333333,3,0.0,0.0,0.0,0.0,1.0,1.0,1.0,1.0,1.0,1.0,1.0,1.0,1.0,1.0,1.0,1.0,0.5,0.5,0.25,0.039581777445855115,1,1,1.0,3,1431,,0.0,0.0,0,0.0,0.0,1,0.0,0.0,2,0.0,0.0,2,1.0,1.0,4,1.0,1.0,5,1.0,1.0,8
A,semantic,q031,dev,exact_topic,1,16.514500021003187,0,0.5,2,0.0,0.0,1.0,1.0,1.0,1.0,1.0,1.0,1.0,1.0,1.0,1.0,1.0,1.0,1.0,1.0,0.6309297535714575,0.6309297535714575,0.25,0.04079460801702731,1,1,1.0,3,1458,,0.0,0.0,0,0.0,0.0,1,1.0,1.0,2,1.0,1.0,2,1.0,1.0,4,1.0,1.0,5,1.0,1.0,8
A,semantic,q032,dev,confusable,1,18.385800009127706,0,0.1,10,0.0,0.0,0.0,0.0,0.0,0.0,0.0,0.0,0.0,0.0,0.0,0.0,0.0,0.0,1.0,1.0,0.0,0.2890648263178879,0.0,0.0,1,1,0.75,3,1532,,0.0,0.0,0,0.0,0.0,1,0.0,0.0,2,0.0,0.0,2,0.0,0.0,4,0.0,0.0,5,0.0,0.0,8
A,semantic,q033,dev,symptom_only,1,18.354900006670505,0,0.2,5,0.0,0.34615384615384615,0.0,0.34615384615384615,0.0,0.34615384615384615,0.0,0.34615384615384615,1.0,1.0,1.0,1.0,1.0,1.0,1.0,1.0,0.28410554678493377,0.601614739722829,0.25,0.015485203028217482,1,1,0.5,1,1544,,0.0,0.0,0,0.0,0.34615384615384615,1,0.0,0.34615384615384615,1,0.0,0.34615384615384615,2,0.0,0.34615384615384615,3,1.0,1.0,5,1.0,1.0,8
A,semantic,q034,dev,paraphrase,1,19.658500037621707,0,0.0,14,0.0,0.0,0.0,0.0,0.0,0.0,0.0,0.0,0.0,0.0,0.0,0.0,0.0,0.0,0.0,0.0,0.0,0.0,0.0,0.0,1,1,0.5,2,1578,,0.0,0.0,0,0.0,0.0,1,0.0,0.0,1,0.0,0.0,2,0.0,0.0,3,0.0,0.0,5,0.0,0.0,7
A,semantic,q035,dev,exact_topic,1,16.221199999563396,1,1.0,1,1.0,1.0,1.0,1.0,1.0,1.0,1.0,1.0,1.0,1.0,1.0,1.0,1.0,1.0,1.0,1.0,1.0,1.0,0.25,0.04064494457507558,1,1,1.0,3,1590,,0.0,0.0,0,1.0,1.0,1,1.0,1.0,1,1.0,1.0,2,1.0,1.0,3,1.0,1.0,5,1.0,1.0,7
A,semantic,q036,dev,exact_topic,1,17.13049999671057,1,1.0,1,1.0,1.0,1.0,1.0,1.0,1.0,1.0,1.0,1.0,1.0,1.0,1.0,1.0,1.0,1.0,1.0,1.0,1.0,0.25,0.03894344734168642,1,1,1.0,3,1483,,0.0,0.0,0,1.0,1.0,1,1.0,1.0,2,1.0,1.0,2,1.0,1.0,4,1.0,1.0,5,1.0,1.0,8
A,semantic,q037,dev,multi_host,1,18.789000052493066,1,1.0,1,1.0,1.0,1.0,1.0,1.0,1.0,1.0,1.0,1.0,1.0,1.0,1.0,1.0,1.0,1.0,1.0,1.0,1.0,0.5,0.03753443526170799,1,1,1.0,2,1405,,0.0,0.0,0,1.0,1.0,1,1.0,1.0,2,1.0,1.0,2,1.0,1.0,4,1.0,1.0,5,1.0,1.0,8
A,semantic,q038,dev,confusable,1,18.094500002916902,0,0.3333333333333333,3,0.0,0.0,0.0,0.0,1.0,1.0,1.0,1.0,1.0,1.0,1.0,1.0,1.0,1.0,1.0,1.0,0.5,0.5,0.25,0.04022795843110962,1,1,1.0,3,1573,,0.0,0.0,0,0.0,0.0,1,0.0,0.0,1,0.0,0.0,2,1.0,1.0,3,1.0,1.0,5,1.0,1.0,8
A,semantic,q039,dev,acronym,1,16.451400006189942,1,1.0,1,1.0,1.0,1.0,1.0,1.0,1.0,1.0,1.0,1.0,1.0,1.0,1.0,1.0,1.0,1.0,1.0,1.0,1.0,0.25,0.017223198594024606,1,1,1.0,3,1340,,0.0,0.0,0,1.0,1.0,1,1.0,1.0,2,1.0,1.0,3,1.0,1.0,4,1.0,1.0,5,1.0,1.0,8
A,semantic,q040,dev,acronym,1,16.296499990858138,1,1.0,1,1.0,1.0,1.0,1.0,1.0,1.0,1.0,1.0,1.0,1.0,1.0,1.0,1.0,1.0,1.0,1.0,1.0,1.0,0.25,0.023688663282571912,1,1,1.0,3,1388,,0.0,0.0,0,1.0,1.0,1,1.0,1.0,2,1.0,1.0,2,1.0,1.0,4,1.0,1.0,5,1.0,1.0,8
A,semantic,q041,heldout,no_accent,1,17.673299997113645,0,0.5,2,0.0,0.0,1.0,1.0,1.0,1.0,1.0,1.0,1.0,1.0,1.0,1.0,1.0,1.0,1.0,1.0,0.4924177917006543,0.6021859244339252,0.25,0.08498583569405099,0,1,0.25,0,1393,,0.0,0.0,0,0.0,0.0,1,1.0,1.0,2,1.0,1.0,2,1.0,1.0,4,1.0,1.0,5,1.0,1.0,8
A,semantic,q042,heldout,multi_fact,1,17.432199965696782,1,1.0,1,1.0,1.0,1.0,1.0,1.0,1.0,1.0,1.0,1.0,1.0,1.0,1.0,1.0,1.0,1.0,1.0,1.0,1.0,0.25,0.07718233906302663,1,1,0.25,0,1520,,0.0,0.0,0,1.0,1.0,1,1.0,1.0,2,1.0,1.0,2,1.0,1.0,4,1.0,1.0,5,1.0,1.0,7
A,semantic,q043,heldout,qualifier,1,19.013899960555136,1,1.0,1,1.0,1.0,1.0,1.0,1.0,1.0,1.0,1.0,1.0,1.0,1.0,1.0,1.0,1.0,1.0,1.0,1.0,1.0,0.25,0.05035460992907802,1,1,0.25,0,1397,,0.0,0.0,0,1.0,1.0,1,1.0,1.0,2,1.0,1.0,2,1.0,1.0,4,1.0,1.0,5,1.0,1.0,8
A,semantic,q044,heldout,qualifier,1,19.261800043750554,1,1.0,1,1.0,1.0,1.0,1.0,1.0,1.0,1.0,1.0,1.0,1.0,1.0,1.0,1.0,1.0,1.0,1.0,1.0,1.0,0.25,0.11903967989329776,1,1,0.5,1,1414,,0.0,0.0,0,1.0,1.0,1,1.0,1.0,2,1.0,1.0,2,1.0,1.0,4,1.0,1.0,5,1.0,1.0,8
A,semantic,q045,heldout,qualifier,1,24.615700007416308,1,1.0,1,1.0,1.0,1.0,1.0,1.0,1.0,1.0,1.0,1.0,1.0,1.0,1.0,1.0,1.0,1.0,1.0,1.0,1.0,0.25,0.0786056049213944,1,1,1.0,3,1413,1.0,0.0,0.0,0,1.0,1.0,1,1.0,1.0,2,1.0,1.0,2,1.0,1.0,4,1.0,1.0,5,1.0,1.0,8
A,semantic,q046,heldout,mixed_language,1,22.566999949049205,0,0.5,2,0.0,0.0,1.0,1.0,1.0,1.0,1.0,1.0,1.0,1.0,1.0,1.0,1.0,1.0,1.0,1.0,0.6309297535714575,0.6309297535714575,0.25,0.06017881705639615,1,1,1.0,3,1392,,0.0,0.0,0,0.0,0.0,1,1.0,1.0,2,1.0,1.0,2,1.0,1.0,4,1.0,1.0,5,1.0,1.0,9
A,semantic,q047,heldout,paraphrase,1,22.54379994701594,0,0.5,2,0.0,0.0,1.0,1.0,1.0,1.0,1.0,1.0,1.0,1.0,1.0,1.0,1.0,1.0,1.0,1.0,0.6309297535714575,0.6309297535714575,0.25,0.038657171922685654,1,1,1.0,3,1330,,0.0,0.0,0,0.0,0.0,1,1.0,1.0,2,1.0,1.0,3,1.0,1.0,4,1.0,1.0,6,1.0,1.0,9
A,semantic,q048,heldout,exact_topic,1,20.164299989119172,0,0.5,2,0.0,0.0,1.0,1.0,1.0,1.0,1.0,1.0,1.0,1.0,1.0,1.0,1.0,1.0,1.0,1.0,0.6309297535714575,0.6309297535714575,0.25,0.03333333333333333,1,1,1.0,3,1488,,0.0,0.0,0,0.0,0.0,1,1.0,1.0,2,1.0,1.0,2,1.0,1.0,4,1.0,1.0,5,1.0,1.0,8
A,semantic,q049,heldout,multi_fact,1,21.359900012612343,1,1.0,1,1.0,1.0,1.0,1.0,1.0,1.0,1.0,1.0,1.0,1.0,1.0,1.0,1.0,1.0,1.0,1.0,1.0,1.0,0.25,0.03789689313758962,1,1,0.75,2,1458,1.0,0.0,0.0,0,1.0,1.0,1,1.0,1.0,2,1.0,1.0,2,1.0,1.0,4,1.0,1.0,5,1.0,1.0,8
A,semantic,q050,heldout,paraphrase,1,18.466199981048703,1,1.0,1,1.0,1.0,1.0,1.0,1.0,1.0,1.0,1.0,1.0,1.0,1.0,1.0,1.0,1.0,1.0,1.0,1.0,1.0,0.25,0.05242070116861436,1,1,1.0,3,1513,,0.0,0.0,0,1.0,1.0,1,1.0,1.0,2,1.0,1.0,2,1.0,1.0,4,1.0,1.0,5,1.0,1.0,8
A,semantic,q051,heldout,negation,1,18.593400018289685,1,1.0,1,1.0,1.0,1.0,1.0,1.0,1.0,1.0,1.0,1.0,1.0,1.0,1.0,1.0,1.0,1.0,1.0,1.0,1.0,0.25,0.050345508390918066,1,1,0.75,2,1449,,0.0,0.0,0,1.0,1.0,1,1.0,1.0,2,1.0,1.0,2,1.0,1.0,4,1.0,1.0,5,1.0,1.0,8
A,semantic,q052,heldout,paraphrase,1,20.372900005895644,0,0.2,5,0.0,0.0,0.0,0.0,0.0,0.0,0.0,0.0,1.0,1.0,1.0,1.0,1.0,1.0,1.0,1.0,0.0,0.38685280723454163,0.0,0.0,1,1,1.0,4,1518,,0.0,0.0,0,0.0,0.0,1,0.0,0.0,2,0.0,0.0,2,0.0,0.0,4,1.0,1.0,5,1.0,1.0,8
A,semantic,q053,heldout,paraphrase,1,23.102200007997453,0,0.0,,0.0,0.5426621160409556,0.0,0.5426621160409556,0.0,0.5426621160409556,0.0,0.5426621160409556,0.0,0.5426621160409556,0.0,0.5426621160409556,0.0,0.5426621160409556,0.0,0.5426621160409556,0.6528578687482276,0.6528578687482276,0.25,0.05298233922025991,1,1,1.0,3,1500,,0.0,0.0,0,0.0,0.5426621160409556,1,0.0,0.5426621160409556,2,0.0,0.5426621160409556,2,0.0,0.5426621160409556,4,0.0,0.5426621160409556,5,0.0,0.5426621160409556,8
A,semantic,q054,heldout,qualifier,1,20.329600025434047,0,0.5,2,0.0,0.0,1.0,1.0,1.0,1.0,1.0,1.0,1.0,1.0,1.0,1.0,1.0,1.0,1.0,1.0,0.4700980012040799,0.5975541494178622,0.25,0.05438529299119112,1,1,0.75,2,1319,,0.0,0.0,0,0.0,0.0,1,1.0,1.0,2,1.0,1.0,3,1.0,1.0,4,1.0,1.0,6,1.0,1.0,9
A,semantic,q055,heldout,paraphrase,1,20.780299964826554,0,0.16666666666666666,6,0.0,0.0,0.0,0.0,0.0,0.0,0.0,0.0,0.0,0.0,1.0,1.0,1.0,1.0,1.0,1.0,0.0,0.3562071871080222,0.0,0.0,1,1,1.0,4,1496,,0.0,0.0,0,0.0,0.0,1,0.0,0.0,2,0.0,0.0,2,0.0,0.0,4,0.0,0.0,5,1.0,1.0,8
A,semantic,q056,heldout,paraphrase,1,19.622699997853488,1,1.0,1,1.0,1.0,1.0,1.0,1.0,1.0,1.0,1.0,1.0,1.0,1.0,1.0,1.0,1.0,1.0,1.0,1.0,1.0,0.5,0.040028591851322376,1,1,1.0,2,1426,,0.0,0.0,0,1.0,1.0,1,1.0,1.0,2,1.0,1.0,2,1.0,1.0,4,1.0,1.0,5,1.0,1.0,8
A,semantic,q057,heldout,paraphrase,1,19.443600031081587,0,0.1,10,0.0,0.0,0.0,0.0,0.0,0.0,0.0,0.0,0.0,0.0,0.0,0.0,0.0,0.0,1.0,1.0,0.0,0.2890648263178879,0.0,0.0,1,1,0.75,3,1411,,0.0,0.0,0,0.0,0.0,1,0.0,0.0,2,0.0,0.0,3,0.0,0.0,4,0.0,0.0,5,0.0,0.0,8
A,semantic,q058,heldout,multi_source,2,20.040399977006018,0,0.25,4,0.0,0.0,0.0,0.0,0.0,0.0,0.5,0.5,0.5,0.5,1.0,1.0,1.0,1.0,1.0,1.0,0.2640681225725909,0.48247555939075504,0.25,0.04337431693989071,1,0,0.75,2,1403,,0.0,0.0,0,0.0,0.0,1,0.0,0.0,2,0.0,0.0,2,0.5,0.5,4,0.5,0.5,5,1.0,1.0,9
A,bm25,q001,dev,exact_topic,1,8.003399998415262,0,0.125,8,0.0,0.0,0.0,0.0,0.0,0.0,0.0,0.0,0.0,0.0,0.0,0.0,1.0,1.0,1.0,1.0,0.0,0.31546487678572877,0.0,0.0,1,1,0.75,3,1337,,0.0,0.0,0,0.0,0.0,1,0.0,0.0,2,0.0,0.0,3,0.0,0.0,4,0.0,0.0,5,1.0,1.0,9
A,bm25,q002,dev,symptom_only,1,9.395700006280094,1,1.0,1,1.0,1.0,1.0,1.0,1.0,1.0,1.0,1.0,1.0,1.0,1.0,1.0,1.0,1.0,1.0,1.0,1.0,1.0,0.25,0.043138586956521736,1,1,0.25,0,1457,,0.0,0.0,0,1.0,1.0,1,1.0,1.0,2,1.0,1.0,2,1.0,1.0,4,1.0,1.0,5,1.0,1.0,8
A,bm25,q003,dev,qualifier,1,10.890999983530492,1,1.0,1,1.0,1.0,1.0,1.0,1.0,1.0,1.0,1.0,1.0,1.0,1.0,1.0,1.0,1.0,1.0,1.0,1.0,1.0,0.5,0.12305025996533796,1,1,1.0,2,1320,1.0,0.0,0.0,0,1.0,1.0,1,1.0,1.0,2,1.0,1.0,3,1.0,1.0,4,1.0,1.0,6,1.0,1.0,9
A,bm25,q004,dev,exact_topic,1,12.383399996906519,1,1.0,1,1.0,1.0,1.0,1.0,1.0,1.0,1.0,1.0,1.0,1.0,1.0,1.0,1.0,1.0,1.0,1.0,1.0,1.0,0.25,0.050287907869481764,1,1,1.0,3,1255,,0.0,0.0,0,1.0,1.0,1,1.0,1.0,2,1.0,1.0,3,1.0,1.0,5,1.0,1.0,6,1.0,1.0,9
A,bm25,q005,dev,mixed_language,1,9.418000001460314,1,1.0,1,1.0,1.0,1.0,1.0,1.0,1.0,1.0,1.0,1.0,1.0,1.0,1.0,1.0,1.0,1.0,1.0,1.0,1.0,0.25,0.11543810848400557,1,1,1.0,3,1078,,0.0,0.0,0,1.0,1.0,1,1.0,1.0,2,1.0,1.0,3,1.0,1.0,5,1.0,1.0,7,1.0,1.0,9
A,bm25,q006,dev,qualifier,1,9.361599979456514,1,1.0,1,1.0,1.0,1.0,1.0,1.0,1.0,1.0,1.0,1.0,1.0,1.0,1.0,1.0,1.0,1.0,1.0,1.0,1.0,0.25,0.09616724738675958,1,1,0.75,2,1358,1.0,0.0,0.0,0,1.0,1.0,1,1.0,1.0,2,1.0,1.0,2,1.0,1.0,4,1.0,1.0,6,1.0,1.0,9
A,bm25,q007,dev,mixed_language,1,8.1901999656111,0,0.3333333333333333,3,0.0,0.0,0.0,0.0,1.0,1.0,1.0,1.0,1.0,1.0,1.0,1.0,1.0,1.0,1.0,1.0,0.5,0.5,0.25,0.045409674234945706,1,1,1.0,3,1561,,0.0,0.0,0,0.0,0.0,1,0.0,0.0,1,0.0,0.0,2,1.0,1.0,3,1.0,1.0,5,1.0,1.0,8
A,bm25,q008,dev,qualifier,1,10.705900029279292,1,1.0,1,1.0,1.0,1.0,1.0,1.0,1.0,1.0,1.0,1.0,1.0,1.0,1.0,1.0,1.0,1.0,1.0,1.0,1.0,0.25,0.09370579915134371,1,1,1.0,3,1435,,0.0,0.0,0,1.0,1.0,1,1.0,1.0,2,1.0,1.0,2,1.0,1.0,4,1.0,1.0,5,1.0,1.0,8
A,bm25,q009,dev,exact_topic,1,9.25260002259165,0,0.2,5,0.0,0.0,0.0,0.0,0.0,0.0,0.0,0.0,1.0,1.0,1.0,1.0,1.0,1.0,1.0,1.0,0.0,0.38685280723454163,0.0,0.0,1,1,1.0,4,1387,,0.0,0.0,0,0.0,0.0,1,0.0,0.0,2,0.0,0.0,2,0.0,0.0,4,1.0,1.0,5,1.0,1.0,9
A,bm25,q010,dev,mixed_language,1,8.253400039393455,1,1.0,1,1.0,1.0,1.0,1.0,1.0,1.0,1.0,1.0,1.0,1.0,1.0,1.0,1.0,1.0,1.0,1.0,1.0,1.0,0.25,0.056564964004113816,1,1,0.75,2,1400,,0.0,0.0,0,1.0,1.0,1,1.0,1.0,2,1.0,1.0,2,1.0,1.0,4,1.0,1.0,5,1.0,1.0,8
A,bm25,q011,dev,exact_topic,1,8.943499997258186,0,0.25,4,0.0,0.0,0.0,0.0,0.0,0.0,1.0,1.0,1.0,1.0,1.0,1.0,1.0,1.0,1.0,1.0,0.43067655807339306,0.43067655807339306,0.25,0.07253711201079623,1,1,1.0,3,1480,,0.0,0.0,0,0.0,0.0,1,0.0,0.0,2,0.0,0.0,2,1.0,1.0,4,1.0,1.0,5,1.0,1.0,8
A,bm25,q012,dev,paraphrase,1,8.365999965462834,0,0.25,4,0.0,0.0,0.0,0.0,0.0,0.0,1.0,1.0,1.0,1.0,1.0,1.0,1.0,1.0,1.0,1.0,0.3280242648531286,0.4741686607787036,0.25,0.04338771259979174,1,1,1.0,3,1373,,0.0,0.0,0,0.0,0.0,1,0.0,0.0,2,0.0,0.0,2,1.0,1.0,4,1.0,1.0,6,1.0,1.0,9
A,bm25,q013,dev,no_accent,1,7.6772000174969435,0,0.14285714285714285,7,0.0,0.0,0.0,0.0,0.0,0.0,0.0,0.0,0.0,0.0,0.0,0.0,1.0,1.0,1.0,1.0,0.0,0.3333333333333333,0.0,0.0,1,1,1.0,4,1346,,0.0,0.0,0,0.0,0.0,1,0.0,0.0,2,0.0,0.0,2,0.0,0.0,4,0.0,0.0,6,1.0,1.0,9
A,bm25,q014,dev,exact_topic,1,8.832100022118539,0,0.0,,0.0,0.0,0.0,0.0,0.0,0.0,0.0,0.0,0.0,0.0,0.0,0.0,0.0,0.5944444444444444,1.0,1.0,0.0,0.361163261255109,0.0,0.0,1,1,1.0,4,1218,,0.0,0.0,0,0.0,0.0,1,0.0,0.0,2,0.0,0.0,3,0.0,0.0,4,0.0,0.0,6,0.0,0.5944444444444444,9
A,bm25,q015,dev,paraphrase,1,10.548699996434152,0,0.1111111111111111,9,0.0,0.0,0.0,0.54,0.0,0.54,0.0,0.54,0.0,0.54,0.0,0.54,0.0,0.54,1.0,1.0,0.2541221314807854,0.47865374300698404,0.25,0.028381219341275403,1,1,1.0,3,1274,,0.0,0.0,0,0.0,0.0,1,0.0,0.54,2,0.0,0.54,3,0.0,0.54,4,0.0,0.54,6,1.0,1.0,9
A,bm25,q016,dev,confusable,1,12.458499986678362,1,1.0,1,1.0,1.0,1.0,1.0,1.0,1.0,1.0,1.0,1.0,1.0,1.0,1.0,1.0,1.0,1.0,1.0,1.0,1.0,0.5,0.07160152196471808,1,1,1.0,2,1458,,0.0,0.0,0,1.0,1.0,1,1.0,1.0,2,1.0,1.0,2,1.0,1.0,4,1.0,1.0,5,1.0,1.0,8
A,bm25,q017,dev,confusable,1,10.055400023702532,1,1.0,1,1.0,1.0,1.0,1.0,1.0,1.0,1.0,1.0,1.0,1.0,1.0,1.0,1.0,1.0,1.0,1.0,1.0,1.0,0.25,0.02888966237382527,1,1,1.0,3,1503,,0.0,0.0,0,1.0,1.0,1,1.0,1.0,2,1.0,1.0,2,1.0,1.0,4,1.0,1.0,5,1.0,1.0,8
A,bm25,q018,dev,formula,1,10.813500033691525,1,1.0,1,1.0,1.0,1.0,1.0,1.0,1.0,1.0,1.0,1.0,1.0,1.0,1.0,1.0,1.0,1.0,1.0,1.0,1.0,0.25,0.07971981320880588,1,1,0.5,1,1430,,0.0,0.0,0,1.0,1.0,1,1.0,1.0,2,1.0,1.0,2,1.0,1.0,4,1.0,1.0,5,1.0,1.0,10
A,bm25,q019,dev,qualifier,1,9.583599981851876,1,1.0,1,1.0,1.0,1.0,1.0,1.0,1.0,1.0,1.0,1.0,1.0,1.0,1.0,1.0,1.0,1.0,1.0,1.0,1.0,0.25,0.034990791896869246,1,1,0.75,2,1355,,0.0,0.0,0,1.0,1.0,1,1.0,1.0,2,1.0,1.0,2,1.0,1.0,4,1.0,1.0,5,1.0,1.0,8
A,bm25,q020,dev,qualifier,1,13.360500044655055,1,1.0,1,1.0,1.0,1.0,1.0,1.0,1.0,1.0,1.0,1.0,1.0,1.0,1.0,1.0,1.0,1.0,1.0,1.0,1.0,0.25,0.040555352575812935,1,1,0.75,2,1377,,0.0,0.0,0,1.0,1.0,1,1.0,1.0,2,1.0,1.0,2,1.0,1.0,4,1.0,1.0,5,1.0,1.0,8
A,bm25,q021,dev,negation,1,20.82400000654161,0,0.5,2,0.0,0.0,1.0,1.0,1.0,1.0,1.0,1.0,1.0,1.0,1.0,1.0,1.0,1.0,1.0,1.0,0.6509209298071326,0.6509209298071326,0.5,0.02448146888813329,1,1,1.0,2,1495,,0.0,0.0,0,0.0,0.0,1,1.0,1.0,2,1.0,1.0,2,1.0,1.0,4,1.0,1.0,5,1.0,1.0,8
A,bm25,q022,dev,exact_topic,1,14.258000010158867,0,0.3333333333333333,3,0.0,0.0,0.0,0.0,1.0,1.0,1.0,1.0,1.0,1.0,1.0,1.0,1.0,1.0,1.0,1.0,0.5,0.5,0.25,0.05398200599800067,0,1,0.5,1,1446,,0.0,0.0,0,0.0,0.0,1,0.0,0.0,2,0.0,0.0,2,1.0,1.0,4,1.0,1.0,5,1.0,1.0,9
A,bm25,q023,dev,negation,1,13.417800015304238,0,0.0,12,0.0,0.0,0.0,0.0,0.0,0.0,0.0,0.0,0.0,0.0,0.0,0.0,0.0,0.0,0.0,0.0,0.0,0.0,0.0,0.0,1,1,1.0,4,1280,,0.0,0.0,0,0.0,0.0,1,0.0,0.0,2,0.0,0.0,3,0.0,0.0,4,0.0,0.0,6,0.0,0.0,9
A,bm25,q024,dev,qualifier,1,8.766500046476722,1,1.0,1,1.0,1.0,1.0,1.0,1.0,1.0,1.0,1.0,1.0,1.0,1.0,1.0,1.0,1.0,1.0,1.0,1.0,1.0,0.25,0.04084365584198192,1,1,0.25,0,1401,,0.0,0.0,0,1.0,1.0,1,1.0,1.0,2,1.0,1.0,2,1.0,1.0,4,1.0,1.0,6,1.0,1.0,8
A,bm25,q025,dev,mixed_language,1,9.933600027579814,0,0.3333333333333333,3,0.0,0.0,0.0,0.0,1.0,1.0,1.0,1.0,1.0,1.0,1.0,1.0,1.0,1.0,1.0,1.0,0.5,0.5,0.25,0.03350083752093802,1,1,1.0,3,1519,,0.0,0.0,0,0.0,0.0,1,0.0,0.0,2,0.0,0.0,2,1.0,1.0,4,1.0,1.0,5,1.0,1.0,8
A,bm25,q026,dev,exact_topic,1,8.300999994389713,1,1.0,1,1.0,1.0,1.0,1.0,1.0,1.0,1.0,1.0,1.0,1.0,1.0,1.0,1.0,1.0,1.0,1.0,1.0,1.0,0.25,0.030826558265582657,1,1,1.0,3,1511,,0.0,0.0,0,1.0,1.0,1,1.0,1.0,1,1.0,1.0,2,1.0,1.0,4,1.0,1.0,5,1.0,1.0,8
A,bm25,q027,dev,exact_topic,1,7.4952999711968005,0,0.5,2,0.0,0.0,1.0,1.0,1.0,1.0,1.0,1.0,1.0,1.0,1.0,1.0,1.0,1.0,1.0,1.0,0.6309297535714575,0.6309297535714575,0.25,0.031932773109243695,1,1,1.0,3,1460,,0.0,0.0,0,0.0,0.0,1,1.0,1.0,2,1.0,1.0,2,1.0,1.0,4,1.0,1.0,5,1.0,1.0,8
A,bm25,q028,dev,acronym,1,8.157899952493608,1,1.0,1,1.0,1.0,1.0,1.0,1.0,1.0,1.0,1.0,1.0,1.0,1.0,1.0,1.0,1.0,1.0,1.0,1.0,1.0,0.5,0.04685408299866131,1,1,1.0,2,1486,,0.0,0.0,0,1.0,1.0,1,1.0,1.0,2,1.0,1.0,2,1.0,1.0,4,1.0,1.0,5,1.0,1.0,8
A,bm25,q029,dev,negation,1,7.760200009215623,1,1.0,1,1.0,1.0,1.0,1.0,1.0,1.0,1.0,1.0,1.0,1.0,1.0,1.0,1.0,1.0,1.0,1.0,1.0,1.0,0.25,0.06102449888641425,1,1,0.5,1,1169,,0.0,0.0,0,1.0,1.0,1,1.0,1.0,2,1.0,1.0,3,1.0,1.0,4,1.0,1.0,6,1.0,1.0,9
A,bm25,q030,dev,exact_topic,1,7.312100031413138,1,1.0,1,1.0,1.0,1.0,1.0,1.0,1.0,1.0,1.0,1.0,1.0,1.0,1.0,1.0,1.0,1.0,1.0,1.0,1.0,0.25,0.0394491998511351,1,1,1.0,3,1418,,0.0,0.0,0,1.0,1.0,1,1.0,1.0,2,1.0,1.0,2,1.0,1.0,4,1.0,1.0,5,1.0,1.0,8
A,bm25,q031,dev,exact_topic,1,7.615200011059642,0,0.16666666666666666,6,0.0,0.0,0.0,0.0,0.0,0.0,0.0,0.0,0.0,0.0,1.0,1.0,1.0,1.0,1.0,1.0,0.0,0.3562071871080222,0.0,0.0,1,1,1.0,4,1475,,0.0,0.0,0,0.0,0.0,1,0.0,0.0,2,0.0,0.0,2,0.0,0.0,4,0.0,0.0,5,1.0,1.0,9
A,bm25,q032,dev,confusable,1,7.170199998654425,0,0.16666666666666666,6,0.0,0.0,0.0,0.0,0.0,0.0,0.0,0.0,0.0,0.0,1.0,1.0,1.0,1.0,1.0,1.0,0.0,0.3562071871080222,0.0,0.0,1,1,0.5,2,1484,,0.0,0.0,0,0.0,0.0,1,0.0,0.0,2,0.0,0.0,2,0.0,0.0,4,0.0,0.0,5,1.0,1.0,8
A,bm25,q033,dev,symptom_only,1,7.530700007919222,0,0.3333333333333333,3,0.0,0.34615384615384615,0.0,0.34615384615384615,1.0,1.0,1.0,1.0,1.0,1.0,1.0,1.0,1.0,1.0,1.0,1.0,0.6944802254742825,0.6944802254742825,0.5,0.04406779661016949,1,1,1.0,2,1529,,0.0,0.0,0,0.0,0.34615384615384615,1,0.0,0.34615384615384615,2,0.0,0.34615384615384615,2,1.0,1.0,4,1.0,1.0,5,1.0,1.0,7
A,bm25,q034,dev,paraphrase,1,7.7461000182665884,0,0.5,2,0.0,0.0,1.0,1.0,1.0,1.0,1.0,1.0,1.0,1.0,1.0,1.0,1.0,1.0,1.0,1.0,0.6309297535714575,0.6309297535714575,0.25,0.05731422859046984,1,1,0.75,2,1533,,0.0,0.0,0,0.0,0.0,1,0.0,0.0,1,1.0,1.0,2,1.0,1.0,4,1.0,1.0,5,1.0,1.0,8
A,bm25,q035,dev,exact_topic,1,7.74879998061806,1,1.0,1,1.0,1.0,1.0,1.0,1.0,1.0,1.0,1.0,1.0,1.0,1.0,1.0,1.0,1.0,1.0,1.0,1.0,1.0,0.25,0.04083698953763078,1,1,1.0,3,1560,,0.0,0.0,0,1.0,1.0,1,1.0,1.0,1,1.0,1.0,2,1.0,1.0,3,1.0,1.0,5,1.0,1.0,7
A,bm25,q036,dev,exact_topic,1,8.578000008128583,1,1.0,1,1.0,1.0,1.0,1.0,1.0,1.0,1.0,1.0,1.0,1.0,1.0,1.0,1.0,1.0,1.0,1.0,1.0,1.0,0.25,0.03894344734168642,1,1,1.0,3,1483,,0.0,0.0,0,1.0,1.0,1,1.0,1.0,2,1.0,1.0,2,1.0,1.0,4,1.0,1.0,5,1.0,1.0,8
A,bm25,q037,dev,multi_host,1,8.05249996483326,0,0.25,4,0.0,0.0,0.0,0.0,0.0,0.0,1.0,1.0,1.0,1.0,1.0,1.0,1.0,1.0,1.0,1.0,0.3651538180575684,0.45104775048147816,0.25,0.037290455011974,1,1,1.0,3,1427,,0.0,0.0,0,0.0,0.0,1,0.0,0.0,2,0.0,0.0,2,1.0,1.0,4,1.0,1.0,5,1.0,1.0,8
A,bm25,q038,dev,confusable,1,8.45979998121038,0,0.2,5,0.0,0.0,0.0,0.0,0.0,0.0,0.0,0.0,1.0,1.0,1.0,1.0,1.0,1.0,1.0,1.0,0.0,0.38685280723454163,0.0,0.0,1,1,0.75,3,1531,,0.0,0.0,0,0.0,0.0,1,0.0,0.0,2,0.0,0.0,2,0.0,0.0,4,1.0,1.0,5,1.0,1.0,7
A,bm25,q039,dev,acronym,1,7.613099995069206,1,1.0,1,1.0,1.0,1.0,1.0,1.0,1.0,1.0,1.0,1.0,1.0,1.0,1.0,1.0,1.0,1.0,1.0,1.0,1.0,0.25,0.016740690126409292,1,1,1.0,3,1351,,0.0,0.0,0,1.0,1.0,1,1.0,1.0,2,1.0,1.0,3,1.0,1.0,4,1.0,1.0,5,1.0,1.0,9
A,bm25,q040,dev,acronym,1,7.346099999267608,1,1.0,1,1.0,1.0,1.0,1.0,1.0,1.0,1.0,1.0,1.0,1.0,1.0,1.0,1.0,1.0,1.0,1.0,1.0,1.0,0.25,0.02399725745629071,1,1,1.0,3,1379,,0.0,0.0,0,1.0,1.0,1,1.0,1.0,2,1.0,1.0,2,1.0,1.0,4,1.0,1.0,6,1.0,1.0,8
A,bm25,q041,heldout,no_accent,1,8.204600017052144,1,1.0,1,1.0,1.0,1.0,1.0,1.0,1.0,1.0,1.0,1.0,1.0,1.0,1.0,1.0,1.0,1.0,1.0,0.9544421086898751,0.9544421086898751,0.5,0.08617594254937164,1,1,1.0,2,1327,,0.0,0.0,0,1.0,1.0,1,1.0,1.0,2,1.0,1.0,3,1.0,1.0,4,1.0,1.0,6,1.0,1.0,9
A,bm25,q042,heldout,multi_fact,1,7.800099963787943,0,0.5,2,0.0,0.0,1.0,1.0,1.0,1.0,1.0,1.0,1.0,1.0,1.0,1.0,1.0,1.0,1.0,1.0,0.6309297535714575,0.6309297535714575,0.25,0.07998602864128536,0,1,0.5,1,1380,,0.0,0.0,0,0.0,0.0,1,1.0,1.0,2,1.0,1.0,3,1.0,1.0,4,1.0,1.0,5,1.0,1.0,9
A,bm25,q043,heldout,qualifier,1,7.3022000142373145,1,1.0,1,1.0,1.0,1.0,1.0,1.0,1.0,1.0,1.0,1.0,1.0,1.0,1.0,1.0,1.0,1.0,1.0,1.0,1.0,0.25,0.0671077504725898,1,1,1.0,3,1178,,0.0,0.0,0,1.0,1.0,1,1.0,1.0,2,1.0,1.0,3,1.0,1.0,4,1.0,1.0,6,1.0,1.0,8
A,bm25,q044,heldout,qualifier,1,8.37260001571849,1,1.0,1,1.0,1.0,1.0,1.0,1.0,1.0,1.0,1.0,1.0,1.0,1.0,1.0,1.0,1.0,1.0,1.0,1.0,1.0,0.25,0.13688650306748465,1,1,1.0,3,1290,,0.0,0.0,0,1.0,1.0,1,1.0,1.0,2,1.0,1.0,3,1.0,1.0,4,1.0,1.0,6,1.0,1.0,9
A,bm25,q045,heldout,qualifier,1,9.23029996920377,1,1.0,1,1.0,1.0,1.0,1.0,1.0,1.0,1.0,1.0,1.0,1.0,1.0,1.0,1.0,1.0,1.0,1.0,1.0,1.0,0.25,0.07936507936507936,1,1,1.0,3,1418,1.0,0.0,0.0,0,1.0,1.0,1,1.0,1.0,2,1.0,1.0,2,1.0,1.0,4,1.0,1.0,5,1.0,1.0,8
A,bm25,q046,heldout,mixed_language,1,7.628599996678531,0,0.5,2,0.0,0.0,1.0,1.0,1.0,1.0,1.0,1.0,1.0,1.0,1.0,1.0,1.0,1.0,1.0,1.0,0.6309297535714575,0.6309297535714575,0.25,0.06009615384615385,1,1,1.0,3,1387,,0.0,0.0,0,0.0,0.0,1,1.0,1.0,2,1.0,1.0,2,1.0,1.0,4,1.0,1.0,6,1.0,1.0,8
A,bm25,q047,heldout,paraphrase,1,7.224500004667789,1,1.0,1,1.0,1.0,1.0,1.0,1.0,1.0,1.0,1.0,1.0,1.0,1.0,1.0,1.0,1.0,1.0,1.0,1.0,1.0,0.25,0.038657171922685654,1,1,1.0,3,1330,,0.0,0.0,0,1.0,1.0,1,1.0,1.0,2,1.0,1.0,3,1.0,1.0,4,1.0,1.0,6,1.0,1.0,9
A,bm25,q048,heldout,exact_topic,1,8.442600024864078,0,0.5,2,0.0,0.0,1.0,1.0,1.0,1.0,1.0,1.0,1.0,1.0,1.0,1.0,1.0,1.0,1.0,1.0,0.6309297535714575,0.6309297535714575,0.25,0.03326474622770919,0,1,0.75,2,1495,,0.0,0.0,0,0.0,0.0,1,1.0,1.0,2,1.0,1.0,2,1.0,1.0,4,1.0,1.0,5,1.0,1.0,8
A,bm25,q049,heldout,multi_fact,1,8.657400030642748,1,1.0,1,1.0,1.0,1.0,1.0,1.0,1.0,1.0,1.0,1.0,1.0,1.0,1.0,1.0,1.0,1.0,1.0,1.0,1.0,0.25,0.03994242533285355,1,1,1.0,3,1397,1.0,0.0,0.0,0,1.0,1.0,1,1.0,1.0,2,1.0,1.0,2,1.0,1.0,4,1.0,1.0,5,1.0,1.0,8
A,bm25,q050,heldout,paraphrase,1,8.454900002107024,0,0.5,2,0.0,0.0,1.0,1.0,1.0,1.0,1.0,1.0,1.0,1.0,1.0,1.0,1.0,1.0,1.0,1.0,0.6309297535714575,0.6309297535714575,0.25,0.05311231393775372,1,1,1.0,3,1530,,0.0,0.0,0,0.0,0.0,1,1.0,1.0,2,1.0,1.0,2,1.0,1.0,4,1.0,1.0,5,1.0,1.0,8
A,bm25,q051,heldout,negation,1,9.079599985852838,1,1.0,1,1.0,1.0,1.0,1.0,1.0,1.0,1.0,1.0,1.0,1.0,1.0,1.0,1.0,1.0,1.0,1.0,1.0,1.0,0.25,0.05191720393620631,1,1,0.5,1,1436,,0.0,0.0,0,1.0,1.0,1,1.0,1.0,2,1.0,1.0,2,1.0,1.0,4,1.0,1.0,5,1.0,1.0,8
A,bm25,q052,heldout,paraphrase,1,7.699500012677163,0,0.0,12,0.0,0.0,0.0,0.0,0.0,0.0,0.0,0.0,0.0,0.0,0.0,0.0,0.0,0.0,0.0,0.0,0.0,0.0,0.0,0.0,1,1,1.0,4,1442,,0.0,0.0,0,0.0,0.0,1,0.0,0.0,2,0.0,0.0,2,0.0,0.0,4,0.0,0.0,6,0.0,0.0,8
A,bm25,q053,heldout,paraphrase,1,8.303500013425946,0,0.0,,0.0,0.5426621160409556,0.0,0.5426621160409556,0.0,0.5426621160409556,0.0,0.5426621160409556,0.0,0.5426621160409556,0.0,0.5426621160409556,0.0,0.5426621160409556,0.0,0.5426621160409556,0.6528578687482276,0.6528578687482276,0.25,0.0697980684811238,1,1,0.5,1,1216,,0.0,0.0,0,0.0,0.5426621160409556,1,0.0,0.5426621160409556,2,0.0,0.5426621160409556,3,0.0,0.5426621160409556,4,0.0,0.5426621160409556,6,0.0,0.5426621160409556,9
A,bm25,q054,heldout,qualifier,1,7.7249999740161,1,1.0,1,1.0,1.0,1.0,1.0,1.0,1.0,1.0,1.0,1.0,1.0,1.0,1.0,1.0,1.0,1.0,1.0,1.0,1.0,0.5,0.0492542490461325,1,1,1.0,2,1448,,0.0,0.0,0,1.0,1.0,1,1.0,1.0,1,1.0,1.0,2,1.0,1.0,4,1.0,1.0,5,1.0,1.0,9
A,bm25,q055,heldout,paraphrase,1,9.091600019019097,1,1.0,1,1.0,1.0,1.0,1.0,1.0,1.0,1.0,1.0,1.0,1.0,1.0,1.0,1.0,1.0,1.0,1.0,1.0,1.0,0.25,0.061708860759493674,1,1,0.75,2,1292,,0.0,0.0,0,1.0,1.0,1,1.0,1.0,2,1.0,1.0,3,1.0,1.0,4,1.0,1.0,6,1.0,1.0,9
A,bm25,q056,heldout,paraphrase,1,8.01389996195212,1,1.0,1,1.0,1.0,1.0,1.0,1.0,1.0,1.0,1.0,1.0,1.0,1.0,1.0,1.0,1.0,1.0,1.0,0.9488947770172586,0.9488947770172586,0.5,0.04284621270084162,1,1,1.0,2,1341,,0.0,0.0,0,1.0,1.0,1,1.0,1.0,2,1.0,1.0,3,1.0,1.0,4,1.0,1.0,6,1.0,1.0,8
A,bm25,q057,heldout,paraphrase,1,8.297700027469546,0,0.2,5,0.0,0.0,0.0,0.0,0.0,0.0,0.0,0.0,1.0,1.0,1.0,1.0,1.0,1.0,1.0,1.0,0.0,0.38685280723454163,0.0,0.0,0,1,0.75,3,1391,,0.0,0.0,0,0.0,0.0,1,0.0,0.0,2,0.0,0.0,3,0.0,0.0,4,1.0,1.0,5,1.0,1.0,9
A,bm25,q058,heldout,multi_source,2,8.026099996641278,0,0.16666666666666666,6,0.0,0.0,0.0,0.0,0.0,0.0,0.0,0.0,0.0,0.0,0.5,0.5,1.0,1.0,1.0,1.0,0.0,0.41183384043543503,0.0,0.0,1,0,0.75,3,1371,,0.0,0.0,0,0.0,0.0,1,0.0,0.0,2,0.0,0.0,2,0.0,0.0,4,0.0,0.0,5,1.0,1.0,9
B,hybrid,q001,dev,exact_topic,1,32.29279996594414,1,1.0,1,1.0,1.0,1.0,1.0,1.0,1.0,1.0,1.0,1.0,1.0,1.0,1.0,1.0,1.0,1.0,1.0,1.0,1.0,0.25,0.1093519882179676,1,1,0.75,2,1213,,0.0,0.0,0,1.0,1.0,1,1.0,1.0,2,1.0,1.0,3,1.0,1.0,5,1.0,1.0,6,1.0,1.0,9
B,hybrid,q002,dev,symptom_only,1,29.873299994505942,1,1.0,1,1.0,1.0,1.0,1.0,1.0,1.0,1.0,1.0,1.0,1.0,1.0,1.0,1.0,1.0,1.0,1.0,1.0,1.0,0.25,0.04337431693989071,1,1,0.5,1,1331,,0.0,0.0,0,1.0,1.0,1,1.0,1.0,2,1.0,1.0,3,1.0,1.0,4,1.0,1.0,6,1.0,1.0,8
B,hybrid,q003,dev,qualifier,1,32.55800000624731,1,1.0,1,1.0,1.0,1.0,1.0,1.0,1.0,1.0,1.0,1.0,1.0,1.0,1.0,1.0,1.0,1.0,1.0,1.0,1.0,0.25,0.1293731778425656,1,1,1.0,3,1166,1.0,0.0,0.0,0,1.0,1.0,1,1.0,1.0,2,1.0,1.0,3,1.0,1.0,5,1.0,1.0,6,1.0,1.0,9
B,hybrid,q004,dev,exact_topic,1,31.56089998083189,1,1.0,1,1.0,1.0,1.0,1.0,1.0,1.0,1.0,1.0,1.0,1.0,1.0,1.0,1.0,1.0,1.0,1.0,1.0,1.0,0.25,0.04821494295178506,1,1,0.75,2,1342,,0.0,0.0,0,1.0,1.0,1,1.0,1.0,2,1.0,1.0,3,1.0,1.0,4,1.0,1.0,6,1.0,1.0,9
B,hybrid,q005,dev,mixed_language,1,30.447400000412017,1,1.0,1,1.0,1.0,1.0,1.0,1.0,1.0,1.0,1.0,1.0,1.0,1.0,1.0,1.0,1.0,1.0,1.0,1.0,1.0,0.25,0.11266968325791855,1,1,1.0,3,1097,,0.0,0.0,0,1.0,1.0,2,1.0,1.0,2,1.0,1.0,3,1.0,1.0,5,1.0,1.0,6,1.0,1.0,10
B,hybrid,q006,dev,qualifier,1,30.521900043822825,1,1.0,1,1.0,1.0,1.0,1.0,1.0,1.0,1.0,1.0,1.0,1.0,1.0,1.0,1.0,1.0,1.0,1.0,1.0,1.0,0.25,0.11764705882352941,1,1,0.75,2,1160,1.0,0.0,0.0,0,1.0,1.0,1,1.0,1.0,2,1.0,1.0,3,1.0,1.0,5,1.0,1.0,6,1.0,1.0,9
B,hybrid,q007,dev,mixed_language,1,29.781999997794628,1,1.0,1,1.0,1.0,1.0,1.0,1.0,1.0,1.0,1.0,1.0,1.0,1.0,1.0,1.0,1.0,1.0,1.0,1.0,1.0,0.25,0.04613841524573721,1,1,0.75,2,1366,,0.0,0.0,0,1.0,1.0,1,1.0,1.0,2,1.0,1.0,3,1.0,1.0,4,1.0,1.0,6,1.0,1.0,9
B,hybrid,q008,dev,qualifier,1,31.108600029256195,1,1.0,1,1.0,1.0,1.0,1.0,1.0,1.0,1.0,1.0,1.0,1.0,1.0,1.0,1.0,1.0,1.0,1.0,1.0,1.0,0.25,0.08877721943048576,1,1,1.0,3,1311,,0.0,0.0,0,1.0,1.0,1,1.0,1.0,2,1.0,1.0,3,1.0,1.0,4,1.0,1.0,6,1.0,1.0,9
B,hybrid,q009,dev,exact_topic,1,29.032299993559718,0,0.3333333333333333,3,0.0,0.0,0.0,0.0,1.0,1.0,1.0,1.0,1.0,1.0,1.0,1.0,1.0,1.0,1.0,1.0,0.5,0.5,0.25,0.058259081562714185,1,1,1.0,3,1387,,0.0,0.0,0,0.0,0.0,1,0.0,0.0,2,0.0,0.0,2,1.0,1.0,4,1.0,1.0,5,1.0,1.0,9
B,hybrid,q010,dev,mixed_language,1,29.703699983656406,1,1.0,1,1.0,1.0,1.0,1.0,1.0,1.0,1.0,1.0,1.0,1.0,1.0,1.0,1.0,1.0,1.0,1.0,1.0,1.0,0.25,0.056256392771905896,1,1,0.75,2,1410,,0.0,0.0,0,1.0,1.0,1,1.0,1.0,2,1.0,1.0,2,1.0,1.0,4,1.0,1.0,5,1.0,1.0,8
B,hybrid,q011,dev,exact_topic,1,31.969100004062057,0,0.5,2,0.0,0.4372093023255814,1.0,1.0,1.0,1.0,1.0,1.0,1.0,1.0,1.0,1.0,1.0,1.0,1.0,1.0,0.8371990681512717,0.8371990681512717,0.5,0.07439446366782007,1,1,1.0,2,1362,,0.0,0.0,0,0.0,0.4372093023255814,1,1.0,1.0,2,1.0,1.0,3,1.0,1.0,4,1.0,1.0,6,1.0,1.0,9
B,hybrid,q012,dev,paraphrase,1,29.336500039789826,0,0.5,2,0.0,0.0,1.0,1.0,1.0,1.0,1.0,1.0,1.0,1.0,1.0,1.0,1.0,1.0,1.0,1.0,0.6309297535714575,0.6309297535714575,0.25,0.04221546774738264,1,1,1.0,3,1391,,0.0,0.0,0,0.0,0.0,1,1.0,1.0,2,1.0,1.0,2,1.0,1.0,4,1.0,1.0,5,1.0,1.0,9
B,hybrid,q013,dev,no_accent,1,29.653800011146814,0,0.5,2,0.0,0.0,1.0,1.0,1.0,1.0,1.0,1.0,1.0,1.0,1.0,1.0,1.0,1.0,1.0,1.0,0.6309297535714575,0.6309297535714575,0.25,0.024759284731774415,1,1,1.0,3,1382,,0.0,0.0,0,0.0,0.0,1,1.0,1.0,2,1.0,1.0,2,1.0,1.0,4,1.0,1.0,5,1.0,1.0,8
B,hybrid,q014,dev,exact_topic,1,30.167699966114014,0,0.3333333333333333,3,0.0,0.0,0.0,0.0,1.0,1.0,1.0,1.0,1.0,1.0,1.0,1.0,1.0,1.0,1.0,1.0,0.5,0.5,0.25,0.06137061029662462,1,1,1.0,3,1228,,0.0,0.0,0,0.0,0.0,1,0.0,0.0,2,1.0,1.0,3,1.0,1.0,4,1.0,1.0,6,1.0,1.0,10
B,hybrid,q015,dev,paraphrase,1,28.448000026401132,0,0.25,4,0.0,0.0,0.0,0.0,0.0,0.0,1.0,1.0,1.0,1.0,1.0,1.0,1.0,1.0,1.0,1.0,0.43067655807339306,0.43067655807339306,0.25,0.05172413793103448,1,1,1.0,3,1163,,0.0,0.0,0,0.0,0.0,1,0.0,0.0,2,0.0,0.0,3,1.0,1.0,5,1.0,1.0,6,1.0,1.0,10
B,hybrid,q016,dev,confusable,1,28.8423000019975,1,1.0,1,1.0,1.0,1.0,1.0,1.0,1.0,1.0,1.0,1.0,1.0,1.0,1.0,1.0,1.0,1.0,1.0,0.8179947075158921,0.920750351718039,0.25,0.07903780068728522,1,1,0.75,2,1263,,0.0,0.0,0,1.0,1.0,1,1.0,1.0,2,1.0,1.0,3,1.0,1.0,4,1.0,1.0,6,1.0,1.0,9
B,hybrid,q017,dev,confusable,1,29.36659997794777,1,1.0,1,1.0,1.0,1.0,1.0,1.0,1.0,1.0,1.0,1.0,1.0,1.0,1.0,1.0,1.0,1.0,1.0,1.0,1.0,0.5,0.02838577291381669,1,1,1.0,2,1422,,0.0,0.0,0,1.0,1.0,1,1.0,1.0,2,1.0,1.0,2,1.0,1.0,4,1.0,1.0,5,1.0,1.0,8
B,hybrid,q018,dev,formula,1,28.30909995827824,1,1.0,1,1.0,1.0,1.0,1.0,1.0,1.0,1.0,1.0,1.0,1.0,1.0,1.0,1.0,1.0,1.0,1.0,1.0,1.0,0.25,0.080498484338161,1,1,1.0,3,1325,,0.0,0.0,0,1.0,1.0,1,1.0,1.0,2,1.0,1.0,3,1.0,1.0,4,1.0,1.0,6,1.0,1.0,9
B,hybrid,q019,dev,qualifier,1,28.580399986822158,1,1.0,1,1.0,1.0,1.0,1.0,1.0,1.0,1.0,1.0,1.0,1.0,1.0,1.0,1.0,1.0,1.0,1.0,1.0,1.0,0.25,0.032434277910549675,1,1,1.0,3,1336,,0.0,0.0,0,1.0,1.0,1,1.0,1.0,2,1.0,1.0,3,1.0,1.0,4,1.0,1.0,6,1.0,1.0,9
B,hybrid,q020,dev,qualifier,1,28.666600002907217,0,0.5,2,0.0,0.5135135135135135,1.0,1.0,1.0,1.0,1.0,1.0,1.0,1.0,1.0,1.0,1.0,1.0,1.0,1.0,0.8643890376769585,0.8643890376769585,0.5,0.039319872476089264,1,1,0.75,1,1337,,0.0,0.0,0,0.0,0.5135135135135135,1,1.0,1.0,2,1.0,1.0,3,1.0,1.0,4,1.0,1.0,6,1.0,1.0,9
B,hybrid,q021,dev,negation,1,28.456700034439564,0,0.3333333333333333,3,0.0,0.0,0.0,0.0,1.0,1.0,1.0,1.0,1.0,1.0,1.0,1.0,1.0,1.0,1.0,1.0,0.5,0.5,0.25,0.025741866285305684,1,1,0.5,1,1345,,0.0,0.0,0,0.0,0.0,1,0.0,0.0,2,1.0,1.0,3,1.0,1.0,4,1.0,1.0,6,1.0,1.0,9
B,hybrid,q022,dev,exact_topic,1,29.135099961422384,1,1.0,1,1.0,1.0,1.0,1.0,1.0,1.0,1.0,1.0,1.0,1.0,1.0,1.0,1.0,1.0,1.0,1.0,1.0,1.0,0.25,0.05918889294848374,1,1,0.5,1,1301,,0.0,0.0,0,1.0,1.0,1,1.0,1.0,2,1.0,1.0,3,1.0,1.0,4,1.0,1.0,6,1.0,1.0,9
B,hybrid,q023,dev,negation,1,30.549999966751784,0,0.125,8,0.0,0.0,0.0,0.0,0.0,0.0,0.0,0.0,0.0,0.6180555555555556,0.0,0.6180555555555556,1.0,1.0,1.0,1.0,0.0,0.3989794937711498,0.0,0.0,1,1,0.5,2,1434,,0.0,0.0,0,0.0,0.0,1,0.0,0.0,2,0.0,0.0,2,0.0,0.0,4,0.0,0.6180555555555556,5,1.0,1.0,8
B,hybrid,q024,dev,qualifier,1,31.278499984182417,1,1.0,1,1.0,1.0,1.0,1.0,1.0,1.0,1.0,1.0,1.0,1.0,1.0,1.0,1.0,1.0,1.0,1.0,1.0,1.0,0.25,0.040197693574958816,1,1,0.75,2,1371,,0.0,0.0,0,1.0,1.0,1,1.0,1.0,2,1.0,1.0,3,1.0,1.0,4,1.0,1.0,6,1.0,1.0,9
B,hybrid,q025,dev,mixed_language,1,30.12409998336807,1,1.0,1,1.0,1.0,1.0,1.0,1.0,1.0,1.0,1.0,1.0,1.0,1.0,1.0,1.0,1.0,1.0,1.0,1.0,1.0,0.25,0.03389830508474576,1,1,1.0,3,1508,,0.0,0.0,0,1.0,1.0,1,1.0,1.0,2,1.0,1.0,2,1.0,1.0,4,1.0,1.0,5,1.0,1.0,8
B,hybrid,q026,dev,exact_topic,1,30.17420001560822,0,0.5,2,0.0,0.0,1.0,1.0,1.0,1.0,1.0,1.0,1.0,1.0,1.0,1.0,1.0,1.0,1.0,1.0,0.6309297535714575,0.6309297535714575,0.25,0.030889341479972843,1,1,1.0,3,1521,,0.0,0.0,0,0.0,0.0,1,0.0,0.0,1,1.0,1.0,2,1.0,1.0,4,1.0,1.0,5,1.0,1.0,8
B,hybrid,q027,dev,exact_topic,1,29.067300027236342,0,0.5,2,0.0,0.0,1.0,1.0,1.0,1.0,1.0,1.0,1.0,1.0,1.0,1.0,1.0,1.0,1.0,1.0,0.6309297535714575,0.6309297535714575,0.25,0.032290958531611146,1,1,1.0,3,1437,,0.0,0.0,0,0.0,0.0,1,1.0,1.0,2,1.0,1.0,2,1.0,1.0,4,1.0,1.0,5,1.0,1.0,8
B,hybrid,q028,dev,acronym,1,28.960200026631355,1,1.0,1,1.0,1.0,1.0,1.0,1.0,1.0,1.0,1.0,1.0,1.0,1.0,1.0,1.0,1.0,1.0,1.0,1.0,1.0,0.25,0.04726536124240378,1,1,1.0,3,1446,,0.0,0.0,0,1.0,1.0,1,1.0,1.0,2,1.0,1.0,2,1.0,1.0,4,1.0,1.0,5,1.0,1.0,8
B,hybrid,q029,dev,negation,1,30.5106999585405,1,1.0,1,1.0,1.0,1.0,1.0,1.0,1.0,1.0,1.0,1.0,1.0,1.0,1.0,1.0,1.0,1.0,1.0,1.0,1.0,0.5,0.055197421434327154,1,1,1.0,2,1231,,0.0,0.0,0,1.0,1.0,1,1.0,1.0,2,1.0,1.0,3,1.0,1.0,4,1.0,1.0,6,1.0,1.0,9
B,hybrid,q030,dev,exact_topic,1,29.463900020346045,1,1.0,1,1.0,1.0,1.0,1.0,1.0,1.0,1.0,1.0,1.0,1.0,1.0,1.0,1.0,1.0,1.0,1.0,1.0,1.0,0.25,0.03804737975592247,1,1,1.0,3,1455,,0.0,0.0,0,1.0,1.0,1,1.0,1.0,2,1.0,1.0,2,1.0,1.0,4,1.0,1.0,5,1.0,1.0,8
B,hybrid,q031,dev,exact_topic,1,29.329400043934584,0,0.5,2,0.0,0.0,1.0,1.0,1.0,1.0,1.0,1.0,1.0,1.0,1.0,1.0,1.0,1.0,1.0,1.0,0.6309297535714575,0.6309297535714575,0.25,0.04030844724851034,1,1,1.0,3,1502,,0.0,0.0,0,0.0,0.0,1,1.0,1.0,2,1.0,1.0,2,1.0,1.0,4,1.0,1.0,5,1.0,1.0,8
B,hybrid,q032,dev,confusable,1,29.57279997644946,0,0.25,4,0.0,0.3333333333333333,0.0,0.3333333333333333,0.0,0.3333333333333333,1.0,1.0,1.0,1.0,1.0,1.0,1.0,1.0,1.0,1.0,0.6312514506692649,0.6312514506692649,0.5,0.05110732538330494,1,1,0.75,1,1442,,0.0,0.0,0,0.0,0.3333333333333333,1,0.0,0.3333333333333333,2,0.0,0.3333333333333333,2,1.0,1.0,4,1.0,1.0,5,1.0,1.0,9
B,hybrid,q033,dev,symptom_only,1,30.011800001375377,0,0.3333333333333333,3,0.0,0.34615384615384615,0.0,0.34615384615384615,1.0,1.0,1.0,1.0,1.0,1.0,1.0,1.0,1.0,1.0,1.0,1.0,0.6944802254742825,0.6944802254742825,0.5,0.04475043029259897,1,1,0.75,1,1478,,0.0,0.0,0,0.0,0.34615384615384615,1,0.0,0.34615384615384615,2,0.0,0.34615384615384615,2,1.0,1.0,4,1.0,1.0,5,1.0,1.0,8
B,hybrid,q034,dev,paraphrase,1,28.415400010999292,0,0.5,2,0.0,0.0,1.0,1.0,1.0,1.0,1.0,1.0,1.0,1.0,1.0,1.0,1.0,1.0,1.0,1.0,0.6309297535714575,0.6309297535714575,0.25,0.06852589641434263,1,1,0.75,2,1382,,0.0,0.0,0,0.0,0.0,1,0.0,0.0,1,1.0,1.0,2,1.0,1.0,4,1.0,1.0,5,1.0,1.0,8
B,hybrid,q035,dev,exact_topic,1,29.382599983364344,0,0.5,2,0.0,0.7933884297520661,1.0,1.0,1.0,1.0,1.0,1.0,1.0,1.0,1.0,1.0,1.0,1.0,1.0,1.0,0.9491832684312451,0.9491832684312451,0.5,0.04040066777963272,1,1,1.0,2,1645,,0.0,0.0,0,0.0,0.7933884297520661,1,0.0,0.7933884297520661,1,1.0,1.0,2,1.0,1.0,3,1.0,1.0,5,1.0,1.0,7
B,hybrid,q036,dev,exact_topic,1,28.460700006689876,1,1.0,1,1.0,1.0,1.0,1.0,1.0,1.0,1.0,1.0,1.0,1.0,1.0,1.0,1.0,1.0,1.0,1.0,1.0,1.0,0.25,0.040507220852412824,1,1,1.0,3,1529,,0.0,0.0,0,1.0,1.0,1,1.0,1.0,2,1.0,1.0,2,1.0,1.0,4,1.0,1.0,5,1.0,1.0,8
B,hybrid,q037,dev,multi_host,1,28.98900001309812,0,0.3333333333333333,3,0.0,0.0,0.0,0.0,1.0,1.0,1.0,1.0,1.0,1.0,1.0,1.0,1.0,1.0,1.0,1.0,0.42393045455162814,0.5172141110448555,0.25,0.038914673330953234,1,1,1.0,3,1483,,0.0,0.0,0,0.0,0.0,1,0.0,0.0,2,0.0,0.0,2,1.0,1.0,4,1.0,1.0,6,1.0,1.0,8
B,hybrid,q038,dev,confusable,1,29.21300003072247,0,0.3333333333333333,3,0.0,0.0,0.0,0.0,1.0,1.0,1.0,1.0,1.0,1.0,1.0,1.0,1.0,1.0,1.0,1.0,0.5,0.5,0.25,0.04073319755600815,1,1,0.75,2,1515,,0.0,0.0,0,0.0,0.0,1,0.0,0.0,1,0.0,0.0,2,1.0,1.0,4,1.0,1.0,5,1.0,1.0,8
B,hybrid,q039,dev,acronym,1,26.66309999767691,1,1.0,1,1.0,1.0,1.0,1.0,1.0,1.0,1.0,1.0,1.0,1.0,1.0,1.0,1.0,1.0,1.0,1.0,1.0,1.0,0.25,0.016498316498316498,1,1,1.0,3,1495,,0.0,0.0,0,1.0,1.0,1,1.0,1.0,2,1.0,1.0,2,1.0,1.0,4,1.0,1.0,5,1.0,1.0,8
B,hybrid,q040,dev,acronym,1,26.7578000202775,1,1.0,1,1.0,1.0,1.0,1.0,1.0,1.0,1.0,1.0,1.0,1.0,1.0,1.0,1.0,1.0,1.0,1.0,1.0,1.0,0.25,0.023890784982935155,1,1,1.0,3,1530,,0.0,0.0,0,1.0,1.0,1,1.0,1.0,2,1.0,1.0,2,1.0,1.0,4,1.0,1.0,5,1.0,1.0,8
B,hybrid,q041,heldout,no_accent,1,27.423899970017374,0,0.0,,0.0,0.5541666666666667,0.0,0.5541666666666667,1.0,1.0,1.0,1.0,1.0,1.0,1.0,1.0,1.0,1.0,1.0,1.0,0.9301305684979585,0.9301305684979585,0.5,0.08353637312913331,1,1,0.75,1,1288,,0.0,0.0,0,0.0,0.5541666666666667,1,0.0,0.5541666666666667,2,1.0,1.0,3,1.0,1.0,4,1.0,1.0,6,1.0,1.0,9
B,hybrid,q042,heldout,multi_fact,1,29.189700027927756,1,1.0,1,1.0,1.0,1.0,1.0,1.0,1.0,1.0,1.0,1.0,1.0,1.0,1.0,1.0,1.0,1.0,1.0,1.0,1.0,0.25,0.08066220500176119,1,1,0.5,1,1385,,0.0,0.0,0,1.0,1.0,1,1.0,1.0,2,1.0,1.0,2,1.0,1.0,4,1.0,1.0,5,1.0,1.0,9
B,hybrid,q043,heldout,qualifier,1,28.699500020593405,0,0.5,2,0.0,0.0,1.0,1.0,1.0,1.0,1.0,1.0,1.0,1.0,1.0,1.0,1.0,1.0,1.0,1.0,0.6309297535714575,0.6309297535714575,0.25,0.050497866287339974,1,1,1.0,3,1282,,0.0,0.0,0,0.0,0.0,1,1.0,1.0,2,1.0,1.0,3,1.0,1.0,5,1.0,1.0,6,1.0,1.0,9
B,hybrid,q044,heldout,qualifier,1,30.752499995287508,1,1.0,1,1.0,1.0,1.0,1.0,1.0,1.0,1.0,1.0,1.0,1.0,1.0,1.0,1.0,1.0,1.0,1.0,1.0,1.0,0.25,0.12473794549266247,1,1,0.75,2,1384,,0.0,0.0,0,1.0,1.0,1,1.0,1.0,2,1.0,1.0,3,1.0,1.0,4,1.0,1.0,5,1.0,1.0,9
B,hybrid,q045,heldout,qualifier,1,31.35360003216192,1,1.0,1,1.0,1.0,1.0,1.0,1.0,1.0,1.0,1.0,1.0,1.0,1.0,1.0,1.0,1.0,1.0,1.0,1.0,1.0,0.25,0.0782312925170068,1,1,1.0,3,1414,1.0,0.0,0.0,0,1.0,1.0,1,1.0,1.0,2,1.0,1.0,2,1.0,1.0,4,1.0,1.0,5,1.0,1.0,9
B,hybrid,q046,heldout,mixed_language,1,28.217700019013137,1,1.0,1,1.0,1.0,1.0,1.0,1.0,1.0,1.0,1.0,1.0,1.0,1.0,1.0,1.0,1.0,1.0,1.0,0.8054409386009826,0.9082305440986317,0.25,0.0684931506849315,1,1,1.0,3,1280,,0.0,0.0,0,1.0,1.0,1,1.0,1.0,2,1.0,1.0,2,1.0,1.0,5,1.0,1.0,6,1.0,1.0,9
B,hybrid,q047,heldout,paraphrase,1,26.0998000157997,1,1.0,1,1.0,1.0,1.0,1.0,1.0,1.0,1.0,1.0,1.0,1.0,1.0,1.0,1.0,1.0,1.0,1.0,1.0,1.0,0.25,0.039337474120082816,1,1,1.0,3,1237,,0.0,0.0,0,1.0,1.0,1,1.0,1.0,2,1.0,1.0,3,1.0,1.0,4,1.0,1.0,6,1.0,1.0,10
B,hybrid,q048,heldout,exact_topic,1,27.203100034967065,1,1.0,1,1.0,1.0,1.0,1.0,1.0,1.0,1.0,1.0,1.0,1.0,1.0,1.0,1.0,1.0,1.0,1.0,1.0,1.0,0.25,0.03272604588394062,1,1,1.0,3,1419,,0.0,0.0,0,1.0,1.0,1,1.0,1.0,2,1.0,1.0,2,1.0,1.0,4,1.0,1.0,5,1.0,1.0,9
B,hybrid,q049,heldout,multi_fact,1,26.99800004484132,1,1.0,1,1.0,1.0,1.0,1.0,1.0,1.0,1.0,1.0,1.0,1.0,1.0,1.0,1.0,1.0,1.0,1.0,1.0,1.0,0.5,0.038302277432712216,1,1,1.0,2,1315,1.0,0.0,0.0,0,1.0,1.0,1,1.0,1.0,2,1.0,1.0,3,1.0,1.0,4,1.0,1.0,6,1.0,1.0,9
B,hybrid,q050,heldout,paraphrase,1,27.5382999680005,0,0.0,,0.0,0.0,0.0,0.0,0.0,0.0,0.0,0.7197452229299363,0.0,0.7197452229299363,0.0,0.7197452229299363,1.0,1.0,1.0,1.0,0.2557420592606754,0.45301633381439654,0.25,0.03863247863247863,1,1,1.0,3,1311,,0.0,0.0,0,0.0,0.0,1,0.0,0.0,2,0.0,0.0,3,0.0,0.7197452229299363,4,0.0,0.7197452229299363,6,1.0,1.0,9
B,hybrid,q051,heldout,negation,1,30.94319999217987,1,1.0,1,1.0,1.0,1.0,1.0,1.0,1.0,1.0,1.0,1.0,1.0,1.0,1.0,1.0,1.0,1.0,1.0,1.0,1.0,0.25,0.051,1,1,1.0,3,1507,,0.0,0.0,0,1.0,1.0,1,1.0,1.0,2,1.0,1.0,2,1.0,1.0,4,1.0,1.0,5,1.0,1.0,8
B,hybrid,q052,heldout,paraphrase,1,32.38009999040514,0,0.14285714285714285,7,0.0,0.0,0.0,0.0,0.0,0.0,0.0,0.0,0.0,0.0,0.0,0.0,1.0,1.0,1.0,1.0,0.0,0.3333333333333333,0.0,0.0,1,1,1.0,4,1432,,0.0,0.0,0,0.0,0.0,1,0.0,0.0,2,0.0,0.0,2,0.0,0.0,4,0.0,0.0,5,1.0,1.0,8
B,hybrid,q053,heldout,paraphrase,1,28.653100016526878,0,0.0,,0.0,0.5426621160409556,0.0,0.5426621160409556,0.0,0.5426621160409556,0.0,0.5426621160409556,1.0,1.0,1.0,1.0,1.0,1.0,1.0,1.0,0.6528578687482276,0.8657070920158701,0.25,0.05349932705248991,1,1,1.0,3,1436,,0.0,0.0,0,0.0,0.5426621160409556,1,0.0,0.5426621160409556,2,0.0,0.5426621160409556,2,0.0,0.5426621160409556,4,1.0,1.0,5,1.0,1.0,8
B,hybrid,q054,heldout,qualifier,1,37.01049997471273,0,0.5,2,0.0,0.0,1.0,1.0,1.0,1.0,1.0,1.0,1.0,1.0,1.0,1.0,1.0,1.0,1.0,1.0,0.6671314981912932,0.6671314981912932,0.5,0.05403348554033485,1,1,1.0,2,1351,,0.0,0.0,0,0.0,0.0,1,1.0,1.0,2,1.0,1.0,2,1.0,1.0,4,1.0,1.0,6,1.0,1.0,9
B,hybrid,q055,heldout,paraphrase,1,39.78529997402802,1,1.0,1,1.0,1.0,1.0,1.0,1.0,1.0,1.0,1.0,1.0,1.0,1.0,1.0,1.0,1.0,1.0,1.0,1.0,1.0,0.25,0.05575411007862759,1,1,0.75,2,1504,,0.0,0.0,0,1.0,1.0,1,1.0,1.0,2,1.0,1.0,2,1.0,1.0,4,1.0,1.0,5,1.0,1.0,8
B,hybrid,q056,heldout,paraphrase,1,27.967200032435358,1,1.0,1,1.0,1.0,1.0,1.0,1.0,1.0,1.0,1.0,1.0,1.0,1.0,1.0,1.0,1.0,1.0,1.0,1.0,1.0,0.25,0.03748326639892905,1,1,1.0,3,1593,,0.0,0.0,0,1.0,1.0,1,1.0,1.0,1,1.0,1.0,2,1.0,1.0,3,1.0,1.0,5,1.0,1.0,8
B,hybrid,q057,heldout,paraphrase,1,29.7549000242725,1,1.0,1,1.0,1.0,1.0,1.0,1.0,1.0,1.0,1.0,1.0,1.0,1.0,1.0,1.0,1.0,1.0,1.0,1.0,1.0,0.25,0.05241935483870968,1,1,1.0,3,1242,,0.0,0.0,0,1.0,1.0,1,1.0,1.0,2,1.0,1.0,2,1.0,1.0,4,1.0,1.0,6,1.0,1.0,9
B,hybrid,q058,heldout,multi_source,2,31.463699997402728,0,0.5,2,0.0,0.0,0.5,0.5,0.5,0.5,1.0,1.0,1.0,1.0,1.0,1.0,1.0,1.0,1.0,1.0,0.6509209298071326,0.6509209298071326,0.5,0.08927335640138408,1,1,0.75,1,1293,,0.0,0.0,0,0.0,0.0,1,0.5,0.5,2,0.5,0.5,3,1.0,1.0,4,1.0,1.0,6,1.0,1.0,9
B,semantic,q001,dev,exact_topic,1,20.446899987291545,1,1.0,1,1.0,1.0,1.0,1.0,1.0,1.0,1.0,1.0,1.0,1.0,1.0,1.0,1.0,1.0,1.0,1.0,1.0,1.0,0.25,0.10454065469904963,1,1,0.75,2,1251,,0.0,0.0,0,1.0,1.0,1,1.0,1.0,2,1.0,1.0,3,1.0,1.0,4,1.0,1.0,6,1.0,1.0,9
B,semantic,q002,dev,symptom_only,1,20.642199961002916,1,1.0,1,1.0,1.0,1.0,1.0,1.0,1.0,1.0,1.0,1.0,1.0,1.0,1.0,1.0,1.0,1.0,1.0,1.0,1.0,0.25,0.04337431693989071,1,1,0.5,1,1331,,0.0,0.0,0,1.0,1.0,1,1.0,1.0,2,1.0,1.0,3,1.0,1.0,4,1.0,1.0,5,1.0,1.0,9
B,semantic,q003,dev,qualifier,1,19.943199993576854,1,1.0,1,1.0,1.0,1.0,1.0,1.0,1.0,1.0,1.0,1.0,1.0,1.0,1.0,1.0,1.0,1.0,1.0,1.0,1.0,0.25,0.12719455392332496,1,1,0.75,2,1166,1.0,0.0,0.0,0,1.0,1.0,1,1.0,1.0,2,1.0,1.0,3,1.0,1.0,5,1.0,1.0,6,1.0,1.0,10
B,semantic,q004,dev,exact_topic,1,20.257299998775125,1,1.0,1,1.0,1.0,1.0,1.0,1.0,1.0,1.0,1.0,1.0,1.0,1.0,1.0,1.0,1.0,1.0,1.0,1.0,1.0,0.25,0.0453601108033241,1,1,0.5,1,1356,,0.0,0.0,0,1.0,1.0,1,1.0,1.0,2,1.0,1.0,2,1.0,1.0,4,1.0,1.0,5,1.0,1.0,8
B,semantic,q005,dev,mixed_language,1,20.592500048223883,1,1.0,1,1.0,1.0,1.0,1.0,1.0,1.0,1.0,1.0,1.0,1.0,1.0,1.0,1.0,1.0,1.0,1.0,1.0,1.0,0.25,0.1096433289299868,1,1,1.0,3,1093,,0.0,0.0,0,1.0,1.0,2,1.0,1.0,2,1.0,1.0,3,1.0,1.0,5,1.0,1.0,6,1.0,1.0,10
B,semantic,q006,dev,qualifier,1,19.82990000396967,1,1.0,1,1.0,1.0,1.0,1.0,1.0,1.0,1.0,1.0,1.0,1.0,1.0,1.0,1.0,1.0,1.0,1.0,1.0,1.0,0.25,0.10891870560378848,1,1,0.5,1,1170,1.0,0.0,0.0,0,1.0,1.0,1,1.0,1.0,2,1.0,1.0,2,1.0,1.0,5,1.0,1.0,6,1.0,1.0,9
B,semantic,q007,dev,mixed_language,1,20.147999981418252,1,1.0,1,1.0,1.0,1.0,1.0,1.0,1.0,1.0,1.0,1.0,1.0,1.0,1.0,1.0,1.0,1.0,1.0,1.0,1.0,0.25,0.04742268041237113,1,1,0.5,1,1339,,0.0,0.0,0,1.0,1.0,1,1.0,1.0,2,1.0,1.0,3,1.0,1.0,4,1.0,1.0,6,1.0,1.0,9
B,semantic,q008,dev,qualifier,1,20.52889997139573,1,1.0,1,1.0,1.0,1.0,1.0,1.0,1.0,1.0,1.0,1.0,1.0,1.0,1.0,1.0,1.0,1.0,1.0,1.0,1.0,0.25,0.08877721943048576,1,1,0.75,2,1346,,0.0,0.0,0,1.0,1.0,1,1.0,1.0,2,1.0,1.0,3,1.0,1.0,4,1.0,1.0,6,1.0,1.0,8
B,semantic,q009,dev,exact_topic,1,19.6577999740839,0,0.3333333333333333,3,0.0,0.0,0.0,0.0,1.0,1.0,1.0,1.0,1.0,1.0,1.0,1.0,1.0,1.0,1.0,1.0,0.5,0.5,0.25,0.05819924683327628,1,1,1.0,3,1401,,0.0,0.0,0,0.0,0.0,1,0.0,0.0,2,0.0,0.0,2,1.0,1.0,4,1.0,1.0,5,1.0,1.0,9
B,semantic,q010,dev,mixed_language,1,20.014499954413623,1,1.0,1,1.0,1.0,1.0,1.0,1.0,1.0,1.0,1.0,1.0,1.0,1.0,1.0,1.0,1.0,1.0,1.0,1.0,1.0,0.25,0.05616065350578625,1,1,0.5,1,1452,,0.0,0.0,0,1.0,1.0,1,1.0,1.0,2,1.0,1.0,2,1.0,1.0,4,1.0,1.0,5,1.0,1.0,8
B,semantic,q011,dev,exact_topic,1,20.090100006200373,1,1.0,1,1.0,1.0,1.0,1.0,1.0,1.0,1.0,1.0,1.0,1.0,1.0,1.0,1.0,1.0,1.0,1.0,1.0,1.0,0.5,0.07496513249651325,1,1,1.0,2,1346,,0.0,0.0,0,1.0,1.0,1,1.0,1.0,2,1.0,1.0,3,1.0,1.0,4,1.0,1.0,6,1.0,1.0,10
B,semantic,q012,dev,paraphrase,1,18.65670003462583,1,1.0,1,1.0,1.0,1.0,1.0,1.0,1.0,1.0,1.0,1.0,1.0,1.0,1.0,1.0,1.0,1.0,1.0,1.0,1.0,0.25,0.04280821917808219,1,1,0.75,2,1380,,0.0,0.0,0,1.0,1.0,1,1.0,1.0,2,1.0,1.0,2,1.0,1.0,4,1.0,1.0,5,1.0,1.0,8
B,semantic,q013,dev,no_accent,1,17.31110003311187,0,0.0,19,0.0,0.0,0.0,0.0,0.0,0.0,0.0,0.0,0.0,0.0,0.0,0.0,0.0,0.0,0.0,0.0,0.0,0.0,0.0,0.0,0,0,0.0,0,1397,,0.0,0.0,0,0.0,0.0,1,0.0,0.0,2,0.0,0.0,2,0.0,0.0,4,0.0,0.0,5,0.0,0.0,8
B,semantic,q014,dev,exact_topic,1,18.125600006897002,0,0.5,2,0.0,0.0,1.0,1.0,1.0,1.0,1.0,1.0,1.0,1.0,1.0,1.0,1.0,1.0,1.0,1.0,0.6309297535714575,0.6309297535714575,0.25,0.06130790190735695,1,1,1.0,3,1240,,0.0,0.0,0,0.0,0.0,1,1.0,1.0,2,1.0,1.0,3,1.0,1.0,4,1.0,1.0,6,1.0,1.0,9
B,semantic,q015,dev,paraphrase,1,16.793699993286282,1,1.0,1,1.0,1.0,1.0,1.0,1.0,1.0,1.0,1.0,1.0,1.0,1.0,1.0,1.0,1.0,1.0,1.0,1.0,1.0,0.25,0.05131713992473486,1,1,1.0,3,1188,,0.0,0.0,0,1.0,1.0,1,1.0,1.0,2,1.0,1.0,3,1.0,1.0,5,1.0,1.0,7,1.0,1.0,10
B,semantic,q016,dev,confusable,1,18.82679999107495,1,1.0,1,1.0,1.0,1.0,1.0,1.0,1.0,1.0,1.0,1.0,1.0,1.0,1.0,1.0,1.0,1.0,1.0,0.8179947075158921,0.8179947075158921,0.25,0.07741211667913239,1,1,0.75,2,1249,,0.0,0.0,0,1.0,1.0,1,1.0,1.0,2,1.0,1.0,3,1.0,1.0,4,1.0,1.0,6,1.0,1.0,9
B,semantic,q017,dev,confusable,1,18.198000034317374,0,0.5,2,0.0,0.5301204819277109,1.0,1.0,1.0,1.0,1.0,1.0,1.0,1.0,1.0,1.0,1.0,1.0,1.0,1.0,0.8700467545793457,0.8700467545793457,0.5,0.02838577291381669,1,1,1.0,2,1422,,0.0,0.0,0,0.0,0.5301204819277109,1,1.0,1.0,2,1.0,1.0,2,1.0,1.0,4,1.0,1.0,5,1.0,1.0,9
B,semantic,q018,dev,formula,1,16.297199996188283,1,1.0,1,1.0,1.0,1.0,1.0,1.0,1.0,1.0,1.0,1.0,1.0,1.0,1.0,1.0,1.0,1.0,1.0,1.0,1.0,0.25,0.07916528651871481,1,1,1.0,3,1337,,0.0,0.0,0,1.0,1.0,1,1.0,1.0,2,1.0,1.0,2,1.0,1.0,4,1.0,1.0,6,1.0,1.0,9
B,semantic,q019,dev,qualifier,1,18.37040000827983,1,1.0,1,1.0,1.0,1.0,1.0,1.0,1.0,1.0,1.0,1.0,1.0,1.0,1.0,1.0,1.0,1.0,1.0,1.0,1.0,0.25,0.032623626373626376,1,1,1.0,3,1307,,0.0,0.0,0,1.0,1.0,1,1.0,1.0,2,1.0,1.0,3,1.0,1.0,4,1.0,1.0,6,1.0,1.0,9
B,semantic,q020,dev,qualifier,1,19.5273999706842,1,1.0,1,1.0,1.0,1.0,1.0,1.0,1.0,1.0,1.0,1.0,1.0,1.0,1.0,1.0,1.0,1.0,1.0,1.0,1.0,0.5,0.039319872476089264,1,1,0.75,1,1337,,0.0,0.0,0,1.0,1.0,1,1.0,1.0,2,1.0,1.0,3,1.0,1.0,4,1.0,1.0,6,1.0,1.0,9
B,semantic,q021,dev,negation,1,17.27260003099218,0,0.3333333333333333,3,0.0,0.0,0.0,0.0,1.0,1.0,1.0,1.0,1.0,1.0,1.0,1.0,1.0,1.0,1.0,1.0,0.5,0.5,0.25,0.025741866285305684,1,1,0.5,1,1345,,0.0,0.0,0,0.0,0.0,1,0.0,0.0,2,1.0,1.0,3,1.0,1.0,4,1.0,1.0,6,1.0,1.0,9
B,semantic,q022,dev,exact_topic,1,16.724999994039536,1,1.0,1,1.0,1.0,1.0,1.0,1.0,1.0,1.0,1.0,1.0,1.0,1.0,1.0,1.0,1.0,1.0,1.0,1.0,1.0,0.25,0.05899490167516387,1,1,0.5,1,1310,,0.0,0.0,0,1.0,1.0,1,1.0,1.0,2,1.0,1.0,3,1.0,1.0,4,1.0,1.0,6,1.0,1.0,9
B,semantic,q023,dev,negation,1,16.701100044883788,0,0.1111111111111111,9,0.0,0.0,0.0,0.0,0.0,0.0,0.0,0.0,0.0,0.0,0.0,0.6180555555555556,0.0,0.6180555555555556,1.0,1.0,0.0,0.3749674173985465,0.0,0.0,1,1,0.5,2,1433,,0.0,0.0,0,0.0,0.0,1,0.0,0.0,2,0.0,0.0,2,0.0,0.0,4,0.0,0.0,5,0.0,0.6180555555555556,8
B,semantic,q024,dev,qualifier,1,17.424699966795743,1,1.0,1,1.0,1.0,1.0,1.0,1.0,1.0,1.0,1.0,1.0,1.0,1.0,1.0,1.0,1.0,1.0,1.0,1.0,1.0,0.25,0.04065311562812396,1,1,1.0,3,1464,,0.0,0.0,0,1.0,1.0,1,1.0,1.0,2,1.0,1.0,2,1.0,1.0,4,1.0,1.0,5,1.0,1.0,8
B,semantic,q025,dev,mixed_language,1,16.87580003635958,1,1.0,1,1.0,1.0,1.0,1.0,1.0,1.0,1.0,1.0,1.0,1.0,1.0,1.0,1.0,1.0,1.0,1.0,1.0,1.0,0.25,0.03363605785401951,1,1,1.0,3,1508,,0.0,0.0,0,1.0,1.0,1,1.0,1.0,1,1.0,1.0,2,1.0,1.0,4,1.0,1.0,5,1.0,1.0,8
B,semantic,q026,dev,exact_topic,1,17.89759995881468,0,0.25,4,0.0,0.0,0.0,0.0,0.0,0.0,1.0,1.0,1.0,1.0,1.0,1.0,1.0,1.0,1.0,1.0,0.43067655807339306,0.43067655807339306,0.25,0.030889341479972843,1,1,1.0,3,1521,,0.0,0.0,0,0.0,0.0,1,0.0,0.0,1,0.0,0.0,2,1.0,1.0,4,1.0,1.0,5,1.0,1.0,8
B,semantic,q027,dev,exact_topic,1,16.809400054626167,0,0.25,4,0.0,0.0,0.0,0.0,0.0,0.0,1.0,1.0,1.0,1.0,1.0,1.0,1.0,1.0,1.0,1.0,0.43067655807339306,0.43067655807339306,0.25,0.03250085528566541,1,1,1.0,3,1445,,0.0,0.0,0,0.0,0.0,1,0.0,0.0,2,0.0,0.0,2,1.0,1.0,4,1.0,1.0,5,1.0,1.0,8
B,semantic,q028,dev,acronym,1,23.26529996935278,1,1.0,1,1.0,1.0,1.0,1.0,1.0,1.0,1.0,1.0,1.0,1.0,1.0,1.0,1.0,1.0,1.0,1.0,1.0,1.0,0.25,0.04726536124240378,1,1,1.0,3,1446,,0.0,0.0,0,1.0,1.0,1,1.0,1.0,2,1.0,1.0,2,1.0,1.0,4,1.0,1.0,5,1.0,1.0,8
B,semantic,q029,dev,negation,1,20.055699977092445,0,0.5,2,0.0,0.7518248175182481,1.0,1.0,1.0,1.0,1.0,1.0,1.0,1.0,1.0,1.0,1.0,1.0,1.0,1.0,0.9378748873599536,0.9378748873599536,0.5,0.055286521388216305,1,1,1.0,2,1220,,0.0,0.0,0,0.0,0.7518248175182481,1,1.0,1.0,2,1.0,1.0,3,1.0,1.0,4,1.0,1.0,6,1.0,1.0,9
B,semantic,q030,dev,exact_topic,1,18.60139996279031,0,0.25,4,0.0,0.0,0.0,0.0,0.0,0.0,1.0,1.0,1.0,1.0,1.0,1.0,1.0,1.0,1.0,1.0,0.43067655807339306,0.43067655807339306,0.25,0.037037037037037035,1,1,1.0,3,1469,,0.0,0.0,0,0.0,0.0,1,0.0,0.0,2,0.0,0.0,2,1.0,1.0,4,1.0,1.0,5,1.0,1.0,8
B,semantic,q031,dev,exact_topic,1,17.36440003151074,0,0.5,2,0.0,0.0,1.0,1.0,1.0,1.0,1.0,1.0,1.0,1.0,1.0,1.0,1.0,1.0,1.0,1.0,0.6309297535714575,0.6309297535714575,0.25,0.039532485390168445,1,1,1.0,3,1509,,0.0,0.0,0,0.0,0.0,1,1.0,1.0,2,1.0,1.0,2,1.0,1.0,4,1.0,1.0,6,1.0,1.0,8
B,semantic,q032,dev,confusable,1,17.59420003509149,0,0.14285714285714285,7,0.0,0.0,0.0,0.3333333333333333,0.0,0.3333333333333333,0.0,0.3333333333333333,0.0,0.3333333333333333,0.0,0.3333333333333333,1.0,1.0,1.0,1.0,0.17376534287143997,0.44917689524762666,0.25,0.021114864864864864,1,1,1.0,3,1263,,0.0,0.0,0,0.0,0.0,1,0.0,0.3333333333333333,2,0.0,0.3333333333333333,2,0.0,0.3333333333333333,4,0.0,0.3333333333333333,6,1.0,1.0,9
B,semantic,q033,dev,symptom_only,1,21.303199988324195,0,0.3333333333333333,3,0.0,0.34615384615384615,0.0,0.34615384615384615,1.0,1.0,1.0,1.0,1.0,1.0,1.0,1.0,1.0,1.0,1.0,1.0,0.6944802254742825,0.6944802254742825,0.5,0.04475043029259897,1,1,0.75,1,1478,,0.0,0.0,0,0.0,0.34615384615384615,1,0.0,0.34615384615384615,2,0.0,0.34615384615384615,2,1.0,1.0,4,1.0,1.0,5,1.0,1.0,8
B,semantic,q034,dev,paraphrase,1,18.186200002674013,0,0.5,2,0.0,0.0,1.0,1.0,1.0,1.0,1.0,1.0,1.0,1.0,1.0,1.0,1.0,1.0,1.0,1.0,0.6309297535714575,0.6309297535714575,0.25,0.059494984434451746,1,1,0.75,2,1545,,0.0,0.0,0,0.0,0.0,1,0.0,0.0,1,1.0,1.0,2,1.0,1.0,3,1.0,1.0,5,1.0,1.0,8
B,semantic,q035,dev,exact_topic,1,16.42629998968914,0,0.3333333333333333,3,0.0,0.0,0.0,0.7933884297520661,1.0,1.0,1.0,1.0,1.0,1.0,1.0,1.0,1.0,1.0,1.0,1.0,0.6667938107002159,0.6667938107002159,0.5,0.040563191418035535,1,1,1.0,2,1645,,0.0,0.0,0,0.0,0.0,1,0.0,0.0,1,0.0,0.7933884297520661,2,1.0,1.0,3,1.0,1.0,5,1.0,1.0,7
B,semantic,q036,dev,exact_topic,1,18.764199980068952,1,1.0,1,1.0,1.0,1.0,1.0,1.0,1.0,1.0,1.0,1.0,1.0,1.0,1.0,1.0,1.0,1.0,1.0,1.0,1.0,0.25,0.04105676544091396,1,1,0.75,2,1458,,0.0,0.0,0,1.0,1.0,1,1.0,1.0,2,1.0,1.0,2,1.0,1.0,4,1.0,1.0,5,1.0,1.0,8
B,semantic,q037,dev,multi_host,1,18.709000025410205,1,1.0,1,1.0,1.0,1.0,1.0,1.0,1.0,1.0,1.0,1.0,1.0,1.0,1.0,1.0,1.0,1.0,1.0,0.9684282860858294,0.9684282860858294,0.5,0.03753443526170799,1,1,1.0,2,1506,,0.0,0.0,0,1.0,1.0,1,1.0,1.0,2,1.0,1.0,2,1.0,1.0,4,1.0,1.0,6,1.0,1.0,8
B,semantic,q038,dev,confusable,1,17.111699969973415,0,0.3333333333333333,3,0.0,0.0,0.0,0.0,1.0,1.0,1.0,1.0,1.0,1.0,1.0,1.0,1.0,1.0,1.0,1.0,0.5,0.5,0.25,0.04073319755600815,1,1,0.75,2,1515,,0.0,0.0,0,0.0,0.0,1,0.0,0.0,1,0.0,0.0,2,1.0,1.0,4,1.0,1.0,5,1.0,1.0,8
B,semantic,q039,dev,acronym,1,16.707699978724122,1,1.0,1,1.0,1.0,1.0,1.0,1.0,1.0,1.0,1.0,1.0,1.0,1.0,1.0,1.0,1.0,1.0,1.0,1.0,1.0,0.25,0.01648166834846956,1,1,1.0,3,1508,,0.0,0.0,0,1.0,1.0,1,1.0,1.0,2,1.0,1.0,2,1.0,1.0,4,1.0,1.0,5,1.0,1.0,8
B,semantic,q040,dev,acronym,1,16.343099996447563,1,1.0,1,1.0,1.0,1.0,1.0,1.0,1.0,1.0,1.0,1.0,1.0,1.0,1.0,1.0,1.0,1.0,1.0,1.0,1.0,0.25,0.023704707077548254,1,1,1.0,3,1519,,0.0,0.0,0,1.0,1.0,1,1.0,1.0,2,1.0,1.0,2,1.0,1.0,4,1.0,1.0,5,1.0,1.0,8
B,semantic,q041,heldout,no_accent,1,18.961999972816557,0,0.0,,0.0,0.0,0.0,0.5541666666666667,0.0,0.5541666666666667,0.0,0.5541666666666667,1.0,1.0,1.0,1.0,1.0,1.0,1.0,1.0,0.4185021860559552,0.6249425479993128,0.25,0.04673225579761068,0,1,0.5,1,1310,,0.0,0.0,0,0.0,0.0,1,0.0,0.5541666666666667,2,0.0,0.5541666666666667,3,0.0,0.5541666666666667,4,1.0,1.0,6,1.0,1.0,9
B,semantic,q042,heldout,multi_fact,1,19.38359998166561,1,1.0,1,1.0,1.0,1.0,1.0,1.0,1.0,1.0,1.0,1.0,1.0,1.0,1.0,1.0,1.0,1.0,1.0,1.0,1.0,0.25,0.08190271816881259,1,1,0.25,0,1393,,0.0,0.0,0,1.0,1.0,1,1.0,1.0,2,1.0,1.0,2,1.0,1.0,4,1.0,1.0,5,1.0,1.0,8
B,semantic,q043,heldout,qualifier,1,18.74219998717308,0,0.5,2,0.0,0.0,1.0,1.0,1.0,1.0,1.0,1.0,1.0,1.0,1.0,1.0,1.0,1.0,1.0,1.0,0.6309297535714575,0.6309297535714575,0.25,0.047364909939959975,1,1,0.5,1,1349,,0.0,0.0,0,0.0,0.0,1,1.0,1.0,2,1.0,1.0,3,1.0,1.0,4,1.0,1.0,5,1.0,1.0,8
B,semantic,q044,heldout,qualifier,1,19.088100001681596,1,1.0,1,1.0,1.0,1.0,1.0,1.0,1.0,1.0,1.0,1.0,1.0,1.0,1.0,1.0,1.0,1.0,1.0,1.0,1.0,0.25,0.12284927735719202,1,1,0.5,1,1418,,0.0,0.0,0,1.0,1.0,1,1.0,1.0,2,1.0,1.0,2,1.0,1.0,4,1.0,1.0,5,1.0,1.0,8
B,semantic,q045,heldout,qualifier,1,16.664299997501075,1,1.0,1,1.0,1.0,1.0,1.0,1.0,1.0,1.0,1.0,1.0,1.0,1.0,1.0,1.0,1.0,1.0,1.0,1.0,1.0,0.25,0.07754551584625759,1,1,1.0,3,1422,1.0,0.0,0.0,0,1.0,1.0,1,1.0,1.0,2,1.0,1.0,2,1.0,1.0,4,1.0,1.0,5,1.0,1.0,8
B,semantic,q046,heldout,mixed_language,1,16.606300021521747,1,1.0,1,1.0,1.0,1.0,1.0,1.0,1.0,1.0,1.0,1.0,1.0,1.0,1.0,1.0,1.0,1.0,1.0,0.8054409386009826,0.9152841273157654,0.25,0.0684931506849315,1,1,1.0,3,1280,,0.0,0.0,0,1.0,1.0,1,1.0,1.0,2,1.0,1.0,2,1.0,1.0,4,1.0,1.0,6,1.0,1.0,9
B,semantic,q047,heldout,paraphrase,1,16.870199993718415,0,0.5,2,0.0,0.0,1.0,1.0,1.0,1.0,1.0,1.0,1.0,1.0,1.0,1.0,1.0,1.0,1.0,1.0,0.6309297535714575,0.6309297535714575,0.25,0.03914835164835165,1,1,1.0,3,1246,,0.0,0.0,0,0.0,0.0,1,1.0,1.0,2,1.0,1.0,3,1.0,1.0,4,1.0,1.0,6,1.0,1.0,9
B,semantic,q048,heldout,exact_topic,1,15.751600032672286,0,0.3333333333333333,3,0.0,0.0,0.0,0.0,1.0,1.0,1.0,1.0,1.0,1.0,1.0,1.0,1.0,1.0,1.0,1.0,0.5,0.5,0.25,0.03272604588394062,1,1,1.0,3,1419,,0.0,0.0,0,0.0,0.0,1,0.0,0.0,2,0.0,0.0,2,1.0,1.0,4,1.0,1.0,5,1.0,1.0,9
B,semantic,q049,heldout,multi_fact,1,16.618599998764694,1,1.0,1,1.0,1.0,1.0,1.0,1.0,1.0,1.0,1.0,1.0,1.0,1.0,1.0,1.0,1.0,1.0,1.0,1.0,1.0,0.5,0.03948772678762007,1,1,0.75,1,1308,1.0,0.0,0.0,0,1.0,1.0,1,1.0,1.0,2,1.0,1.0,3,1.0,1.0,4,1.0,1.0,6,1.0,1.0,9
B,semantic,q050,heldout,paraphrase,1,16.828500025440007,0,0.0,,0.0,0.0,0.0,0.0,0.0,0.0,0.0,0.7197452229299363,0.0,0.7197452229299363,0.0,0.7197452229299363,0.0,0.7197452229299363,0.0,0.7197452229299363,0.2557420592606754,0.2557420592606754,0.25,0.038804945054945056,1,1,1.0,3,1333,,0.0,0.0,0,0.0,0.0,1,0.0,0.0,2,0.0,0.0,3,0.0,0.7197452229299363,4,0.0,0.7197452229299363,6,0.0,0.7197452229299363,9
B,semantic,q051,heldout,negation,1,13.97010002983734,1,1.0,1,1.0,1.0,1.0,1.0,1.0,1.0,1.0,1.0,1.0,1.0,1.0,1.0,1.0,1.0,1.0,1.0,1.0,1.0,0.25,0.05069582504970179,1,1,1.0,3,1478,,0.0,0.0,0,1.0,1.0,1,1.0,1.0,2,1.0,1.0,2,1.0,1.0,4,1.0,1.0,5,1.0,1.0,8
B,semantic,q052,heldout,paraphrase,1,17.685000027995557,0,0.2,5,0.0,0.0,0.0,0.0,0.0,0.0,0.0,0.0,1.0,1.0,1.0,1.0,1.0,1.0,1.0,1.0,0.0,0.38685280723454163,0.0,0.0,1,1,1.0,4,1508,,0.0,0.0,0,0.0,0.0,1,0.0,0.0,2,0.0,0.0,2,0.0,0.0,4,1.0,1.0,5,1.0,1.0,8
B,semantic,q053,heldout,paraphrase,1,15.802400012034923,0,0.0,,0.0,0.5426621160409556,0.0,0.5426621160409556,0.0,0.5426621160409556,0.0,0.5426621160409556,0.0,0.5426621160409556,0.0,0.5426621160409556,0.0,0.5426621160409556,0.0,0.5426621160409556,0.6528578687482276,0.6528578687482276,0.25,0.052388797364085665,1,1,1.0,3,1463,,0.0,0.0,0,0.0,0.5426621160409556,1,0.0,0.5426621160409556,2,0.0,0.5426621160409556,2,0.0,0.5426621160409556,4,0.0,0.5426621160409556,5,0.0,0.5426621160409556,8
B,semantic,q054,heldout,qualifier,1,16.221500001847744,0,0.2,5,0.0,0.0,0.0,0.45774647887323944,0.0,0.45774647887323944,0.0,0.45774647887323944,1.0,1.0,1.0,1.0,1.0,1.0,1.0,1.0,0.22408795547769633,0.5242517080682422,0.25,0.023985239852398525,1,1,0.75,2,1369,,0.0,0.0,0,0.0,0.0,1,0.0,0.0,1,0.0,0.45774647887323944,3,0.0,0.45774647887323944,4,1.0,1.0,6,1.0,1.0,9
B,semantic,q055,heldout,paraphrase,1,15.537999977823347,1,1.0,1,1.0,1.0,1.0,1.0,1.0,1.0,1.0,1.0,1.0,1.0,1.0,1.0,1.0,1.0,1.0,1.0,1.0,1.0,0.25,0.05298913043478261,1,1,1.0,3,1518,,0.0,0.0,0,1.0,1.0,1,1.0,1.0,2,1.0,1.0,2,1.0,1.0,4,1.0,1.0,5,1.0,1.0,7
B,semantic,q056,heldout,paraphrase,1,16.127599985338748,1,1.0,1,1.0,1.0,1.0,1.0,1.0,1.0,1.0,1.0,1.0,1.0,1.0,1.0,1.0,1.0,1.0,1.0,1.0,1.0,0.25,0.03763440860215054,1,1,1.0,3,1596,,0.0,0.0,0,1.0,1.0,1,1.0,1.0,1,1.0,1.0,2,1.0,1.0,3,1.0,1.0,5,1.0,1.0,7
B,semantic,q057,heldout,paraphrase,1,18.47550005186349,1,1.0,1,1.0,1.0,1.0,1.0,1.0,1.0,1.0,1.0,1.0,1.0,1.0,1.0,1.0,1.0,1.0,1.0,1.0,1.0,0.25,0.05241935483870968,1,1,1.0,3,1242,,0.0,0.0,0,1.0,1.0,1,1.0,1.0,2,1.0,1.0,3,1.0,1.0,4,1.0,1.0,6,1.0,1.0,8
B,semantic,q058,heldout,multi_source,2,17.049300018697977,0,0.5,2,0.0,0.0,0.5,0.5,0.5,0.5,0.5,0.5,1.0,1.0,1.0,1.0,1.0,1.0,1.0,1.0,0.38685280723454163,0.6240505200038379,0.25,0.04365761430044689,1,0,0.5,1,1276,,0.0,0.0,0,0.0,0.0,1,0.5,0.5,2,0.5,0.5,3,0.5,0.5,4,1.0,1.0,6,1.0,1.0,9
B,bm25,q001,dev,exact_topic,1,8.49539996124804,1,1.0,1,1.0,1.0,1.0,1.0,1.0,1.0,1.0,1.0,1.0,1.0,1.0,1.0,1.0,1.0,1.0,1.0,1.0,1.0,0.25,0.10319666435024323,1,1,0.25,0,1279,,0.0,0.0,0,1.0,1.0,1,1.0,1.0,2,1.0,1.0,3,1.0,1.0,4,1.0,1.0,6,1.0,1.0,9
B,bm25,q002,dev,symptom_only,1,8.970699971541762,1,1.0,1,1.0,1.0,1.0,1.0,1.0,1.0,1.0,1.0,1.0,1.0,1.0,1.0,1.0,1.0,1.0,1.0,1.0,1.0,0.25,0.04490806223479491,1,1,0.25,0,1334,,0.0,0.0,0,1.0,1.0,1,1.0,1.0,2,1.0,1.0,3,1.0,1.0,4,1.0,1.0,5,1.0,1.0,8
B,bm25,q003,dev,qualifier,1,10.135899996384978,1,1.0,1,1.0,1.0,1.0,1.0,1.0,1.0,1.0,1.0,1.0,1.0,1.0,1.0,1.0,1.0,1.0,1.0,1.0,1.0,0.25,0.12296501558711465,1,1,0.75,2,1236,1.0,0.0,0.0,0,1.0,1.0,1,1.0,1.0,2,1.0,1.0,3,1.0,1.0,5,1.0,1.0,6,1.0,1.0,9
B,bm25,q004,dev,exact_topic,1,9.42300003953278,1,1.0,1,1.0,1.0,1.0,1.0,1.0,1.0,1.0,1.0,1.0,1.0,1.0,1.0,1.0,1.0,1.0,1.0,1.0,1.0,0.25,0.04767103347889374,1,1,1.0,3,1294,,0.0,0.0,0,1.0,1.0,1,1.0,1.0,2,1.0,1.0,3,1.0,1.0,5,1.0,1.0,6,1.0,1.0,9
B,bm25,q005,dev,mixed_language,1,8.86589998845011,1,1.0,1,1.0,1.0,1.0,1.0,1.0,1.0,1.0,1.0,1.0,1.0,1.0,1.0,1.0,1.0,1.0,1.0,1.0,1.0,0.25,0.11266968325791855,1,1,1.0,3,1097,,0.0,0.0,0,1.0,1.0,1,1.0,1.0,2,1.0,1.0,3,1.0,1.0,5,1.0,1.0,6,1.0,1.0,9
B,bm25,q006,dev,qualifier,1,9.548599948175251,1,1.0,1,1.0,1.0,1.0,1.0,1.0,1.0,1.0,1.0,1.0,1.0,1.0,1.0,1.0,1.0,1.0,1.0,1.0,1.0,0.25,0.09452054794520548,1,1,0.5,1,1440,1.0,0.0,0.0,0,1.0,1.0,1,1.0,1.0,2,1.0,1.0,2,1.0,1.0,4,1.0,1.0,5,1.0,1.0,9
B,bm25,q007,dev,mixed_language,1,8.567299984861165,0,0.3333333333333333,3,0.0,0.0,0.0,0.0,1.0,1.0,1.0,1.0,1.0,1.0,1.0,1.0,1.0,1.0,1.0,1.0,0.5,0.5,0.25,0.048884165781083955,1,1,1.0,3,1335,,0.0,0.0,0,0.0,0.0,1,0.0,0.0,2,0.0,0.0,2,1.0,1.0,4,1.0,1.0,6,1.0,1.0,9
B,bm25,q008,dev,qualifier,1,9.303600003477186,1,1.0,1,1.0,1.0,1.0,1.0,1.0,1.0,1.0,1.0,1.0,1.0,1.0,1.0,1.0,1.0,1.0,1.0,1.0,1.0,0.25,0.08877721943048576,1,1,1.0,3,1311,,0.0,0.0,0,1.0,1.0,1,1.0,1.0,2,1.0,1.0,3,1.0,1.0,4,1.0,1.0,6,1.0,1.0,9
B,bm25,q009,dev,exact_topic,1,7.437399995978922,0,0.25,4,0.0,0.0,0.0,0.0,0.0,0.0,1.0,1.0,1.0,1.0,1.0,1.0,1.0,1.0,1.0,1.0,0.43067655807339306,0.43067655807339306,0.25,0.058319039451114926,1,1,1.0,3,1393,,0.0,0.0,0,0.0,0.0,1,0.0,0.0,2,0.0,0.0,2,1.0,1.0,4,1.0,1.0,5,1.0,1.0,9
B,bm25,q010,dev,mixed_language,1,7.1629000012762845,1,1.0,1,1.0,1.0,1.0,1.0,1.0,1.0,1.0,1.0,1.0,1.0,1.0,1.0,1.0,1.0,1.0,1.0,1.0,1.0,0.25,0.056256392771905896,1,1,0.75,2,1410,,0.0,0.0,0,1.0,1.0,1,1.0,1.0,2,1.0,1.0,2,1.0,1.0,4,1.0,1.0,5,1.0,1.0,8
B,bm25,q011,dev,exact_topic,1,7.452200050465763,0,0.25,4,0.0,0.4372093023255814,0.0,0.4372093023255814,0.0,0.4372093023255814,1.0,1.0,1.0,1.0,1.0,1.0,1.0,1.0,1.0,1.0,0.6802421740655128,0.6802421740655128,0.5,0.07439446366782007,1,1,1.0,2,1362,,0.0,0.0,0,0.0,0.4372093023255814,1,0.0,0.4372093023255814,2,0.0,0.4372093023255814,2,1.0,1.0,4,1.0,1.0,6,1.0,1.0,9
B,bm25,q012,dev,paraphrase,1,7.89979996625334,0,0.25,4,0.0,0.0,0.0,0.0,0.0,0.0,1.0,1.0,1.0,1.0,1.0,1.0,1.0,1.0,1.0,1.0,0.43067655807339306,0.43067655807339306,0.25,0.042531473290234774,1,1,1.0,3,1371,,0.0,0.0,0,0.0,0.0,1,0.0,0.0,2,0.0,0.0,2,1.0,1.0,4,1.0,1.0,5,1.0,1.0,9
B,bm25,q013,dev,no_accent,1,7.355100009590387,0,0.16666666666666666,6,0.0,0.0,0.0,0.0,0.0,0.0,0.0,0.0,0.0,0.0,1.0,1.0,1.0,1.0,1.0,1.0,0.0,0.3562071871080222,0.0,0.0,1,1,1.0,4,1212,,0.0,0.0,0,0.0,0.0,1,0.0,0.0,2,0.0,0.0,2,0.0,0.0,4,1.0,1.0,6,1.0,1.0,9
B,bm25,q014,dev,exact_topic,1,7.776300015393645,0,0.2,5,0.0,0.0,0.0,0.0,0.0,0.0,0.0,0.0,1.0,1.0,1.0,1.0,1.0,1.0,1.0,1.0,0.0,0.38685280723454163,0.0,0.0,1,1,1.0,4,1239,,0.0,0.0,0,0.0,0.0,1,0.0,0.0,2,0.0,0.0,3,0.0,0.0,4,1.0,1.0,6,1.0,1.0,9
B,bm25,q015,dev,paraphrase,1,7.487100025173277,0,0.125,8,0.0,0.0,0.0,0.0,0.0,0.0,0.0,0.0,0.0,0.0,0.0,0.0,1.0,1.0,1.0,1.0,0.0,0.31546487678572877,0.0,0.0,1,1,1.0,4,1181,,0.0,0.0,0,0.0,0.0,1,0.0,0.0,2,0.0,0.0,3,0.0,0.0,5,0.0,0.0,6,1.0,1.0,10
B,bm25,q016,dev,confusable,1,8.687200024724007,1,1.0,1,1.0,1.0,1.0,1.0,1.0,1.0,1.0,1.0,1.0,1.0,1.0,1.0,1.0,1.0,1.0,1.0,1.0,1.0,0.5,0.0717753120665742,1,1,0.75,1,1403,,0.0,0.0,0,1.0,1.0,1,1.0,1.0,2,1.0,1.0,3,1.0,1.0,4,1.0,1.0,6,1.0,1.0,9
B,bm25,q017,dev,confusable,1,8.565600030124187,1,1.0,1,1.0,1.0,1.0,1.0,1.0,1.0,1.0,1.0,1.0,1.0,1.0,1.0,1.0,1.0,1.0,1.0,1.0,1.0,0.5,0.02838577291381669,1,1,1.0,2,1422,,0.0,0.0,0,1.0,1.0,1,1.0,1.0,2,1.0,1.0,2,1.0,1.0,4,1.0,1.0,5,1.0,1.0,8
B,bm25,q018,dev,formula,1,7.979599991813302,1,1.0,1,1.0,1.0,1.0,1.0,1.0,1.0,1.0,1.0,1.0,1.0,1.0,1.0,1.0,1.0,1.0,1.0,1.0,1.0,0.25,0.08722627737226277,1,1,0.75,2,1251,,0.0,0.0,0,1.0,1.0,1,1.0,1.0,2,1.0,1.0,3,1.0,1.0,4,1.0,1.0,6,1.0,1.0,9
B,bm25,q019,dev,qualifier,1,8.313800033647567,1,1.0,1,1.0,1.0,1.0,1.0,1.0,1.0,1.0,1.0,1.0,1.0,1.0,1.0,1.0,1.0,1.0,1.0,1.0,1.0,0.25,0.036039453717754175,1,1,0.75,2,1264,,0.0,0.0,0,1.0,1.0,1,1.0,1.0,2,1.0,1.0,3,1.0,1.0,4,1.0,1.0,6,1.0,1.0,9
B,bm25,q020,dev,qualifier,1,7.8940000385046005,0,0.3333333333333333,3,0.0,0.5135135135135135,0.0,0.5135135135135135,1.0,1.0,1.0,1.0,1.0,1.0,1.0,1.0,1.0,1.0,1.0,1.0,0.7654988200944118,0.7654988200944118,0.5,0.04002884962134872,1,1,0.75,1,1322,,0.0,0.0,0,0.0,0.5135135135135135,1,0.0,0.5135135135135135,2,1.0,1.0,3,1.0,1.0,4,1.0,1.0,6,1.0,1.0,9
B,bm25,q021,dev,negation,1,7.338600000366569,0,0.5,2,0.0,0.0,1.0,1.0,1.0,1.0,1.0,1.0,1.0,1.0,1.0,1.0,1.0,1.0,1.0,1.0,0.6309297535714575,0.6309297535714575,0.25,0.025604551920341393,1,1,0.75,2,1317,,0.0,0.0,0,0.0,0.0,1,1.0,1.0,2,1.0,1.0,3,1.0,1.0,4,1.0,1.0,6,1.0,1.0,9
B,bm25,q022,dev,exact_topic,1,7.326700026169419,1,1.0,1,1.0,1.0,1.0,1.0,1.0,1.0,1.0,1.0,1.0,1.0,1.0,1.0,1.0,1.0,1.0,1.0,1.0,1.0,0.25,0.05918889294848374,1,1,0.5,1,1301,,0.0,0.0,0,1.0,1.0,1,1.0,1.0,2,1.0,1.0,3,1.0,1.0,4,1.0,1.0,6,1.0,1.0,9
B,bm25,q023,dev,negation,1,7.872299989685416,0,0.1,10,0.0,0.0,0.0,0.0,0.0,0.0,0.0,0.0,0.0,0.0,0.0,0.0,0.0,0.0,1.0,1.0,0.0,0.20796784151903433,0.0,0.0,1,1,1.0,4,1286,,0.0,0.0,0,0.0,0.0,1,0.0,0.0,2,0.0,0.0,3,0.0,0.0,4,0.0,0.0,6,0.0,0.0,9
B,bm25,q024,dev,qualifier,1,7.958000001963228,1,1.0,1,1.0,1.0,1.0,1.0,1.0,1.0,1.0,1.0,1.0,1.0,1.0,1.0,1.0,1.0,1.0,1.0,1.0,1.0,0.25,0.046582665139366174,1,1,0.25,0,1218,,0.0,0.0,0,1.0,1.0,1,1.0,1.0,2,1.0,1.0,3,1.0,1.0,4,1.0,1.0,6,1.0,1.0,9
B,bm25,q025,dev,mixed_language,1,8.225099998526275,0,0.5,2,0.0,0.0,1.0,1.0,1.0,1.0,1.0,1.0,1.0,1.0,1.0,1.0,1.0,1.0,1.0,1.0,0.6309297535714575,0.6309297535714575,0.25,0.03389830508474576,1,1,1.0,3,1508,,0.0,0.0,0,0.0,0.0,1,1.0,1.0,2,1.0,1.0,2,1.0,1.0,4,1.0,1.0,5,1.0,1.0,8
B,bm25,q026,dev,exact_topic,1,7.804599998053163,1,1.0,1,1.0,1.0,1.0,1.0,1.0,1.0,1.0,1.0,1.0,1.0,1.0,1.0,1.0,1.0,1.0,1.0,1.0,1.0,0.25,0.0306500505220613,1,1,1.0,3,1521,,0.0,0.0,0,1.0,1.0,1,1.0,1.0,1,1.0,1.0,2,1.0,1.0,4,1.0,1.0,5,1.0,1.0,8
B,bm25,q027,dev,exact_topic,1,7.783300010487437,0,0.5,2,0.0,0.0,1.0,1.0,1.0,1.0,1.0,1.0,1.0,1.0,1.0,1.0,1.0,1.0,1.0,1.0,0.6309297535714575,0.6309297535714575,0.25,0.032290958531611146,1,1,1.0,3,1437,,0.0,0.0,0,0.0,0.0,1,1.0,1.0,2,1.0,1.0,2,1.0,1.0,4,1.0,1.0,5,1.0,1.0,8
B,bm25,q028,dev,acronym,1,8.041299995966256,1,1.0,1,1.0,1.0,1.0,1.0,1.0,1.0,1.0,1.0,1.0,1.0,1.0,1.0,1.0,1.0,1.0,1.0,1.0,1.0,0.25,0.04740941415509651,1,1,1.0,3,1421,,0.0,0.0,0,1.0,1.0,1,1.0,1.0,2,1.0,1.0,2,1.0,1.0,4,1.0,1.0,5,1.0,1.0,8
B,bm25,q029,dev,negation,1,9.411700011696666,1,1.0,1,1.0,1.0,1.0,1.0,1.0,1.0,1.0,1.0,1.0,1.0,1.0,1.0,1.0,1.0,1.0,1.0,0.9332340838802475,0.9332340838802475,0.5,0.0611880303707012,1,1,0.75,1,1141,,0.0,0.0,0,1.0,1.0,1,1.0,1.0,2,1.0,1.0,3,1.0,1.0,5,1.0,1.0,6,1.0,1.0,9
B,bm25,q030,dev,exact_topic,1,9.194299986120313,1,1.0,1,1.0,1.0,1.0,1.0,1.0,1.0,1.0,1.0,1.0,1.0,1.0,1.0,1.0,1.0,1.0,1.0,1.0,1.0,0.25,0.03857350800582242,1,1,1.0,3,1444,,0.0,0.0,0,1.0,1.0,1,1.0,1.0,2,1.0,1.0,2,1.0,1.0,4,1.0,1.0,5,1.0,1.0,8
B,bm25,q031,dev,exact_topic,1,8.219300012569875,0,0.2,5,0.0,0.0,0.0,0.0,0.0,0.0,0.0,0.0,1.0,1.0,1.0,1.0,1.0,1.0,1.0,1.0,0.0,0.38685280723454163,0.0,0.0,1,1,1.0,4,1500,,0.0,0.0,0,0.0,0.0,1,0.0,0.0,2,0.0,0.0,2,0.0,0.0,4,1.0,1.0,5,1.0,1.0,8
B,bm25,q032,dev,confusable,1,8.89989995630458,0,0.2,5,0.0,0.3333333333333333,0.0,0.3333333333333333,0.0,0.3333333333333333,0.0,0.3333333333333333,1.0,1.0,1.0,1.0,1.0,1.0,1.0,1.0,0.27541155237618664,0.595042748920839,0.25,0.0169664065151001,1,1,0.25,0,1530,,0.0,0.0,0,0.0,0.3333333333333333,1,0.0,0.3333333333333333,2,0.0,0.3333333333333333,2,0.0,0.3333333333333333,4,1.0,1.0,5,1.0,1.0,8
B,bm25,q033,dev,symptom_only,1,9.832600015215576,0,0.3333333333333333,3,0.0,0.0,0.0,0.34615384615384615,1.0,1.0,1.0,1.0,1.0,1.0,1.0,1.0,1.0,1.0,1.0,1.0,0.5896253213106512,0.5896253213106512,0.5,0.04487400759406282,1,1,1.0,2,1517,,0.0,0.0,0,0.0,0.0,1,0.0,0.34615384615384615,2,0.0,0.34615384615384615,2,1.0,1.0,4,1.0,1.0,5,1.0,1.0,8
B,bm25,q034,dev,paraphrase,1,9.686200006399304,0,0.5,2,0.0,0.0,1.0,1.0,1.0,1.0,1.0,1.0,1.0,1.0,1.0,1.0,1.0,1.0,1.0,1.0,0.6309297535714575,0.6309297535714575,0.25,0.06758349705304519,1,1,0.75,2,1406,,0.0,0.0,0,0.0,0.0,1,0.0,0.0,1,1.0,1.0,2,1.0,1.0,4,1.0,1.0,5,1.0,1.0,8
B,bm25,q035,dev,exact_topic,1,9.602499951142818,0,0.3333333333333333,3,0.0,0.0,0.0,0.7933884297520661,1.0,1.0,1.0,1.0,1.0,1.0,1.0,1.0,1.0,1.0,1.0,1.0,0.6667938107002159,0.6667938107002159,0.5,0.04049531459170013,1,1,1.0,2,1618,,0.0,0.0,0,0.0,0.0,1,0.0,0.0,1,0.0,0.7933884297520661,2,1.0,1.0,3,1.0,1.0,5,1.0,1.0,8
B,bm25,q036,dev,exact_topic,1,10.944000037852675,1,1.0,1,1.0,1.0,1.0,1.0,1.0,1.0,1.0,1.0,1.0,1.0,1.0,1.0,1.0,1.0,1.0,1.0,1.0,1.0,0.25,0.040507220852412824,1,1,1.0,3,1529,,0.0,0.0,0,1.0,1.0,1,1.0,1.0,2,1.0,1.0,2,1.0,1.0,4,1.0,1.0,5,1.0,1.0,8
B,bm25,q037,dev,multi_host,1,9.915500006172806,0,0.125,8,0.0,0.0,0.0,0.0,0.0,0.0,0.0,0.0,0.0,0.0,0.0,0.0,1.0,1.0,1.0,1.0,0.0,0.3400591311622579,0.0,0.0,1,1,1.0,4,1510,,0.0,0.0,0,0.0,0.0,1,0.0,0.0,2,0.0,0.0,2,0.0,0.0,4,0.0,0.0,5,1.0,1.0,8
B,bm25,q038,dev,confusable,1,10.336700011976063,0,0.3333333333333333,3,0.0,0.0,0.0,0.0,1.0,1.0,1.0,1.0,1.0,1.0,1.0,1.0,1.0,1.0,1.0,1.0,0.5,0.5,0.25,0.04078857919782461,1,1,0.75,2,1581,,0.0,0.0,0,0.0,0.0,1,0.0,0.0,1,0.0,0.0,2,1.0,1.0,3,1.0,1.0,5,1.0,1.0,7
B,bm25,q039,dev,acronym,1,8.39769997401163,1,1.0,1,1.0,1.0,1.0,1.0,1.0,1.0,1.0,1.0,1.0,1.0,1.0,1.0,1.0,1.0,1.0,1.0,1.0,1.0,0.25,0.01800808526277104,1,1,1.0,3,1401,,0.0,0.0,0,1.0,1.0,1,1.0,1.0,2,1.0,1.0,2,1.0,1.0,4,1.0,1.0,5,1.0,1.0,8
B,bm25,q040,dev,acronym,1,7.7467000228352845,1,1.0,1,1.0,1.0,1.0,1.0,1.0,1.0,1.0,1.0,1.0,1.0,1.0,1.0,1.0,1.0,1.0,1.0,1.0,1.0,0.25,0.023915271609156134,1,1,1.0,3,1517,,0.0,0.0,0,1.0,1.0,1,1.0,1.0,2,1.0,1.0,2,1.0,1.0,4,1.0,1.0,5,1.0,1.0,8
B,bm25,q041,heldout,no_accent,1,9.664199955295771,0,0.0,,0.0,0.0,0.0,0.5541666666666667,1.0,1.0,1.0,1.0,1.0,1.0,1.0,1.0,1.0,1.0,1.0,1.0,0.6853224831853963,0.6853224831853963,0.5,0.08553100498930863,1,1,1.0,2,1250,,0.0,0.0,0,0.0,0.0,1,0.0,0.5541666666666667,2,1.0,1.0,3,1.0,1.0,4,1.0,1.0,6,1.0,1.0,9
B,bm25,q042,heldout,multi_fact,1,8.877500018570572,0,0.5,2,0.0,0.0,1.0,1.0,1.0,1.0,1.0,1.0,1.0,1.0,1.0,1.0,1.0,1.0,1.0,1.0,0.6309297535714575,0.6309297535714575,0.25,0.07861311362856162,0,1,0.5,1,1310,,0.0,0.0,0,0.0,0.0,1,1.0,1.0,2,1.0,1.0,3,1.0,1.0,4,1.0,1.0,6,1.0,1.0,9
B,bm25,q043,heldout,qualifier,1,8.09389998903498,1,1.0,1,1.0,1.0,1.0,1.0,1.0,1.0,1.0,1.0,1.0,1.0,1.0,1.0,1.0,1.0,1.0,1.0,1.0,1.0,0.25,0.050497866287339974,1,1,1.0,3,1282,,0.0,0.0,0,1.0,1.0,1,1.0,1.0,2,1.0,1.0,3,1.0,1.0,5,1.0,1.0,6,1.0,1.0,9
B,bm25,q044,heldout,qualifier,1,9.624800004530698,1,1.0,1,1.0,1.0,1.0,1.0,1.0,1.0,1.0,1.0,1.0,1.0,1.0,1.0,1.0,1.0,1.0,1.0,1.0,1.0,0.25,0.1460122699386503,1,1,1.0,3,1228,,0.0,0.0,0,1.0,1.0,1,1.0,1.0,2,1.0,1.0,3,1.0,1.0,4,1.0,1.0,6,1.0,1.0,9
B,bm25,q045,heldout,qualifier,1,9.893100010231137,1,1.0,1,1.0,1.0,1.0,1.0,1.0,1.0,1.0,1.0,1.0,1.0,1.0,1.0,1.0,1.0,1.0,1.0,1.0,1.0,0.25,0.08115737473535639,1,1,1.0,3,1374,1.0,0.0,0.0,0,1.0,1.0,1,1.0,1.0,2,1.0,1.0,3,1.0,1.0,4,1.0,1.0,6,1.0,1.0,9
B,bm25,q046,heldout,mixed_language,1,8.28809995437041,1,1.0,1,1.0,1.0,1.0,1.0,1.0,1.0,1.0,1.0,1.0,1.0,1.0,1.0,1.0,1.0,1.0,1.0,0.8054409386009826,0.9152841273157654,0.25,0.07851054284432481,1,1,1.0,3,1150,,0.0,0.0,0,1.0,1.0,1,1.0,1.0,2,1.0,1.0,3,1.0,1.0,5,1.0,1.0,6,1.0,1.0,9
B,bm25,q047,heldout,paraphrase,1,8.316599996760488,1,1.0,1,1.0,1.0,1.0,1.0,1.0,1.0,1.0,1.0,1.0,1.0,1.0,1.0,1.0,1.0,1.0,1.0,1.0,1.0,0.25,0.0386309725516774,1,1,1.0,3,1229,,0.0,0.0,0,1.0,1.0,1,1.0,1.0,2,1.0,1.0,3,1.0,1.0,4,1.0,1.0,6,1.0,1.0,10
B,bm25,q048,heldout,exact_topic,1,9.390200022608042,0,0.5,2,0.0,0.0,1.0,1.0,1.0,1.0,1.0,1.0,1.0,1.0,1.0,1.0,1.0,1.0,1.0,1.0,0.6309297535714575,0.6309297535714575,0.25,0.03323055841041452,0,1,0.75,2,1403,,0.0,0.0,0,0.0,0.0,1,1.0,1.0,2,1.0,1.0,2,1.0,1.0,4,1.0,1.0,5,1.0,1.0,8
B,bm25,q049,heldout,multi_fact,1,10.00840001506731,1,1.0,1,1.0,1.0,1.0,1.0,1.0,1.0,1.0,1.0,1.0,1.0,1.0,1.0,1.0,1.0,1.0,1.0,1.0,1.0,0.5,0.03814432989690722,1,1,1.0,2,1346,1.0,0.0,0.0,0,1.0,1.0,1,1.0,1.0,2,1.0,1.0,3,1.0,1.0,4,1.0,1.0,6,1.0,1.0,9
B,bm25,q050,heldout,paraphrase,1,8.68530001025647,0,0.0,,0.0,0.0,0.0,0.0,0.0,0.0,0.0,0.7579617834394905,0.0,0.7579617834394905,0.0,0.7579617834394905,1.0,1.0,1.0,1.0,0.26932128364619806,0.4566489561215803,0.25,0.039852645679839246,1,1,1.0,3,1341,,0.0,0.0,0,0.0,0.0,1,0.0,0.0,2,0.0,0.0,3,0.0,0.7579617834394905,4,0.0,0.7579617834394905,6,1.0,1.0,9
B,bm25,q051,heldout,negation,1,8.899200009182096,1,1.0,1,1.0,1.0,1.0,1.0,1.0,1.0,1.0,1.0,1.0,1.0,1.0,1.0,1.0,1.0,1.0,1.0,1.0,1.0,0.25,0.05137676292813969,1,1,0.75,2,1470,,0.0,0.0,0,1.0,1.0,1,1.0,1.0,2,1.0,1.0,2,1.0,1.0,4,1.0,1.0,5,1.0,1.0,8
B,bm25,q052,heldout,paraphrase,1,7.8310000244528055,0,0.0,12,0.0,0.0,0.0,0.0,0.0,0.0,0.0,0.0,0.0,0.0,0.0,0.0,0.0,0.0,0.0,0.0,0.0,0.0,0.0,0.0,1,1,1.0,4,1280,,0.0,0.0,0,0.0,0.0,1,0.0,0.0,2,0.0,0.0,2,0.0,0.0,4,0.0,0.0,6,0.0,0.0,9
B,bm25,q053,heldout,paraphrase,1,8.153799979481846,0,0.0,,0.0,0.5426621160409556,0.0,0.5426621160409556,0.0,0.5426621160409556,0.0,0.5426621160409556,0.0,0.5426621160409556,0.0,0.5426621160409556,1.0,1.0,1.0,1.0,0.6528578687482276,0.8264289343741139,0.25,0.06257378984651712,1,1,0.5,1,1311,,0.0,0.0,0,0.0,0.5426621160409556,1,0.0,0.5426621160409556,2,0.0,0.5426621160409556,3,0.0,0.5426621160409556,4,0.0,0.5426621160409556,5,1.0,1.0,8
B,bm25,q054,heldout,qualifier,1,8.192399982362986,1,1.0,1,1.0,1.0,1.0,1.0,1.0,1.0,1.0,1.0,1.0,1.0,1.0,1.0,1.0,1.0,1.0,1.0,0.7759120445223037,0.9133109453560042,0.25,0.05261207854761023,1,1,0.5,1,1376,,0.0,0.0,0,1.0,1.0,1,1.0,1.0,2,1.0,1.0,2,1.0,1.0,4,1.0,1.0,5,1.0,1.0,8
B,bm25,q055,heldout,paraphrase,1,9.47930000256747,1,1.0,1,1.0,1.0,1.0,1.0,1.0,1.0,1.0,1.0,1.0,1.0,1.0,1.0,1.0,1.0,1.0,1.0,1.0,1.0,0.25,0.05664488017429194,1,1,0.75,2,1393,,0.0,0.0,0,1.0,1.0,1,1.0,1.0,2,1.0,1.0,2,1.0,1.0,4,1.0,1.0,5,1.0,1.0,8
B,bm25,q056,heldout,paraphrase,1,7.884900027420372,1,1.0,1,1.0,1.0,1.0,1.0,1.0,1.0,1.0,1.0,1.0,1.0,1.0,1.0,1.0,1.0,1.0,1.0,1.0,1.0,0.25,0.04142011834319527,1,1,1.0,3,1447,,0.0,0.0,0,1.0,1.0,1,1.0,1.0,2,1.0,1.0,2,1.0,1.0,4,1.0,1.0,5,1.0,1.0,8
B,bm25,q057,heldout,paraphrase,1,8.526899968273938,1,1.0,1,1.0,1.0,1.0,1.0,1.0,1.0,1.0,1.0,1.0,1.0,1.0,1.0,1.0,1.0,1.0,1.0,1.0,1.0,0.25,0.04251453488372093,1,1,0.75,2,1447,,0.0,0.0,0,1.0,1.0,1,1.0,1.0,2,1.0,1.0,2,1.0,1.0,4,1.0,1.0,5,1.0,1.0,9
B,bm25,q058,heldout,multi_source,2,8.459500037133694,0,0.25,4,0.0,0.0,0.0,0.0,0.0,0.0,0.5,0.5,0.5,0.5,0.5,0.5,0.5,0.5,1.0,1.0,0.2640681225725909,0.448643819352159,0.25,0.04611052446321718,1,1,0.75,2,1327,,0.0,0.0,0,0.0,0.0,1,0.0,0.0,2,0.0,0.0,3,0.5,0.5,4,0.5,0.5,5,1.0,1.0,9
C,hybrid,q001,dev,exact_topic,1,39.25640002125874,1,1.0,1,1.0,1.0,1.0,1.0,1.0,1.0,1.0,1.0,1.0,1.0,1.0,1.0,1.0,1.0,1.0,1.0,1.0,1.0,0.25,0.1745005875440658,1,1,0.5,1,760,,1.0,1.0,1,1.0,1.0,2,1.0,1.0,4,1.0,1.0,5,1.0,1.0,7,1.0,1.0,10,1.0,1.0,16
C,hybrid,q002,dev,symptom_only,1,37.965099967550486,1,1.0,1,1.0,1.0,1.0,1.0,1.0,1.0,1.0,1.0,1.0,1.0,1.0,1.0,1.0,1.0,1.0,1.0,1.0,1.0,0.25,0.07228229937393284,1,1,0.5,1,822,,1.0,1.0,1,1.0,1.0,2,1.0,1.0,3,1.0,1.0,5,1.0,1.0,8,1.0,1.0,11,1.0,1.0,17
C,hybrid,q003,dev,qualifier,1,39.114999992307276,1,1.0,1,1.0,1.0,1.0,1.0,1.0,1.0,1.0,1.0,1.0,1.0,1.0,1.0,1.0,1.0,1.0,1.0,1.0,1.0,0.25,0.12710347296813462,1,1,0.75,2,1140,1.0,0.0,0.0,0,1.0,1.0,1,1.0,1.0,2,1.0,1.0,3,1.0,1.0,5,1.0,1.0,7,1.0,1.0,12
C,hybrid,q004,dev,exact_topic,1,39.55379995750263,1,1.0,1,1.0,1.0,1.0,1.0,1.0,1.0,1.0,1.0,1.0,1.0,1.0,1.0,1.0,1.0,1.0,1.0,1.0,1.0,0.25,0.14604236343366778,1,1,1.0,3,484,,1.0,1.0,2,1.0,1.0,4,1.0,1.0,4,1.0,1.0,6,1.0,1.0,8,1.0,1.0,11,1.0,1.0,15
C,hybrid,q005,dev,mixed_language,1,42.125599982682616,1,1.0,1,1.0,1.0,1.0,1.0,1.0,1.0,1.0,1.0,1.0,1.0,1.0,1.0,1.0,1.0,1.0,1.0,1.0,1.0,0.25,0.23965351299326276,1,1,1.0,3,528,,1.0,1.0,2,1.0,1.0,3,1.0,1.0,6,1.0,1.0,8,1.0,1.0,12,1.0,1.0,15,1.0,1.0,20
C,hybrid,q006,dev,qualifier,1,38.14690001308918,1,1.0,1,1.0,1.0,1.0,1.0,1.0,1.0,1.0,1.0,1.0,1.0,1.0,1.0,1.0,1.0,1.0,1.0,1.0,1.0,0.25,0.252516010978957,1,1,0.75,2,559,1.0,1.0,1.0,1,1.0,1.0,3,1.0,1.0,5,1.0,1.0,7,1.0,1.0,8,1.0,1.0,11,1.0,1.0,16
C,hybrid,q007,dev,mixed_language,1,37.67559997504577,1,1.0,1,1.0,1.0,1.0,1.0,1.0,1.0,1.0,1.0,1.0,1.0,1.0,1.0,1.0,1.0,1.0,1.0,1.0,1.0,0.25,0.10631741140215717,1,1,0.5,1,639,,0.0,0.0,0,1.0,1.0,2,1.0,1.0,5,1.0,1.0,6,1.0,1.0,9,1.0,1.0,12,1.0,1.0,18
C,hybrid,q008,dev,qualifier,1,39.02359999483451,1,1.0,1,1.0,1.0,1.0,1.0,1.0,1.0,1.0,1.0,1.0,1.0,1.0,1.0,1.0,1.0,1.0,1.0,1.0,1.0,0.25,0.11397849462365592,1,1,1.0,3,985,,0.0,0.0,0,1.0,1.0,1,1.0,1.0,2,1.0,1.0,4,1.0,1.0,6,1.0,1.0,7,1.0,1.0,14
C,hybrid,q009,dev,exact_topic,1,37.95570001238957,0,0.2,5,0.0,0.0,0.0,0.0,0.0,0.0,0.0,0.0,1.0,1.0,1.0,1.0,1.0,1.0,1.0,1.0,0.0,0.38685280723454163,0.0,0.0,1,1,1.0,4,948,,0.0,0.0,1,0.0,0.0,1,0.0,0.0,3,0.0,0.0,4,1.0,1.0,6,1.0,1.0,8,1.0,1.0,13
C,hybrid,q010,dev,mixed_language,1,35.79310001805425,1,1.0,1,1.0,1.0,1.0,1.0,1.0,1.0,1.0,1.0,1.0,1.0,1.0,1.0,1.0,1.0,1.0,1.0,1.0,1.0,0.25,0.07066381156316917,1,1,1.0,3,960,,1.0,1.0,1,1.0,1.0,1,1.0,1.0,3,1.0,1.0,4,1.0,1.0,6,1.0,1.0,8,1.0,1.0,13
C,hybrid,q011,dev,exact_topic,1,34.68330000760034,1,1.0,1,1.0,1.0,1.0,1.0,1.0,1.0,1.0,1.0,1.0,1.0,1.0,1.0,1.0,1.0,1.0,1.0,1.0,1.0,0.25,0.12543757292882146,1,1,0.75,2,849,,1.0,1.0,1,1.0,1.0,1,1.0,1.0,3,1.0,1.0,5,1.0,1.0,7,1.0,1.0,9,1.0,1.0,15
C,hybrid,q012,dev,paraphrase,1,34.10900000017136,0,0.5,2,0.0,0.0,1.0,1.0,1.0,1.0,1.0,1.0,1.0,1.0,1.0,1.0,1.0,1.0,1.0,1.0,0.6309297535714575,0.6309297535714575,0.25,0.062625250501002,1,1,1.0,3,929,,0.0,0.0,1,1.0,1.0,2,1.0,1.0,2,1.0,1.0,4,1.0,1.0,7,1.0,1.0,10,1.0,1.0,16
C,hybrid,q013,dev,no_accent,1,42.885700007900596,0,0.0,16,0.0,0.0,0.0,0.0,0.0,0.0,0.0,0.0,0.0,0.0,0.0,0.0,0.0,0.0,0.0,0.0,0.0,0.0,0.0,0.0,0,1,0.5,2,701,,0.0,0.0,1,0.0,0.0,2,0.0,0.0,4,0.0,0.0,6,0.0,0.0,10,0.0,0.0,12,1.0,1.0,18
C,hybrid,q014,dev,exact_topic,1,38.086700020357966,0,0.3333333333333333,3,0.0,0.0,0.0,0.0,1.0,1.0,1.0,1.0,1.0,1.0,1.0,1.0,1.0,1.0,1.0,1.0,0.5,0.5,0.25,0.0800711743772242,1,1,1.0,3,956,,0.0,0.0,0,0.0,0.0,1,0.0,0.0,2,1.0,1.0,4,1.0,1.0,6,1.0,1.0,9,1.0,1.0,15
C,hybrid,q015,dev,paraphrase,1,34.4030000269413,0,0.2,5,0.0,0.0,0.0,0.0,0.0,0.0,0.0,0.0,1.0,1.0,1.0,1.0,1.0,1.0,1.0,1.0,0.0,0.38685280723454163,0.0,0.0,1,1,1.0,4,990,,0.0,0.0,1,0.0,0.0,2,0.0,0.0,2,0.0,0.0,4,1.0,1.0,7,1.0,1.0,9,1.0,1.0,15
C,hybrid,q016,dev,confusable,1,33.92869996605441,1,1.0,1,1.0,1.0,1.0,1.0,1.0,1.0,1.0,1.0,1.0,1.0,1.0,1.0,1.0,1.0,1.0,1.0,1.0,1.0,0.25,0.12754158964879853,1,1,0.75,2,817,,0.0,0.0,0,1.0,1.0,2,1.0,1.0,3,1.0,1.0,5,1.0,1.0,7,1.0,1.0,10,1.0,1.0,16
C,hybrid,q017,dev,confusable,1,34.21010001329705,1,1.0,1,1.0,1.0,1.0,1.0,1.0,1.0,1.0,1.0,1.0,1.0,1.0,1.0,1.0,1.0,1.0,1.0,1.0,1.0,0.25,0.03998073217726397,1,1,1.0,3,1007,,1.0,1.0,1,1.0,1.0,1,1.0,1.0,2,1.0,1.0,4,1.0,1.0,5,1.0,1.0,8,1.0,1.0,12
C,hybrid,q018,dev,formula,1,33.93440000945702,1,1.0,1,1.0,1.0,1.0,1.0,1.0,1.0,1.0,1.0,1.0,1.0,1.0,1.0,1.0,1.0,1.0,1.0,1.0,1.0,0.25,0.09863805200165085,1,1,1.0,3,998,,1.0,1.0,1,1.0,1.0,2,1.0,1.0,3,1.0,1.0,4,1.0,1.0,5,1.0,1.0,8,1.0,1.0,13
C,hybrid,q019,dev,qualifier,1,37.31569997034967,1,1.0,1,1.0,1.0,1.0,1.0,1.0,1.0,1.0,1.0,1.0,1.0,1.0,1.0,1.0,1.0,1.0,1.0,1.0,1.0,0.25,0.028981086028065893,1,1,1.0,3,1306,,0.0,0.0,0,1.0,1.0,1,1.0,1.0,2,1.0,1.0,2,1.0,1.0,5,1.0,1.0,8,1.0,1.0,14
C,hybrid,q020,dev,qualifier,1,34.95569998631254,1,1.0,1,1.0,1.0,1.0,1.0,1.0,1.0,1.0,1.0,1.0,1.0,1.0,1.0,1.0,1.0,1.0,1.0,1.0,1.0,0.25,0.045361667347772784,1,1,0.75,2,1053,,0.0,0.0,0,1.0,1.0,2,1.0,1.0,2,1.0,1.0,3,1.0,1.0,7,1.0,1.0,9,1.0,1.0,13
C,hybrid,q021,dev,negation,1,33.26789999846369,1,1.0,1,1.0,1.0,1.0,1.0,1.0,1.0,1.0,1.0,1.0,1.0,1.0,1.0,1.0,1.0,1.0,1.0,1.0,1.0,0.25,0.03995560488346282,1,1,0.5,1,881,,0.0,0.0,0,1.0,1.0,1,1.0,1.0,3,1.0,1.0,5,1.0,1.0,8,1.0,1.0,10,1.0,1.0,16
C,hybrid,q022,dev,exact_topic,1,33.12890004599467,1,1.0,1,1.0,1.0,1.0,1.0,1.0,1.0,1.0,1.0,1.0,1.0,1.0,1.0,1.0,1.0,1.0,1.0,1.0,1.0,0.25,0.10424710424710425,1,1,0.5,1,714,,1.0,1.0,1,1.0,1.0,2,1.0,1.0,4,1.0,1.0,5,1.0,1.0,7,1.0,1.0,10,1.0,1.0,16
C,hybrid,q023,dev,negation,1,34.78650003671646,1,1.0,1,1.0,1.0,1.0,1.0,1.0,1.0,1.0,1.0,1.0,1.0,1.0,1.0,1.0,1.0,1.0,1.0,1.0,1.0,0.25,0.06639004149377593,1,1,0.75,2,960,,1.0,1.0,1,1.0,1.0,1,1.0,1.0,3,1.0,1.0,4,1.0,1.0,6,1.0,1.0,9,1.0,1.0,14
C,hybrid,q024,dev,qualifier,1,34.08379998290911,1,1.0,1,1.0,1.0,1.0,1.0,1.0,1.0,1.0,1.0,1.0,1.0,1.0,1.0,1.0,1.0,1.0,1.0,1.0,1.0,0.25,0.054078014184397165,1,1,0.5,1,946,,1.0,1.0,1,1.0,1.0,2,1.0,1.0,3,1.0,1.0,4,1.0,1.0,7,1.0,1.0,9,1.0,1.0,14
C,hybrid,q025,dev,mixed_language,1,31.855100009124726,1,1.0,1,1.0,1.0,1.0,1.0,1.0,1.0,1.0,1.0,1.0,1.0,1.0,1.0,1.0,1.0,1.0,1.0,1.0,1.0,0.25,0.06561679790026247,1,1,1.0,3,750,,1.0,1.0,1,1.0,1.0,3,1.0,1.0,4,1.0,1.0,4,1.0,1.0,6,1.0,1.0,11,1.0,1.0,18
C,hybrid,q026,dev,exact_topic,1,32.79980004299432,0,0.2,5,0.0,0.0,0.0,0.0,0.0,0.0,0.0,0.0,1.0,1.0,1.0,1.0,1.0,1.0,1.0,1.0,0.0,0.38685280723454163,0.0,0.0,1,1,1.0,4,1029,,0.0,0.0,1,0.0,0.0,1,0.0,0.0,2,0.0,0.0,3,1.0,1.0,7,1.0,1.0,10,1.0,1.0,16
C,hybrid,q027,dev,exact_topic,1,36.37010004604235,0,0.5,2,0.0,0.0,1.0,1.0,1.0,1.0,1.0,1.0,1.0,1.0,1.0,1.0,1.0,1.0,1.0,1.0,0.6309297535714575,0.6309297535714575,0.25,0.12751677852348994,1,1,1.0,3,504,,1.0,1.0,2,1.0,1.0,4,1.0,1.0,4,1.0,1.0,5,1.0,1.0,7,1.0,1.0,9,1.0,1.0,15
C,hybrid,q028,dev,acronym,1,34.52440002001822,1,1.0,1,1.0,1.0,1.0,1.0,1.0,1.0,1.0,1.0,1.0,1.0,1.0,1.0,1.0,1.0,1.0,1.0,1.0,1.0,0.25,0.059726962457337884,1,1,0.5,1,1032,,1.0,1.0,1,1.0,1.0,2,1.0,1.0,2,1.0,1.0,3,1.0,1.0,7,1.0,1.0,10,1.0,1.0,16
C,hybrid,q029,dev,negation,1,34.90700002294034,1,1.0,1,1.0,1.0,1.0,1.0,1.0,1.0,1.0,1.0,1.0,1.0,1.0,1.0,1.0,1.0,1.0,1.0,1.0,1.0,0.25,0.08977719528178243,1,1,0.75,2,752,,1.0,1.0,2,1.0,1.0,3,1.0,1.0,4,1.0,1.0,5,1.0,1.0,8,1.0,1.0,11,1.0,1.0,17
C,hybrid,q030,dev,exact_topic,1,35.34790000412613,1,1.0,1,1.0,1.0,1.0,1.0,1.0,1.0,1.0,1.0,1.0,1.0,1.0,1.0,1.0,1.0,1.0,1.0,1.0,1.0,0.25,0.07898658718330849,1,1,1.0,3,719,,1.0,1.0,1,1.0,1.0,2,1.0,1.0,4,1.0,1.0,6,1.0,1.0,8,1.0,1.0,10,1.0,1.0,17
C,hybrid,q031,dev,exact_topic,1,48.683400033041835,0,0.5,2,0.0,0.0,1.0,1.0,1.0,1.0,1.0,1.0,1.0,1.0,1.0,1.0,1.0,1.0,1.0,1.0,0.6309297535714575,0.6309297535714575,0.25,0.08173418621179815,1,1,1.0,3,733,,0.0,0.0,1,1.0,1.0,3,1.0,1.0,4,1.0,1.0,6,1.0,1.0,9,1.0,1.0,13,1.0,1.0,18
C,hybrid,q032,dev,confusable,1,34.67389999423176,0,0.3333333333333333,3,0.0,0.0,0.0,0.0,1.0,1.0,1.0,1.0,1.0,1.0,1.0,1.0,1.0,1.0,1.0,1.0,0.5,0.5,0.25,0.11700468018720749,1,1,0.75,2,615,,0.0,0.0,1,1.0,1.0,3,1.0,1.0,4,1.0,1.0,6,1.0,1.0,9,1.0,1.0,12,1.0,1.0,19
C,hybrid,q033,dev,symptom_only,1,35.55440000491217,1,1.0,1,1.0,1.0,1.0,1.0,1.0,1.0,1.0,1.0,1.0,1.0,1.0,1.0,1.0,1.0,1.0,1.0,1.0,1.0,0.25,0.10015408320493066,1,1,0.75,2,697,,1.0,1.0,1,1.0,1.0,3,1.0,1.0,4,1.0,1.0,5,1.0,1.0,7,1.0,1.0,8,1.0,1.0,14
C,hybrid,q034,dev,paraphrase,1,34.14389997487888,0,0.3333333333333333,3,0.0,0.0,0.0,0.0,1.0,1.0,1.0,1.0,1.0,1.0,1.0,1.0,1.0,1.0,1.0,1.0,0.5,0.5,0.25,0.16796875,1,1,0.75,2,628,,0.0,0.0,1,1.0,1.0,3,1.0,1.0,5,1.0,1.0,7,1.0,1.0,9,1.0,1.0,11,1.0,1.0,15
C,hybrid,q035,dev,exact_topic,1,33.66750001441687,1,1.0,1,1.0,1.0,1.0,1.0,1.0,1.0,1.0,1.0,1.0,1.0,1.0,1.0,1.0,1.0,1.0,1.0,1.0,1.0,0.25,0.08367911479944674,1,1,1.0,3,799,,1.0,1.0,1,1.0,1.0,2,1.0,1.0,3,1.0,1.0,4,1.0,1.0,7,1.0,1.0,10,1.0,1.0,16
C,hybrid,q036,dev,exact_topic,1,34.068700042553246,1,1.0,1,1.0,1.0,1.0,1.0,1.0,1.0,1.0,1.0,1.0,1.0,1.0,1.0,1.0,1.0,1.0,1.0,1.0,1.0,0.25,0.050284215128989944,1,1,1.0,3,1143,,0.0,0.0,0,1.0,1.0,1,1.0,1.0,2,1.0,1.0,3,1.0,1.0,5,1.0,1.0,7,1.0,1.0,14
C,hybrid,q037,dev,multi_host,1,33.941200003027916,0,0.25,4,0.0,0.0,0.0,0.0,0.0,0.0,1.0,1.0,1.0,1.0,1.0,1.0,1.0,1.0,1.0,1.0,0.43067655807339306,0.43067655807339306,0.25,0.25952380952380955,1,1,1.0,3,344,,0.0,0.0,2,1.0,1.0,5,1.0,1.0,8,1.0,1.0,9,1.0,1.0,14,1.0,1.0,19,1.0,1.0,20
C,hybrid,q038,dev,confusable,1,33.494000032078475,0,0.3333333333333333,3,0.0,0.0,0.0,0.0,1.0,1.0,1.0,1.0,1.0,1.0,1.0,1.0,1.0,1.0,1.0,1.0,0.5,0.5,0.25,0.11183597390493942,1,1,0.75,2,621,,0.0,0.0,1,1.0,1.0,3,1.0,1.0,4,1.0,1.0,6,1.0,1.0,9,1.0,1.0,11,1.0,1.0,17
C,hybrid,q039,dev,acronym,1,32.284900022204965,1,1.0,1,1.0,1.0,1.0,1.0,1.0,1.0,1.0,1.0,1.0,1.0,1.0,1.0,1.0,1.0,1.0,1.0,1.0,1.0,0.25,0.05218317358892439,1,1,1.0,3,556,,1.0,1.0,2,1.0,1.0,3,1.0,1.0,5,1.0,1.0,5,1.0,1.0,8,1.0,1.0,13,1.0,1.0,19
C,hybrid,q040,dev,acronym,1,31.639299995731562,0,0.16666666666666666,6,0.0,0.0,0.0,0.0,0.0,0.0,0.0,0.0,0.0,0.0,1.0,1.0,1.0,1.0,1.0,1.0,0.0,0.3562071871080222,0.0,0.0,1,1,0.75,3,451,,0.0,0.0,2,0.0,0.0,4,1.0,1.0,6,1.0,1.0,6,1.0,1.0,10,1.0,1.0,13,1.0,1.0,19
C,hybrid,q041,heldout,no_accent,1,33.53429998969659,1,1.0,1,1.0,1.0,1.0,1.0,1.0,1.0,1.0,1.0,1.0,1.0,1.0,1.0,1.0,1.0,1.0,1.0,1.0,1.0,0.25,0.11946241911398706,1,1,0.5,1,932,,1.0,1.0,1,1.0,1.0,1,1.0,1.0,2,1.0,1.0,4,1.0,1.0,7,1.0,1.0,10,1.0,1.0,16
C,hybrid,q042,heldout,multi_fact,1,33.77490001730621,1,1.0,1,1.0,1.0,1.0,1.0,1.0,1.0,1.0,1.0,1.0,1.0,1.0,1.0,1.0,1.0,1.0,1.0,1.0,1.0,0.25,0.18160190325138778,1,1,0.25,0,670,,1.0,1.0,1,1.0,1.0,3,1.0,1.0,4,1.0,1.0,5,1.0,1.0,8,1.0,1.0,11,1.0,1.0,16
C,hybrid,q043,heldout,qualifier,1,32.928200031165034,1,1.0,1,1.0,1.0,1.0,1.0,1.0,1.0,1.0,1.0,1.0,1.0,1.0,1.0,1.0,1.0,1.0,1.0,1.0,1.0,0.25,0.07692307692307693,1,1,0.25,0,847,,1.0,1.0,1,1.0,1.0,2,1.0,1.0,3,1.0,1.0,5,1.0,1.0,8,1.0,1.0,11,1.0,1.0,17
C,hybrid,q044,heldout,qualifier,1,32.925100007560104,1,1.0,1,1.0,1.0,1.0,1.0,1.0,1.0,1.0,1.0,1.0,1.0,1.0,1.0,1.0,1.0,1.0,1.0,1.0,1.0,0.25,0.1445929526123937,1,1,0.75,2,981,,0.0,0.0,0,1.0,1.0,2,1.0,1.0,3,1.0,1.0,4,1.0,1.0,6,1.0,1.0,9,1.0,1.0,14
C,hybrid,q045,heldout,qualifier,1,34.01489998213947,1,1.0,1,1.0,1.0,1.0,1.0,1.0,1.0,1.0,1.0,1.0,1.0,1.0,1.0,1.0,1.0,1.0,1.0,1.0,1.0,0.25,0.09547530095475301,1,1,1.0,3,1053,1.0,1.0,1.0,1,1.0,1.0,1,1.0,1.0,2,1.0,1.0,3,1.0,1.0,6,1.0,1.0,9,1.0,1.0,14
C,hybrid,q046,heldout,mixed_language,1,32.26599999470636,1,1.0,1,1.0,1.0,1.0,1.0,1.0,1.0,1.0,1.0,1.0,1.0,1.0,1.0,1.0,1.0,1.0,1.0,1.0,1.0,0.25,0.1366120218579235,1,1,1.0,3,659,,1.0,1.0,1,1.0,1.0,3,1.0,1.0,4,1.0,1.0,5,1.0,1.0,8,1.0,1.0,12,1.0,1.0,17
C,hybrid,q047,heldout,paraphrase,1,31.39369998825714,0,0.3333333333333333,3,0.0,0.0,0.0,0.0,1.0,1.0,1.0,1.0,1.0,1.0,1.0,1.0,1.0,1.0,1.0,1.0,0.5,0.5,0.25,0.06492027334851937,1,1,1.0,3,777,,0.0,0.0,1,0.0,0.0,2,1.0,1.0,3,1.0,1.0,4,1.0,1.0,8,1.0,1.0,10,1.0,1.0,16
C,hybrid,q048,heldout,exact_topic,1,33.42669998528436,0,0.0,11,0.0,0.0,0.0,0.0,0.0,0.0,0.0,0.0,0.0,0.0,0.0,0.0,0.0,0.0,0.0,0.0,0.0,0.0,0.0,0.0,1,1,1.0,4,966,,0.0,0.0,0,0.0,0.0,1,0.0,0.0,2,0.0,0.0,4,0.0,0.0,6,0.0,0.0,7,1.0,1.0,11
C,hybrid,q049,heldout,multi_fact,1,33.616899978369474,1,1.0,1,1.0,1.0,1.0,1.0,1.0,1.0,1.0,1.0,1.0,1.0,1.0,1.0,1.0,1.0,1.0,1.0,1.0,1.0,0.25,0.041126343090033345,1,1,0.75,2,1112,1.0,0.0,0.0,0,1.0,1.0,1,1.0,1.0,2,1.0,1.0,3,1.0,1.0,6,1.0,1.0,8,1.0,1.0,14
C,hybrid,q050,heldout,paraphrase,1,32.41440001875162,1,1.0,1,1.0,1.0,1.0,1.0,1.0,1.0,1.0,1.0,1.0,1.0,1.0,1.0,1.0,1.0,1.0,1.0,1.0,1.0,0.25,0.10044785668586052,1,1,1.0,3,778,,0.0,0.0,0,1.0,1.0,2,1.0,1.0,3,1.0,1.0,5,1.0,1.0,8,1.0,1.0,11,1.0,1.0,16
C,hybrid,q051,heldout,negation,1,33.01000001374632,0,0.3333333333333333,3,0.0,0.0,0.0,0.0,1.0,1.0,1.0,1.0,1.0,1.0,1.0,1.0,1.0,1.0,1.0,1.0,0.5,0.5,0.25,0.09317904993909866,1,1,1.0,3,780,,0.0,0.0,1,0.0,0.0,2,1.0,1.0,3,1.0,1.0,5,1.0,1.0,8,1.0,1.0,11,1.0,1.0,16
C,hybrid,q052,heldout,paraphrase,1,31.94630000507459,0,0.0,,0.0,0.0,0.0,0.0,0.0,0.0,0.0,0.0,0.0,0.0,0.0,0.0,0.0,0.0,0.0,0.0,0.0,0.0,0.0,0.0,1,1,1.0,4,586,,0.0,0.0,1,0.0,0.0,3,0.0,0.0,4,0.0,0.0,5,0.0,0.0,8,0.0,0.0,11,0.0,0.0,17
C,hybrid,q053,heldout,paraphrase,1,33.33870001370087,1,1.0,1,1.0,1.0,1.0,1.0,1.0,1.0,1.0,1.0,1.0,1.0,1.0,1.0,1.0,1.0,1.0,1.0,1.0,1.0,0.25,0.20532585844428872,1,1,1.0,3,759,,1.0,1.0,1,1.0,1.0,1,1.0,1.0,4,1.0,1.0,5,1.0,1.0,8,1.0,1.0,9,1.0,1.0,14
C,hybrid,q054,heldout,qualifier,1,29.664299974683672,1,1.0,1,1.0,1.0,1.0,1.0,1.0,1.0,1.0,1.0,1.0,1.0,1.0,1.0,1.0,1.0,1.0,1.0,1.0,1.0,0.25,0.0997191011235955,1,1,0.75,2,692,,1.0,1.0,1,1.0,1.0,2,1.0,1.0,4,1.0,1.0,5,1.0,1.0,8,1.0,1.0,11,1.0,1.0,16
C,hybrid,q055,heldout,paraphrase,1,34.48849997948855,1,1.0,1,1.0,1.0,1.0,1.0,1.0,1.0,1.0,1.0,1.0,1.0,1.0,1.0,1.0,1.0,1.0,1.0,1.0,1.0,0.25,0.087248322147651,1,1,0.75,2,837,,1.0,1.0,1,1.0,1.0,3,1.0,1.0,3,1.0,1.0,4,1.0,1.0,8,1.0,1.0,10,1.0,1.0,15
C,hybrid,q056,heldout,paraphrase,1,33.33280002698302,1,1.0,1,1.0,1.0,1.0,1.0,1.0,1.0,1.0,1.0,1.0,1.0,1.0,1.0,1.0,1.0,1.0,1.0,1.0,1.0,0.25,0.07320261437908497,1,1,1.0,3,876,,1.0,1.0,1,1.0,1.0,2,1.0,1.0,3,1.0,1.0,4,1.0,1.0,6,1.0,1.0,8,1.0,1.0,14
C,hybrid,q057,heldout,paraphrase,1,34.36829999554902,0,0.5,2,0.0,0.0,1.0,1.0,1.0,1.0,1.0,1.0,1.0,1.0,1.0,1.0,1.0,1.0,1.0,1.0,0.6309297535714575,0.6309297535714575,0.25,0.1128254580520733,1,1,1.0,3,552,,1.0,1.0,2,1.0,1.0,3,1.0,1.0,4,1.0,1.0,5,1.0,1.0,10,1.0,1.0,13,1.0,1.0,19
C,hybrid,q058,heldout,multi_source,2,34.97280000010505,0,0.25,4,0.0,0.0,0.0,0.0,0.0,0.0,0.5,0.5,0.5,0.5,0.5,0.5,0.5,0.5,0.5,0.5,0.2640681225725909,0.2640681225725909,0.25,0.10862354892205639,0,1,0.75,2,625,,0.0,0.0,1,0.0,0.0,3,0.5,0.5,4,0.5,0.5,5,0.5,0.5,7,0.5,0.5,10,0.5,0.5,14
C,semantic,q001,dev,exact_topic,1,22.376100008841604,1,1.0,1,1.0,1.0,1.0,1.0,1.0,1.0,1.0,1.0,1.0,1.0,1.0,1.0,1.0,1.0,1.0,1.0,1.0,1.0,0.25,0.13159060700044306,1,1,0.75,2,956,,1.0,1.0,1,1.0,1.0,1,1.0,1.0,3,1.0,1.0,4,1.0,1.0,8,1.0,1.0,11,1.0,1.0,15
C,semantic,q002,dev,symptom_only,1,21.97659999364987,1,1.0,1,1.0,1.0,1.0,1.0,1.0,1.0,1.0,1.0,1.0,1.0,1.0,1.0,1.0,1.0,1.0,1.0,1.0,1.0,0.25,0.0986024844720497,1,1,0.25,0,649,,1.0,1.0,1,1.0,1.0,2,1.0,1.0,5,1.0,1.0,6,1.0,1.0,9,1.0,1.0,13,1.0,1.0,20
C,semantic,q003,dev,qualifier,1,21.44040004350245,1,1.0,1,1.0,1.0,1.0,1.0,1.0,1.0,1.0,1.0,1.0,1.0,1.0,1.0,1.0,1.0,1.0,1.0,1.0,1.0,0.25,0.11389156239974334,1,1,0.75,2,1231,1.0,0.0,0.0,0,1.0,1.0,1,1.0,1.0,2,1.0,1.0,3,1.0,1.0,5,1.0,1.0,7,1.0,1.0,14
C,semantic,q004,dev,exact_topic,1,21.52339997701347,1,1.0,1,1.0,1.0,1.0,1.0,1.0,1.0,1.0,1.0,1.0,1.0,1.0,1.0,1.0,1.0,1.0,1.0,1.0,1.0,0.25,0.06267942583732057,1,1,0.5,1,911,,1.0,1.0,1,1.0,1.0,2,1.0,1.0,2,1.0,1.0,4,1.0,1.0,8,1.0,1.0,13,1.0,1.0,20
C,semantic,q005,dev,mixed_language,1,22.3338000359945,1,1.0,1,1.0,1.0,1.0,1.0,1.0,1.0,1.0,1.0,1.0,1.0,1.0,1.0,1.0,1.0,1.0,1.0,1.0,1.0,0.25,0.22595281306715065,1,1,1.0,3,532,,1.0,1.0,2,1.0,1.0,3,1.0,1.0,5,1.0,1.0,7,1.0,1.0,10,1.0,1.0,14,1.0,1.0,20
C,semantic,q006,dev,qualifier,1,21.067499998025596,1,1.0,1,1.0,1.0,1.0,1.0,1.0,1.0,1.0,1.0,1.0,1.0,1.0,1.0,1.0,1.0,1.0,1.0,1.0,1.0,0.25,0.13555992141453832,1,1,0.5,1,803,1.0,1.0,1.0,2,1.0,1.0,2,1.0,1.0,3,1.0,1.0,5,1.0,1.0,8,1.0,1.0,11,1.0,1.0,16
C,semantic,q007,dev,mixed_language,1,20.59279999230057,1,1.0,1,1.0,1.0,1.0,1.0,1.0,1.0,1.0,1.0,1.0,1.0,1.0,1.0,1.0,1.0,1.0,1.0,1.0,1.0,0.25,0.08903225806451613,1,1,0.25,0,749,,0.0,0.0,0,1.0,1.0,1,1.0,1.0,4,1.0,1.0,5,1.0,1.0,8,1.0,1.0,11,1.0,1.0,18
C,semantic,q008,dev,qualifier,1,20.907300000544637,1,1.0,1,1.0,1.0,1.0,1.0,1.0,1.0,1.0,1.0,1.0,1.0,1.0,1.0,1.0,1.0,1.0,1.0,1.0,1.0,0.25,0.12649164677804295,1,1,0.5,1,925,,0.0,0.0,0,1.0,1.0,2,1.0,1.0,3,1.0,1.0,4,1.0,1.0,6,1.0,1.0,8,1.0,1.0,14
C,semantic,q009,dev,exact_topic,1,21.130999957676977,0,0.3333333333333333,3,0.0,0.0,0.0,0.0,1.0,1.0,1.0,1.0,1.0,1.0,1.0,1.0,1.0,1.0,1.0,1.0,0.5,0.5,0.25,0.06324404761904762,1,1,1.0,3,1132,,0.0,0.0,1,0.0,0.0,1,0.0,0.0,2,1.0,1.0,3,1.0,1.0,6,1.0,1.0,8,1.0,1.0,13
C,semantic,q010,dev,mixed_language,1,21.9659999711439,1,1.0,1,1.0,1.0,1.0,1.0,1.0,1.0,1.0,1.0,1.0,1.0,1.0,1.0,1.0,1.0,1.0,1.0,1.0,1.0,0.25,0.0673469387755102,1,1,0.75,2,1024,,1.0,1.0,1,1.0,1.0,1,1.0,1.0,2,1.0,1.0,4,1.0,1.0,6,1.0,1.0,8,1.0,1.0,14
C,semantic,q011,dev,exact_topic,1,20.124899980146438,1,1.0,1,1.0,1.0,1.0,1.0,1.0,1.0,1.0,1.0,1.0,1.0,1.0,1.0,1.0,1.0,1.0,1.0,1.0,1.0,0.25,0.10498046875,1,1,1.0,3,923,,1.0,1.0,1,1.0,1.0,2,1.0,1.0,3,1.0,1.0,4,1.0,1.0,7,1.0,1.0,9,1.0,1.0,16
C,semantic,q012,dev,paraphrase,1,18.728199996985495,0,0.5,2,0.0,0.0,1.0,1.0,1.0,1.0,1.0,1.0,1.0,1.0,1.0,1.0,1.0,1.0,1.0,1.0,0.6309297535714575,0.6309297535714575,0.25,0.058823529411764705,1,1,1.0,3,953,,0.0,0.0,1,1.0,1.0,2,1.0,1.0,2,1.0,1.0,4,1.0,1.0,7,1.0,1.0,9,1.0,1.0,15
C,semantic,q013,dev,no_accent,1,18.604899989441037,0,0.0,,0.0,0.0,0.0,0.0,0.0,0.0,0.0,0.0,0.0,0.0,0.0,0.0,0.0,0.0,0.0,0.0,0.0,0.0,0.0,0.0,0,0,0.0,0,544,,0.0,0.0,2,0.0,0.0,3,0.0,0.0,6,0.0,0.0,7,0.0,0.0,10,0.0,0.0,14,0.0,0.0,19
C,semantic,q014,dev,exact_topic,1,19.667600048705935,1,1.0,1,1.0,1.0,1.0,1.0,1.0,1.0,1.0,1.0,1.0,1.0,1.0,1.0,1.0,1.0,1.0,1.0,1.0,1.0,0.25,0.07929515418502203,1,1,1.0,3,958,,1.0,1.0,1,1.0,1.0,1,1.0,1.0,2,1.0,1.0,4,1.0,1.0,6,1.0,1.0,9,1.0,1.0,16
C,semantic,q015,dev,paraphrase,1,17.615600023418665,0,0.25,4,0.0,0.0,0.0,0.0,0.0,0.0,1.0,1.0,1.0,1.0,1.0,1.0,1.0,1.0,1.0,1.0,0.43067655807339306,0.43067655807339306,0.25,0.06790402897238569,1,1,1.0,3,937,,0.0,0.0,0,0.0,0.0,1,0.0,0.0,2,1.0,1.0,4,1.0,1.0,7,1.0,1.0,10,1.0,1.0,16
C,semantic,q016,dev,confusable,1,19.45219998015091,1,1.0,1,1.0,1.0,1.0,1.0,1.0,1.0,1.0,1.0,1.0,1.0,1.0,1.0,1.0,1.0,1.0,1.0,1.0,1.0,0.25,0.1369953673064196,1,1,0.75,2,790,,0.0,0.0,0,1.0,1.0,2,1.0,1.0,3,1.0,1.0,5,1.0,1.0,8,1.0,1.0,10,1.0,1.0,16
C,semantic,q017,dev,confusable,1,19.11699998890981,1,1.0,1,1.0,1.0,1.0,1.0,1.0,1.0,1.0,1.0,1.0,1.0,1.0,1.0,1.0,1.0,1.0,1.0,1.0,1.0,0.25,0.035184400169563375,1,1,1.0,3,1088,,1.0,1.0,1,1.0,1.0,1,1.0,1.0,2,1.0,1.0,3,1.0,1.0,5,1.0,1.0,7,1.0,1.0,12
C,semantic,q018,dev,formula,1,17.94839999638498,1,1.0,1,1.0,1.0,1.0,1.0,1.0,1.0,1.0,1.0,1.0,1.0,1.0,1.0,1.0,1.0,1.0,1.0,1.0,1.0,0.25,0.11069939786938397,1,1,1.0,3,954,,1.0,1.0,1,1.0,1.0,2,1.0,1.0,2,1.0,1.0,4,1.0,1.0,6,1.0,1.0,7,1.0,1.0,12
C,semantic,q019,dev,qualifier,1,17.772199993487448,1,1.0,1,1.0,1.0,1.0,1.0,1.0,1.0,1.0,1.0,1.0,1.0,1.0,1.0,1.0,1.0,1.0,1.0,1.0,1.0,0.25,0.028981086028065893,1,1,1.0,3,1306,,0.0,0.0,0,1.0,1.0,1,1.0,1.0,2,1.0,1.0,2,1.0,1.0,5,1.0,1.0,8,1.0,1.0,12
C,semantic,q020,dev,qualifier,1,16.5378000237979,1,1.0,1,1.0,1.0,1.0,1.0,1.0,1.0,1.0,1.0,1.0,1.0,1.0,1.0,1.0,1.0,1.0,1.0,1.0,1.0,0.25,0.04691462383770076,1,1,0.75,2,1008,,0.0,0.0,0,1.0,1.0,2,1.0,1.0,2,1.0,1.0,4,1.0,1.0,7,1.0,1.0,9,1.0,1.0,15
C,semantic,q021,dev,negation,1,18.070599995553493,0,0.25,4,0.0,0.0,0.0,0.0,0.0,0.0,1.0,1.0,1.0,1.0,1.0,1.0,1.0,1.0,1.0,1.0,0.43067655807339306,0.43067655807339306,0.25,0.03995560488346282,1,1,0.5,1,881,,0.0,0.0,1,0.0,0.0,2,0.0,0.0,3,1.0,1.0,4,1.0,1.0,6,1.0,1.0,10,1.0,1.0,15
C,semantic,q022,dev,exact_topic,1,19.0950000542216,1,1.0,1,1.0,1.0,1.0,1.0,1.0,1.0,1.0,1.0,1.0,1.0,1.0,1.0,1.0,1.0,1.0,1.0,1.0,1.0,0.25,0.10424710424710425,1,1,0.5,1,714,,1.0,1.0,1,1.0,1.0,2,1.0,1.0,4,1.0,1.0,5,1.0,1.0,8,1.0,1.0,10,1.0,1.0,13
C,semantic,q023,dev,negation,1,16.673000005539507,1,1.0,1,1.0,1.0,1.0,1.0,1.0,1.0,1.0,1.0,1.0,1.0,1.0,1.0,1.0,1.0,1.0,1.0,1.0,1.0,0.25,0.0972972972972973,1,1,0.75,2,704,,1.0,1.0,1,1.0,1.0,2,1.0,1.0,4,1.0,1.0,4,1.0,1.0,6,1.0,1.0,9,1.0,1.0,14
C,semantic,q024,dev,qualifier,1,18.264300015289336,1,1.0,1,1.0,1.0,1.0,1.0,1.0,1.0,1.0,1.0,1.0,1.0,1.0,1.0,1.0,1.0,1.0,1.0,1.0,1.0,0.25,0.07113702623906705,1,1,0.75,2,792,,1.0,1.0,1,1.0,1.0,2,1.0,1.0,3,1.0,1.0,4,1.0,1.0,7,1.0,1.0,10,1.0,1.0,17
C,semantic,q025,dev,mixed_language,1,18.24730000225827,1,1.0,1,1.0,1.0,1.0,1.0,1.0,1.0,1.0,1.0,1.0,1.0,1.0,1.0,1.0,1.0,1.0,1.0,1.0,1.0,0.25,0.047505938242280284,1,1,1.0,3,988,,1.0,1.0,1,1.0,1.0,2,1.0,1.0,3,1.0,1.0,4,1.0,1.0,7,1.0,1.0,10,1.0,1.0,17
C,semantic,q026,dev,exact_topic,1,18.200999998953193,0,0.1111111111111111,9,0.0,0.0,0.0,0.0,0.0,0.0,0.0,0.0,0.0,0.0,0.0,0.0,0.0,0.0,1.0,1.0,0.0,0.3010299956639812,0.0,0.0,1,1,1.0,4,1029,,0.0,0.0,1,0.0,0.0,1,0.0,0.0,2,0.0,0.0,3,0.0,0.0,6,1.0,1.0,9,1.0,1.0,15
C,semantic,q027,dev,exact_topic,1,17.65330001944676,0,0.2,5,0.0,0.0,0.0,0.0,0.0,0.0,0.0,0.0,1.0,1.0,1.0,1.0,1.0,1.0,1.0,1.0,0.0,0.38685280723454163,0.0,0.0,1,1,1.0,4,718,,0.0,0.0,2,0.0,0.0,3,0.0,0.0,4,1.0,1.0,6,1.0,1.0,8,1.0,1.0,11,1.0,1.0,16
C,semantic,q028,dev,acronym,1,19.288600014988333,1,1.0,1,1.0,1.0,1.0,1.0,1.0,1.0,1.0,1.0,1.0,1.0,1.0,1.0,1.0,1.0,1.0,1.0,1.0,1.0,0.25,0.05982905982905983,1,1,0.5,1,1034,,1.0,1.0,1,1.0,1.0,2,1.0,1.0,2,1.0,1.0,3,1.0,1.0,7,1.0,1.0,9,1.0,1.0,12
C,semantic,q029,dev,negation,1,19.603999971877784,1,1.0,1,1.0,1.0,1.0,1.0,1.0,1.0,1.0,1.0,1.0,1.0,1.0,1.0,1.0,1.0,1.0,1.0,1.0,1.0,0.25,0.09985422740524781,1,1,1.0,3,732,,1.0,1.0,2,1.0,1.0,2,1.0,1.0,4,1.0,1.0,5,1.0,1.0,7,1.0,1.0,11,1.0,1.0,17
C,semantic,q030,dev,exact_topic,1,18.66529998369515,0,0.2,5,0.0,0.0,0.0,0.0,0.0,0.0,0.0,0.0,1.0,1.0,1.0,1.0,1.0,1.0,1.0,1.0,0.0,0.38685280723454163,0.0,0.0,1,1,0.75,3,918,,0.0,0.0,0,0.0,0.0,1,0.0,0.0,3,0.0,0.0,4,1.0,1.0,8,1.0,1.0,11,1.0,1.0,16
C,semantic,q031,dev,exact_topic,1,17.750500002875924,1,1.0,1,1.0,1.0,1.0,1.0,1.0,1.0,1.0,1.0,1.0,1.0,1.0,1.0,1.0,1.0,1.0,1.0,1.0,1.0,0.25,0.07744107744107744,1,1,1.0,3,734,,1.0,1.0,1,1.0,1.0,2,1.0,1.0,4,1.0,1.0,6,1.0,1.0,10,1.0,1.0,11,1.0,1.0,18
C,semantic,q032,dev,confusable,1,17.47840002644807,0,0.16666666666666666,6,0.0,0.0,0.0,0.0,0.0,0.0,0.0,0.0,0.0,0.0,1.0,1.0,1.0,1.0,1.0,1.0,0.0,0.3562071871080222,0.0,0.0,1,1,1.0,4,571,,0.0,0.0,1,0.0,0.0,3,0.0,0.0,4,0.0,0.0,5,1.0,1.0,8,1.0,1.0,12,1.0,1.0,16
C,semantic,q033,dev,symptom_only,1,16.731300042010844,1,1.0,1,1.0,1.0,1.0,1.0,1.0,1.0,1.0,1.0,1.0,1.0,1.0,1.0,1.0,1.0,1.0,1.0,1.0,1.0,0.25,0.06360078277886497,1,1,0.75,2,977,,1.0,1.0,1,1.0,1.0,1,1.0,1.0,3,1.0,1.0,4,1.0,1.0,5,1.0,1.0,8,1.0,1.0,15
C,semantic,q034,dev,paraphrase,1,19.030200026463717,0,0.2,5,0.0,0.0,0.0,0.0,0.0,0.0,0.0,0.0,1.0,1.0,1.0,1.0,1.0,1.0,1.0,1.0,0.0,0.38685280723454163,0.0,0.0,1,1,1.0,4,923,,0.0,0.0,1,0.0,0.0,2,0.0,0.0,3,0.0,0.0,4,1.0,1.0,6,1.0,1.0,9,1.0,1.0,14
C,semantic,q035,dev,exact_topic,1,16.893899999558926,1,1.0,1,1.0,1.0,1.0,1.0,1.0,1.0,1.0,1.0,1.0,1.0,1.0,1.0,1.0,1.0,1.0,1.0,1.0,1.0,0.25,0.09975267930750206,1,1,1.0,3,719,,1.0,1.0,1,1.0,1.0,2,1.0,1.0,4,1.0,1.0,5,1.0,1.0,7,1.0,1.0,11,1.0,1.0,18
C,semantic,q036,dev,exact_topic,1,18.437999999150634,1,1.0,1,1.0,1.0,1.0,1.0,1.0,1.0,1.0,1.0,1.0,1.0,1.0,1.0,1.0,1.0,1.0,1.0,1.0,1.0,0.25,0.050284215128989944,1,1,1.0,3,1143,,0.0,0.0,0,1.0,1.0,1,1.0,1.0,2,1.0,1.0,3,1.0,1.0,5,1.0,1.0,9,1.0,1.0,14
C,semantic,q037,dev,multi_host,1,19.136699964292347,0,0.25,4,0.0,0.0,0.0,0.0,0.0,0.0,1.0,1.0,1.0,1.0,1.0,1.0,1.0,1.0,1.0,1.0,0.43067655807339306,0.43067655807339306,0.25,0.287598944591029,1,1,1.0,3,336,,0.0,0.0,2,1.0,1.0,6,1.0,1.0,8,1.0,1.0,11,1.0,1.0,14,1.0,1.0,17,1.0,1.0,20
C,semantic,q038,dev,confusable,1,19.63010005420074,0,0.5,2,0.0,0.0,1.0,1.0,1.0,1.0,1.0,1.0,1.0,1.0,1.0,1.0,1.0,1.0,1.0,1.0,0.6309297535714575,0.6309297535714575,0.25,0.10371650821089023,1,1,0.75,2,663,,0.0,0.0,1,1.0,1.0,2,1.0,1.0,4,1.0,1.0,6,1.0,1.0,8,1.0,1.0,12,1.0,1.0,17
C,semantic,q039,dev,acronym,1,18.247100000735372,1,1.0,1,1.0,1.0,1.0,1.0,1.0,1.0,1.0,1.0,1.0,1.0,1.0,1.0,1.0,1.0,1.0,1.0,1.0,1.0,0.25,0.05218317358892439,1,1,1.0,3,556,,1.0,1.0,2,1.0,1.0,3,1.0,1.0,5,1.0,1.0,7,1.0,1.0,11,1.0,1.0,13,1.0,1.0,20
C,semantic,q040,dev,acronym,1,16.883199976291507,0,0.0,19,0.0,0.0,0.0,0.0,0.0,0.0,0.0,0.0,0.0,0.0,0.0,0.0,0.0,0.0,0.0,0.0,0.0,0.0,0.0,0.0,1,1,0.75,3,538,,0.0,0.0,2,0.0,0.0,3,0.0,0.0,6,0.0,0.0,8,0.0,0.0,12,0.0,0.0,16,1.0,1.0,20
C,semantic,q041,heldout,no_accent,1,16.132300021126866,0,0.1111111111111111,9,0.0,0.0,0.0,0.0,0.0,0.0,0.0,0.0,0.0,0.0,0.0,0.0,0.0,0.0,1.0,1.0,0.0,0.3010299956639812,0.0,0.0,0,0,0.0,0,489,,0.0,0.0,2,0.0,0.0,4,0.0,0.0,5,0.0,0.0,6,1.0,1.0,9,1.0,1.0,12,1.0,1.0,18
C,semantic,q042,heldout,multi_fact,1,16.285400022752583,1,1.0,1,1.0,1.0,1.0,1.0,1.0,1.0,1.0,1.0,1.0,1.0,1.0,1.0,1.0,1.0,1.0,1.0,1.0,1.0,0.25,0.1393791844187462,1,1,0.25,0,793,,1.0,1.0,1,1.0,1.0,3,1.0,1.0,3,1.0,1.0,5,1.0,1.0,8,1.0,1.0,10,1.0,1.0,15
C,semantic,q043,heldout,qualifier,1,17.03119999729097,1,1.0,1,1.0,1.0,1.0,1.0,1.0,1.0,1.0,1.0,1.0,1.0,1.0,1.0,1.0,1.0,1.0,1.0,1.0,1.0,0.25,0.07932960893854749,1,1,0.25,0,804,,1.0,1.0,1,1.0,1.0,2,1.0,1.0,3,1.0,1.0,5,1.0,1.0,7,1.0,1.0,11,1.0,1.0,16
C,semantic,q044,heldout,qualifier,1,14.245999976992607,1,1.0,1,1.0,1.0,1.0,1.0,1.0,1.0,1.0,1.0,1.0,1.0,1.0,1.0,1.0,1.0,1.0,1.0,1.0,1.0,0.25,0.16558441558441558,1,1,0.25,0,949,,0.0,0.0,0,1.0,1.0,2,1.0,1.0,3,1.0,1.0,4,1.0,1.0,6,1.0,1.0,8,1.0,1.0,12
C,semantic,q045,heldout,qualifier,1,16.257199982646853,1,1.0,1,1.0,1.0,1.0,1.0,1.0,1.0,1.0,1.0,1.0,1.0,1.0,1.0,1.0,1.0,1.0,1.0,1.0,1.0,0.25,0.09737510584250635,1,1,1.0,3,1027,1.0,1.0,1.0,1,1.0,1.0,1,1.0,1.0,2,1.0,1.0,3,1.0,1.0,6,1.0,1.0,8,1.0,1.0,13
C,semantic,q046,heldout,mixed_language,1,17.83539995085448,1,1.0,1,1.0,1.0,1.0,1.0,1.0,1.0,1.0,1.0,1.0,1.0,1.0,1.0,1.0,1.0,1.0,1.0,1.0,1.0,0.25,0.16055045871559634,1,1,1.0,3,614,,1.0,1.0,1,1.0,1.0,3,1.0,1.0,5,1.0,1.0,6,1.0,1.0,8,1.0,1.0,11,1.0,1.0,17
C,semantic,q047,heldout,paraphrase,1,15.66199999069795,0,0.125,8,0.0,0.0,0.0,0.0,0.0,0.0,0.0,0.0,0.0,0.0,0.0,0.0,1.0,1.0,1.0,1.0,0.0,0.31546487678572877,0.0,0.0,1,1,1.0,4,965,,0.0,0.0,1,0.0,0.0,2,0.0,0.0,2,0.0,0.0,4,0.0,0.0,7,1.0,1.0,10,1.0,1.0,17
C,semantic,q048,heldout,exact_topic,1,18.404900038149208,0,0.0,18,0.0,0.0,0.0,0.0,0.0,0.0,0.0,0.0,0.0,0.0,0.0,0.0,0.0,0.0,0.0,0.0,0.0,0.0,0.0,0.0,1,1,1.0,4,1007,,0.0,0.0,0,0.0,0.0,1,0.0,0.0,2,0.0,0.0,4,0.0,0.0,6,0.0,0.0,8,0.0,0.0,14
C,semantic,q049,heldout,multi_fact,1,15.297400008421391,1,1.0,1,1.0,1.0,1.0,1.0,1.0,1.0,1.0,1.0,1.0,1.0,1.0,1.0,1.0,1.0,1.0,1.0,1.0,1.0,0.25,0.04385618332674832,1,1,0.75,2,1076,1.0,0.0,0.0,0,1.0,1.0,2,1.0,1.0,2,1.0,1.0,3,1.0,1.0,6,1.0,1.0,9,1.0,1.0,14
C,semantic,q050,heldout,paraphrase,1,14.274600020144135,0,0.5,2,0.0,0.0,1.0,1.0,1.0,1.0,1.0,1.0,1.0,1.0,1.0,1.0,1.0,1.0,1.0,1.0,0.6309297535714575,0.6309297535714575,0.25,0.06632868610054922,1,1,1.0,3,1024,,0.0,0.0,0,0.0,0.0,1,1.0,1.0,2,1.0,1.0,4,1.0,1.0,7,1.0,1.0,10,1.0,1.0,15
C,semantic,q051,heldout,negation,1,16.14649995462969,0,0.0,13,0.0,0.0,0.0,0.0,0.0,0.0,0.0,0.0,0.0,0.0,0.0,0.0,0.0,0.0,0.0,0.0,0.0,0.0,0.0,0.0,1,1,1.0,4,664,,0.0,0.0,1,0.0,0.0,3,0.0,0.0,4,0.0,0.0,5,0.0,0.0,9,0.0,0.0,11,1.0,1.0,16
C,semantic,q052,heldout,paraphrase,1,17.075100040528923,0,0.0,,0.0,0.0,0.0,0.0,0.0,0.0,0.0,0.0,0.0,0.0,0.0,0.0,0.0,0.0,0.0,0.0,0.0,0.0,0.0,0.0,1,1,1.0,4,976,,0.0,0.0,1,0.0,0.0,2,0.0,0.0,3,0.0,0.0,4,0.0,0.0,7,0.0,0.0,10,0.0,0.0,17
C,semantic,q053,heldout,paraphrase,1,16.36589999543503,0,0.3333333333333333,3,0.0,0.0,0.0,0.0,1.0,1.0,1.0,1.0,1.0,1.0,1.0,1.0,1.0,1.0,1.0,1.0,0.5,0.5,0.25,0.11544523246650906,1,1,1.0,3,1162,,0.0,0.0,0,0.0,0.0,1,0.0,0.0,2,1.0,1.0,3,1.0,1.0,5,1.0,1.0,6,1.0,1.0,12
C,semantic,q054,heldout,qualifier,1,16.674700018484145,1,1.0,1,1.0,1.0,1.0,1.0,1.0,1.0,1.0,1.0,1.0,1.0,1.0,1.0,1.0,1.0,1.0,1.0,1.0,1.0,0.25,0.11016291698991466,1,1,0.75,2,660,,1.0,1.0,1,1.0,1.0,2,1.0,1.0,4,1.0,1.0,5,1.0,1.0,7,1.0,1.0,11,1.0,1.0,16
C,semantic,q055,heldout,paraphrase,1,15.688999963458627,0,0.3333333333333333,3,0.0,0.0,0.0,0.0,1.0,1.0,1.0,1.0,1.0,1.0,1.0,1.0,1.0,1.0,1.0,1.0,0.5,0.5,0.25,0.06782608695652174,1,1,0.5,1,1052,,0.0,0.0,0,0.0,0.0,1,0.0,0.0,1,1.0,1.0,3,1.0,1.0,6,1.0,1.0,7,1.0,1.0,12
C,semantic,q056,heldout,paraphrase,1,15.916200005449355,0,0.5,2,0.0,0.0,1.0,1.0,1.0,1.0,1.0,1.0,1.0,1.0,1.0,1.0,1.0,1.0,1.0,1.0,0.6309297535714575,0.6309297535714575,0.25,0.08247422680412371,1,1,1.0,3,817,,0.0,0.0,1,1.0,1.0,3,1.0,1.0,3,1.0,1.0,4,1.0,1.0,5,1.0,1.0,8,1.0,1.0,13
C,semantic,q057,heldout,paraphrase,1,16.912300023250282,0,0.3333333333333333,3,0.0,0.0,0.0,0.0,1.0,1.0,1.0,1.0,1.0,1.0,1.0,1.0,1.0,1.0,1.0,1.0,0.5,0.5,0.25,0.0745697896749522,1,1,1.0,3,766,,0.0,0.0,0,0.0,0.0,2,1.0,1.0,4,1.0,1.0,5,1.0,1.0,9,1.0,1.0,12,1.0,1.0,19
C,semantic,q058,heldout,multi_source,2,16.613999963738024,0,0.2,5,0.0,0.0,0.0,0.0,0.0,0.0,0.0,0.0,0.5,0.5,0.5,0.5,1.0,1.0,1.0,1.0,0.0,0.430624116386567,0.0,0.0,1,1,0.75,3,657,,0.0,0.0,1,0.0,0.0,2,0.0,0.0,4,0.5,0.5,7,1.0,1.0,9,1.0,1.0,12,1.0,1.0,16
C,bm25,q001,dev,exact_topic,1,9.607699990738183,0,0.5,2,0.0,0.0,1.0,1.0,1.0,1.0,1.0,1.0,1.0,1.0,1.0,1.0,1.0,1.0,1.0,1.0,0.6309297535714575,0.6309297535714575,0.25,0.16417910447761194,0,1,0.25,0,830,,0.0,0.0,1,1.0,1.0,2,1.0,1.0,3,1.0,1.0,4,1.0,1.0,7,1.0,1.0,11,1.0,1.0,16
C,bm25,q002,dev,symptom_only,1,9.751600038725883,1,1.0,1,1.0,1.0,1.0,1.0,1.0,1.0,1.0,1.0,1.0,1.0,1.0,1.0,1.0,1.0,1.0,1.0,1.0,1.0,0.25,0.0822538860103627,1,1,0.25,0,776,,1.0,1.0,1,1.0,1.0,3,1.0,1.0,3,1.0,1.0,4,1.0,1.0,7,1.0,1.0,10,1.0,1.0,14
C,bm25,q003,dev,qualifier,1,10.810400010086596,1,1.0,1,1.0,1.0,1.0,1.0,1.0,1.0,1.0,1.0,1.0,1.0,1.0,1.0,1.0,1.0,1.0,1.0,1.0,1.0,0.25,0.15549715286903198,1,1,0.5,1,981,1.0,0.0,0.0,0,1.0,1.0,1,1.0,1.0,3,1.0,1.0,4,1.0,1.0,6,1.0,1.0,9,1.0,1.0,14
C,bm25,q004,dev,exact_topic,1,9.77870001224801,1,1.0,1,1.0,1.0,1.0,1.0,1.0,1.0,1.0,1.0,1.0,1.0,1.0,1.0,1.0,1.0,1.0,1.0,1.0,1.0,0.25,0.12265917602996254,1,1,1.0,3,553,,1.0,1.0,2,1.0,1.0,3,1.0,1.0,4,1.0,1.0,5,1.0,1.0,8,1.0,1.0,9,1.0,1.0,14
C,bm25,q005,dev,mixed_language,1,9.98149998486042,1,1.0,1,1.0,1.0,1.0,1.0,1.0,1.0,1.0,1.0,1.0,1.0,1.0,1.0,1.0,1.0,1.0,1.0,1.0,1.0,0.25,0.31086142322097376,1,1,1.0,3,458,,1.0,1.0,2,1.0,1.0,4,1.0,1.0,7,1.0,1.0,9,1.0,1.0,12,1.0,1.0,16,1.0,1.0,20
C,bm25,q006,dev,qualifier,1,12.12829997530207,1,1.0,1,1.0,1.0,1.0,1.0,1.0,1.0,1.0,1.0,1.0,1.0,1.0,1.0,1.0,1.0,1.0,1.0,1.0,1.0,0.25,0.2132921174652241,1,1,0.25,0,682,1.0,1.0,1.0,1,1.0,1.0,2,1.0,1.0,4,1.0,1.0,6,1.0,1.0,8,1.0,1.0,11,1.0,1.0,18
C,bm25,q007,dev,mixed_language,1,9.761099994648248,0,0.25,4,0.0,0.0,0.0,0.0,0.0,0.0,1.0,1.0,1.0,1.0,1.0,1.0,1.0,1.0,1.0,1.0,0.43067655807339306,0.43067655807339306,0.25,0.09484536082474226,1,1,0.5,1,688,,0.0,0.0,2,0.0,0.0,3,1.0,1.0,4,1.0,1.0,5,1.0,1.0,9,1.0,1.0,12,1.0,1.0,16
C,bm25,q008,dev,qualifier,1,10.78020001295954,1,1.0,1,1.0,1.0,1.0,1.0,1.0,1.0,1.0,1.0,1.0,1.0,1.0,1.0,1.0,1.0,1.0,1.0,1.0,1.0,0.25,0.14193893947509373,1,1,0.75,2,805,,0.0,0.0,0,1.0,1.0,2,1.0,1.0,3,1.0,1.0,4,1.0,1.0,7,1.0,1.0,9,1.0,1.0,14
C,bm25,q009,dev,exact_topic,1,9.355999995023012,0,0.1,10,0.0,0.0,0.0,0.0,0.0,0.0,0.0,0.0,0.0,0.0,0.0,0.0,0.0,0.0,1.0,1.0,0.0,0.2890648263178879,0.0,0.0,1,1,0.75,3,686,,0.0,0.0,1,0.0,0.0,3,0.0,0.0,4,0.0,0.0,4,0.0,0.0,7,0.0,0.0,9,1.0,1.0,13
C,bm25,q010,dev,mixed_language,1,9.446100040804595,1,1.0,1,1.0,1.0,1.0,1.0,1.0,1.0,1.0,1.0,1.0,1.0,1.0,1.0,1.0,1.0,1.0,1.0,1.0,1.0,0.25,0.07963320463320463,1,1,0.75,2,913,,1.0,1.0,1,1.0,1.0,2,1.0,1.0,3,1.0,1.0,4,1.0,1.0,7,1.0,1.0,8,1.0,1.0,13
C,bm25,q011,dev,exact_topic,1,10.098900005687028,0,0.5,2,0.0,0.0,1.0,1.0,1.0,1.0,1.0,1.0,1.0,1.0,1.0,1.0,1.0,1.0,1.0,1.0,0.6309297535714575,0.6309297535714575,0.25,0.18174133558748942,1,1,0.75,2,669,,0.0,0.0,1,1.0,1.0,3,1.0,1.0,4,1.0,1.0,4,1.0,1.0,8,1.0,1.0,10,1.0,1.0,15
C,bm25,q012,dev,paraphrase,1,10.902200010605156,0,0.25,4,0.0,0.0,0.0,0.0,0.0,0.0,1.0,1.0,1.0,1.0,1.0,1.0,1.0,1.0,1.0,1.0,0.43067655807339306,0.43067655807339306,0.25,0.0529436679373147,1,1,1.0,3,1036,,0.0,0.0,1,0.0,0.0,2,0.0,0.0,2,0.0,0.0,3,1.0,1.0,7,1.0,1.0,9,1.0,1.0,15
C,bm25,q013,dev,no_accent,1,9.78309998754412,0,0.125,8,0.0,0.0,0.0,0.0,0.0,0.0,0.0,0.0,0.0,0.0,0.0,0.0,1.0,1.0,1.0,1.0,0.0,0.31546487678572877,0.0,0.0,1,1,1.0,4,731,,0.0,0.0,0,0.0,0.0,2,0.0,0.0,4,0.0,0.0,5,1.0,1.0,8,1.0,1.0,11,1.0,1.0,16
C,bm25,q014,dev,exact_topic,1,10.958700033370405,0,0.14285714285714285,7,0.0,0.0,0.0,0.0,0.0,0.0,0.0,0.0,0.0,0.0,0.0,0.0,1.0,1.0,1.0,1.0,0.0,0.3333333333333333,0.0,0.0,1,1,0.75,3,885,,0.0,0.0,0,0.0,0.0,1,0.0,0.0,3,0.0,0.0,4,0.0,0.0,6,1.0,1.0,9,1.0,1.0,14
C,bm25,q015,dev,paraphrase,1,10.241600044537336,0,0.2,5,0.0,0.0,0.0,0.0,0.0,0.0,0.0,0.0,1.0,1.0,1.0,1.0,1.0,1.0,1.0,1.0,0.0,0.38685280723454163,0.0,0.0,1,1,1.0,4,766,,0.0,0.0,1,0.0,0.0,2,0.0,0.0,4,1.0,1.0,5,1.0,1.0,7,1.0,1.0,9,1.0,1.0,14
C,bm25,q016,dev,confusable,1,11.2985999439843,1,1.0,1,1.0,1.0,1.0,1.0,1.0,1.0,1.0,1.0,1.0,1.0,1.0,1.0,1.0,1.0,1.0,1.0,1.0,1.0,0.25,0.1006319883325231,1,1,1.0,3,962,,0.0,0.0,0,1.0,1.0,1,1.0,1.0,3,1.0,1.0,4,1.0,1.0,7,1.0,1.0,11,1.0,1.0,16
C,bm25,q017,dev,confusable,1,11.637300020083785,1,1.0,1,1.0,1.0,1.0,1.0,1.0,1.0,1.0,1.0,1.0,1.0,1.0,1.0,1.0,1.0,1.0,1.0,1.0,1.0,0.25,0.03998073217726397,1,1,1.0,3,1007,,1.0,1.0,1,1.0,1.0,2,1.0,1.0,3,1.0,1.0,4,1.0,1.0,5,1.0,1.0,9,1.0,1.0,15
C,bm25,q018,dev,formula,1,10.153900017030537,1,1.0,1,1.0,1.0,1.0,1.0,1.0,1.0,1.0,1.0,1.0,1.0,1.0,1.0,1.0,1.0,1.0,1.0,1.0,1.0,0.25,0.16258503401360544,1,1,0.5,1,703,,1.0,1.0,1,1.0,1.0,3,1.0,1.0,4,1.0,1.0,4,1.0,1.0,7,1.0,1.0,10,1.0,1.0,15
C,bm25,q019,dev,qualifier,1,10.380599997006357,1,1.0,1,1.0,1.0,1.0,1.0,1.0,1.0,1.0,1.0,1.0,1.0,1.0,1.0,1.0,1.0,1.0,1.0,1.0,1.0,0.25,0.03225806451612903,1,1,0.75,2,1212,,0.0,0.0,0,1.0,1.0,2,1.0,1.0,2,1.0,1.0,3,1.0,1.0,6,1.0,1.0,9,1.0,1.0,14
C,bm25,q020,dev,qualifier,1,9.804100031033158,1,1.0,1,1.0,1.0,1.0,1.0,1.0,1.0,1.0,1.0,1.0,1.0,1.0,1.0,1.0,1.0,1.0,1.0,1.0,1.0,0.25,0.04024655547498187,1,1,0.5,1,1243,,0.0,0.0,0,1.0,1.0,2,1.0,1.0,2,1.0,1.0,3,1.0,1.0,4,1.0,1.0,7,1.0,1.0,13
C,bm25,q021,dev,negation,1,10.03360003232956,1,1.0,1,1.0,1.0,1.0,1.0,1.0,1.0,1.0,1.0,1.0,1.0,1.0,1.0,1.0,1.0,1.0,1.0,1.0,1.0,0.25,0.04205607476635514,1,1,0.75,2,840,,0.0,0.0,0,1.0,1.0,2,1.0,1.0,3,1.0,1.0,4,1.0,1.0,8,1.0,1.0,10,1.0,1.0,16
C,bm25,q022,dev,exact_topic,1,9.338999981991947,1,1.0,1,1.0,1.0,1.0,1.0,1.0,1.0,1.0,1.0,1.0,1.0,1.0,1.0,1.0,1.0,1.0,1.0,1.0,1.0,0.25,0.10678971654581411,1,1,0.5,1,725,,1.0,1.0,1,1.0,1.0,2,1.0,1.0,4,1.0,1.0,4,1.0,1.0,7,1.0,1.0,10,1.0,1.0,17
C,bm25,q023,dev,negation,1,11.256399971898645,0,0.25,4,0.0,0.0,0.0,0.0,0.0,0.0,1.0,1.0,1.0,1.0,1.0,1.0,1.0,1.0,1.0,1.0,0.43067655807339306,0.43067655807339306,0.25,0.07079646017699115,1,1,1.0,3,881,,0.0,0.0,1,0.0,0.0,1,0.0,0.0,3,1.0,1.0,4,1.0,1.0,7,1.0,1.0,10,1.0,1.0,15
C,bm25,q024,dev,qualifier,1,10.746799991466105,1,1.0,1,1.0,1.0,1.0,1.0,1.0,1.0,1.0,1.0,1.0,1.0,1.0,1.0,1.0,1.0,1.0,1.0,1.0,1.0,0.25,0.057929724596391265,1,1,0.25,0,887,,1.0,1.0,1,1.0,1.0,2,1.0,1.0,3,1.0,1.0,4,1.0,1.0,6,1.0,1.0,9,1.0,1.0,14
C,bm25,q025,dev,mixed_language,1,9.871700021903962,1,1.0,1,1.0,1.0,1.0,1.0,1.0,1.0,1.0,1.0,1.0,1.0,1.0,1.0,1.0,1.0,1.0,1.0,1.0,1.0,0.25,0.06662225183211193,1,1,1.0,3,724,,1.0,1.0,1,1.0,1.0,3,1.0,1.0,4,1.0,1.0,5,1.0,1.0,7,1.0,1.0,11,1.0,1.0,19
C,bm25,q026,dev,exact_topic,1,10.70899999467656,1,1.0,1,1.0,1.0,1.0,1.0,1.0,1.0,1.0,1.0,1.0,1.0,1.0,1.0,1.0,1.0,1.0,1.0,1.0,1.0,0.25,0.04802110817941953,1,1,1.0,3,951,,1.0,1.0,1,1.0,1.0,2,1.0,1.0,3,1.0,1.0,4,1.0,1.0,7,1.0,1.0,10,1.0,1.0,16
C,bm25,q027,dev,exact_topic,1,9.964500030037016,0,0.5,2,0.0,0.0,1.0,1.0,1.0,1.0,1.0,1.0,1.0,1.0,1.0,1.0,1.0,1.0,1.0,1.0,0.6309297535714575,0.6309297535714575,0.25,0.08788159111933395,1,1,1.0,3,631,,1.0,1.0,2,1.0,1.0,3,1.0,1.0,4,1.0,1.0,5,1.0,1.0,7,1.0,1.0,9,1.0,1.0,15
C,bm25,q028,dev,acronym,1,11.172000027727336,1,1.0,1,1.0,1.0,1.0,1.0,1.0,1.0,1.0,1.0,1.0,1.0,1.0,1.0,1.0,1.0,1.0,1.0,1.0,1.0,0.25,0.1533406352683461,1,1,1.0,3,589,,1.0,1.0,1,1.0,1.0,3,1.0,1.0,5,1.0,1.0,7,1.0,1.0,8,1.0,1.0,10,1.0,1.0,16
C,bm25,q029,dev,negation,1,11.33269997080788,1,1.0,1,1.0,1.0,1.0,1.0,1.0,1.0,1.0,1.0,1.0,1.0,1.0,1.0,1.0,1.0,1.0,1.0,1.0,1.0,0.25,0.1551528878822197,1,1,0.5,1,519,,1.0,1.0,2,1.0,1.0,3,1.0,1.0,5,1.0,1.0,6,1.0,1.0,9,1.0,1.0,12,1.0,1.0,16
C,bm25,q030,dev,exact_topic,1,10.846599994692951,1,1.0,1,1.0,1.0,1.0,1.0,1.0,1.0,1.0,1.0,1.0,1.0,1.0,1.0,1.0,1.0,1.0,1.0,1.0,1.0,0.25,0.10973084886128365,1,1,1.0,3,585,,1.0,1.0,1,1.0,1.0,3,1.0,1.0,5,1.0,1.0,6,1.0,1.0,10,1.0,1.0,14,1.0,1.0,18
C,bm25,q031,dev,exact_topic,1,9.873899980448186,0,0.0,14,0.0,0.0,0.0,0.0,0.0,0.0,0.0,0.0,0.0,0.0,0.0,0.0,0.0,0.0,0.0,0.0,0.0,0.0,0.0,0.0,1,1,0.25,1,625,,0.0,0.0,1,0.0,0.0,3,0.0,0.0,4,0.0,0.0,6,0.0,0.0,9,0.0,0.0,13,1.0,1.0,19
C,bm25,q032,dev,confusable,1,8.790699997916818,0,0.2,5,0.0,0.0,0.0,0.0,0.0,0.0,0.0,0.0,1.0,1.0,1.0,1.0,1.0,1.0,1.0,1.0,0.0,0.38685280723454163,0.0,0.0,1,1,0.25,1,702,,0.0,0.0,1,0.0,0.0,2,0.0,0.0,4,1.0,1.0,6,1.0,1.0,10,1.0,1.0,13,1.0,1.0,19
C,bm25,q033,dev,symptom_only,1,9.29850002285093,0,0.5,2,0.0,0.0,1.0,1.0,1.0,1.0,1.0,1.0,1.0,1.0,1.0,1.0,1.0,1.0,1.0,1.0,0.6309297535714575,0.6309297535714575,0.25,0.10851419031719532,1,1,0.5,1,667,,0.0,0.0,1,1.0,1.0,3,1.0,1.0,4,1.0,1.0,5,1.0,1.0,8,1.0,1.0,10,1.0,1.0,15
C,bm25,q034,dev,paraphrase,1,9.332200046628714,0,0.3333333333333333,3,0.0,0.0,0.0,0.0,1.0,1.0,1.0,1.0,1.0,1.0,1.0,1.0,1.0,1.0,1.0,1.0,0.5,0.5,0.25,0.17604912998976457,1,1,0.5,1,551,,0.0,0.0,1,1.0,1.0,3,1.0,1.0,5,1.0,1.0,6,1.0,1.0,9,1.0,1.0,12,1.0,1.0,19
C,bm25,q035,dev,exact_topic,1,8.07769998209551,1,1.0,1,1.0,1.0,1.0,1.0,1.0,1.0,1.0,1.0,1.0,1.0,1.0,1.0,1.0,1.0,1.0,1.0,1.0,1.0,0.25,0.0864903502501787,1,1,0.5,1,716,,1.0,1.0,1,1.0,1.0,2,1.0,1.0,4,1.0,1.0,5,1.0,1.0,7,1.0,1.0,9,1.0,1.0,15
C,bm25,q036,dev,exact_topic,1,9.340599994175136,1,1.0,1,1.0,1.0,1.0,1.0,1.0,1.0,1.0,1.0,1.0,1.0,1.0,1.0,1.0,1.0,1.0,1.0,1.0,1.0,0.25,0.049783549783549784,1,1,1.0,3,1169,,0.0,0.0,0,1.0,1.0,1,1.0,1.0,2,1.0,1.0,3,1.0,1.0,6,1.0,1.0,8,1.0,1.0,13
C,bm25,q037,dev,multi_host,1,9.044000005815178,0,0.125,8,0.0,0.0,0.0,0.0,0.0,0.0,0.0,0.0,0.0,0.0,0.0,0.0,1.0,1.0,1.0,1.0,0.0,0.31546487678572877,0.0,0.0,1,1,1.0,4,515,,0.0,0.0,2,0.0,0.0,3,0.0,0.0,6,1.0,1.0,8,1.0,1.0,12,1.0,1.0,17,1.0,1.0,20
C,bm25,q038,dev,confusable,1,11.32550003239885,0,0.25,4,0.0,0.0,0.0,0.0,0.0,0.0,1.0,1.0,1.0,1.0,1.0,1.0,1.0,1.0,1.0,1.0,0.43067655807339306,0.43067655807339306,0.25,0.11183597390493942,1,1,0.75,2,621,,0.0,0.0,1,0.0,0.0,3,1.0,1.0,4,1.0,1.0,6,1.0,1.0,9,1.0,1.0,11,1.0,1.0,16
C,bm25,q039,dev,acronym,1,8.090700022876263,0,0.5,2,0.0,0.0,1.0,1.0,1.0,1.0,1.0,1.0,1.0,1.0,1.0,1.0,1.0,1.0,1.0,1.0,0.6309297535714575,0.6309297535714575,0.25,0.05536723163841808,1,1,0.75,2,568,,1.0,1.0,2,1.0,1.0,3,1.0,1.0,5,1.0,1.0,7,1.0,1.0,10,1.0,1.0,12,1.0,1.0,17
C,bm25,q040,dev,acronym,1,7.750999997369945,1,1.0,1,1.0,1.0,1.0,1.0,1.0,1.0,1.0,1.0,1.0,1.0,1.0,1.0,1.0,1.0,1.0,1.0,1.0,1.0,0.25,0.11925042589437819,1,1,1.0,3,412,,1.0,1.0,2,1.0,1.0,4,1.0,1.0,6,1.0,1.0,7,1.0,1.0,10,1.0,1.0,11,1.0,1.0,17
C,bm25,q041,heldout,no_accent,1,9.508499992080033,1,1.0,1,1.0,1.0,1.0,1.0,1.0,1.0,1.0,1.0,1.0,1.0,1.0,1.0,1.0,1.0,1.0,1.0,1.0,1.0,0.25,0.11044638748274276,1,1,0.75,2,978,,1.0,1.0,1,1.0,1.0,2,1.0,1.0,3,1.0,1.0,4,1.0,1.0,6,1.0,1.0,9,1.0,1.0,15
C,bm25,q042,heldout,multi_fact,1,9.617300005629659,0,0.5,2,0.0,0.0,1.0,1.0,1.0,1.0,1.0,1.0,1.0,1.0,1.0,1.0,1.0,1.0,1.0,1.0,0.6309297535714575,0.6309297535714575,0.25,0.1578221915920055,0,1,0.25,0,749,,0.0,0.0,1,1.0,1.0,2,1.0,1.0,4,1.0,1.0,6,1.0,1.0,9,1.0,1.0,12,1.0,1.0,17
C,bm25,q043,heldout,qualifier,1,8.114899974316359,1,1.0,1,1.0,1.0,1.0,1.0,1.0,1.0,1.0,1.0,1.0,1.0,1.0,1.0,1.0,1.0,1.0,1.0,1.0,1.0,0.25,0.08508088675853805,1,1,0.5,1,774,,1.0,1.0,1,1.0,1.0,3,1.0,1.0,3,1.0,1.0,4,1.0,1.0,8,1.0,1.0,11,1.0,1.0,16
C,bm25,q044,heldout,qualifier,1,13.330299989320338,1,1.0,1,1.0,1.0,1.0,1.0,1.0,1.0,1.0,1.0,1.0,1.0,1.0,1.0,1.0,1.0,1.0,1.0,1.0,1.0,0.25,0.2259493670886076,1,1,0.75,2,730,,0.0,0.0,0,1.0,1.0,2,1.0,1.0,4,1.0,1.0,5,1.0,1.0,8,1.0,1.0,10,1.0,1.0,14
C,bm25,q045,heldout,qualifier,1,11.685300036333501,1,1.0,1,1.0,1.0,1.0,1.0,1.0,1.0,1.0,1.0,1.0,1.0,1.0,1.0,1.0,1.0,1.0,1.0,1.0,1.0,0.25,0.15625,1,1,0.5,1,771,1.0,1.0,1.0,1,1.0,1.0,2,1.0,1.0,3,1.0,1.0,5,1.0,1.0,6,1.0,1.0,9,1.0,1.0,14
C,bm25,q046,heldout,mixed_language,1,9.387600002810359,0,0.3333333333333333,3,0.0,0.0,0.0,0.0,1.0,1.0,1.0,1.0,1.0,1.0,1.0,1.0,1.0,1.0,1.0,1.0,0.5,0.5,0.25,0.1426242868785656,1,1,0.75,2,652,,0.0,0.0,1,1.0,1.0,3,1.0,1.0,4,1.0,1.0,6,1.0,1.0,9,1.0,1.0,12,1.0,1.0,18
C,bm25,q047,heldout,paraphrase,1,8.114999975077808,1,1.0,1,1.0,1.0,1.0,1.0,1.0,1.0,1.0,1.0,1.0,1.0,1.0,1.0,1.0,1.0,1.0,1.0,1.0,1.0,0.25,0.06447963800904978,1,1,0.75,2,799,,1.0,1.0,1,1.0,1.0,2,1.0,1.0,3,1.0,1.0,5,1.0,1.0,8,1.0,1.0,10,1.0,1.0,15
C,bm25,q048,heldout,exact_topic,1,10.109300026670098,0,0.0,11,0.0,0.0,0.0,0.0,0.0,0.0,0.0,0.0,0.0,0.0,0.0,0.0,0.0,0.0,0.0,0.0,0.0,0.0,0.0,0.0,0,1,0.5,2,1022,,0.0,0.0,0,0.0,0.0,1,0.0,0.0,2,0.0,0.0,4,0.0,0.0,6,0.0,0.0,7,1.0,1.0,13
C,bm25,q049,heldout,multi_fact,1,10.818200011271983,1,1.0,1,1.0,1.0,1.0,1.0,1.0,1.0,1.0,1.0,1.0,1.0,1.0,1.0,1.0,1.0,1.0,1.0,1.0,1.0,0.25,0.0338621110433191,1,1,1.0,3,1306,1.0,0.0,0.0,0,1.0,1.0,1,1.0,1.0,2,1.0,1.0,3,1.0,1.0,5,1.0,1.0,8,1.0,1.0,14
C,bm25,q050,heldout,paraphrase,1,11.226399976294488,0,0.25,4,0.0,0.0,0.0,0.0,0.0,0.0,1.0,1.0,1.0,1.0,1.0,1.0,1.0,1.0,1.0,1.0,0.43067655807339306,0.43067655807339306,0.25,0.10044785668586052,1,1,1.0,3,778,,0.0,0.0,1,0.0,0.0,3,0.0,0.0,3,1.0,1.0,5,1.0,1.0,9,1.0,1.0,12,1.0,1.0,18
C,bm25,q051,heldout,negation,1,12.145799992140383,0,0.3333333333333333,3,0.0,0.0,0.0,0.0,1.0,1.0,1.0,1.0,1.0,1.0,1.0,1.0,1.0,1.0,1.0,1.0,0.5,0.5,0.25,0.11538461538461539,1,1,1.0,3,681,,0.0,0.0,1,1.0,1.0,3,1.0,1.0,4,1.0,1.0,5,1.0,1.0,7,1.0,1.0,11,1.0,1.0,16
C,bm25,q052,heldout,paraphrase,1,11.24110003001988,0,0.0,,0.0,0.0,0.0,0.0,0.0,0.0,0.0,0.0,0.0,0.0,0.0,0.0,0.0,0.0,0.0,0.0,0.0,0.0,0.0,0.0,1,1,1.0,4,536,,0.0,0.0,2,0.0,0.0,3,0.0,0.0,5,0.0,0.0,7,0.0,0.0,10,0.0,0.0,12,0.0,0.0,17
C,bm25,q053,heldout,paraphrase,1,10.650699958205223,1,1.0,1,1.0,1.0,1.0,1.0,1.0,1.0,1.0,1.0,1.0,1.0,1.0,1.0,1.0,1.0,1.0,1.0,1.0,1.0,0.25,0.21480938416422288,1,1,0.25,0,690,,1.0,1.0,1,1.0,1.0,3,1.0,1.0,4,1.0,1.0,6,1.0,1.0,8,1.0,1.0,11,1.0,1.0,17
C,bm25,q054,heldout,qualifier,1,10.290200007148087,1,1.0,1,1.0,1.0,1.0,1.0,1.0,1.0,1.0,1.0,1.0,1.0,1.0,1.0,1.0,1.0,1.0,1.0,1.0,1.0,0.25,0.10581222056631892,1,1,0.75,2,667,,1.0,1.0,1,1.0,1.0,3,1.0,1.0,4,1.0,1.0,5,1.0,1.0,8,1.0,1.0,11,1.0,1.0,18
C,bm25,q055,heldout,paraphrase,1,11.8588000186719,1,1.0,1,1.0,1.0,1.0,1.0,1.0,1.0,1.0,1.0,1.0,1.0,1.0,1.0,1.0,1.0,1.0,1.0,1.0,1.0,0.25,0.13448275862068965,1,1,0.5,1,613,,1.0,1.0,1,1.0,1.0,3,1.0,1.0,5,1.0,1.0,6,1.0,1.0,10,1.0,1.0,13,1.0,1.0,18
C,bm25,q056,heldout,paraphrase,1,11.243100045248866,1,1.0,1,1.0,1.0,1.0,1.0,1.0,1.0,1.0,1.0,1.0,1.0,1.0,1.0,1.0,1.0,1.0,1.0,1.0,1.0,0.25,0.07320261437908497,1,1,1.0,3,876,,1.0,1.0,1,1.0,1.0,3,1.0,1.0,3,1.0,1.0,5,1.0,1.0,8,1.0,1.0,10,1.0,1.0,15
C,bm25,q057,heldout,paraphrase,1,12.435499986167997,0,0.25,4,0.0,0.0,0.0,0.0,0.0,0.0,1.0,1.0,1.0,1.0,1.0,1.0,1.0,1.0,1.0,1.0,0.43067655807339306,0.43067655807339306,0.25,0.14181818181818182,0,1,0.75,2,519,,0.0,0.0,1,0.0,0.0,3,1.0,1.0,5,1.0,1.0,6,1.0,1.0,11,1.0,1.0,13,1.0,1.0,20
C,bm25,q058,heldout,multi_source,2,10.909400007221848,0,0.125,8,0.0,0.0,0.0,0.0,0.0,0.0,0.0,0.0,0.0,0.0,0.0,0.0,0.5,0.5,0.5,0.5,0.0,0.19342640361727081,0.0,0.0,1,0,0.25,1,842,,0.0,0.0,0,0.0,0.0,2,0.0,0.0,3,0.0,0.0,5,0.0,0.0,6,0.5,0.5,9,0.5,0.5,13
